{
	"siteAuthor":"Oracle",
	"itemGUID":"S50671A17A3EE05E67D882F44EE870070A1ADD86DDDD",
	"siteShortDescription":"Announce the launch of a new product",
	"numUpdates":"0",
	"siteLongDescription":"This template can be used to announce a new product launch. It consists of seven layouts to describe various aspects of the offering. The home page has a rotating banner image plus text. There are also layouts to provide case studies, details on features, pricing, about us and contact information. Included is a right justified horizontal menu.",
	"siteName":"NewProductLaunch"
}