{
  "pages": [
    {
      "id": 10,
      "parentId": null,
      "name": "Home",
      "pageUrl": "index.html",
      "hideInNavigation": false,
      "linkUrl": "",
	  "linkTarget": "",
      "children": [
		100,
		200,
		400,
		500,
		600
	]
    },
    {
      "id": 100,
      "name": "Features",
      "parentId": 10,
      "pageUrl": "features.html",
      "hideInNavigation": false,
      "linkUrl": "",
	  "linkTarget": "",
      "children": [
      ]
    },
    {
      "id": 200,
      "name": "Pricing",
      "parentId": 10,
      "pageUrl": "pricing.html",
      "hideInNavigation": false,
      "linkUrl": "",
	  "linkTarget": "",
      "children": [
      ]
    },
    {
      "id": 400,
      "name": "About Us",
      "parentId": 10,
      "pageUrl": "about.html",
      "hideInNavigation": false,
      "linkUrl": "",
	  "linkTarget": "",
      "children": [
      ]
    },
    {
      "id": 500,
      "name": "Contact",
      "parentId": 10,
      "pageUrl": "contact.html",
      "hideInNavigation": false,
      "linkUrl": "",
	  "linkTarget": "",
      "children": [
      ]
    },
    {
      "id": 600,
      "name": "Privacy Policy",
      "parentId": 10,
      "pageUrl": "privacy-policy.html",
      "hideInNavigation": false,
      "linkUrl": "",
	  "linkTarget": "",
      "children": [
      ]
    }
  ]
}
