{
    "properties": {
        "title": "",
        "pageLayout": "default.html",
        "pageDescription": "",
        "keywords": "",
        "hideFromSearchEngines": false,
        "header": "",
        "footer": "",
        "noIndex": false,
        "noFollow": false,
        "noArchive": false,
        "noSnippet": false,
        "isCobrowseEnabled": false
    },
    "slots": {
        "content": {
            "components": [],
            "grid": ""
        },
        "footer": {
            "components": ["fe0e4342-bcbc-4d2f-8458-e350abcb75b4"],
            "grid": "<div class=\"scs-row\"><div class=\"scs-col\" style=\"width: 100%;\"><div id=\"fe0e4342-bcbc-4d2f-8458-e350abcb75b4\"></div></div></div>"
        },
        "headline": {
            "components": [],
            "grid": "",
            "styles": ["background-attachment:scroll", "background-color:", "background-position:left top", "background-repeat:no-repeat", "background-size:auto"]
        },
        "navMenu": {
            "components": ["c77dcca2-8856-4abe-a38a-864a4b10f2e6"],
            "grid": "<div class=\"scs-row\"><div class=\"scs-col\" style=\"width: 100%;\"><div id=\"c77dcca2-8856-4abe-a38a-864a4b10f2e6\"></div></div></div>"
        },
        "logocontainer": {
            "components": [],
            "grid": ""
        }
    },
    "componentInstances": {
        "fe0e4342-bcbc-4d2f-8458-e350abcb75b4": {
            "type": "scs-componentgroup",
            "id": "Footer_CafeSupremoLite",
            "data": {
                "components": ["a6d47ec1-76fa-4bf5-a6c1-a0be812de257", "a85ccfdb-b86d-45d8-a35d-595dbd2368ed"],
                "grid": "<div class=\"scs-row\"><div class=\"scs-col\" style=\"width: 50%;\"><div id=\"a6d47ec1-76fa-4bf5-a6c1-a0be812de257\"></div></div><div class=\"scs-col\" style=\"width: 50%;\"><div id=\"a85ccfdb-b86d-45d8-a35d-595dbd2368ed\"></div></div></div>"
            }
        },
        "a6d47ec1-76fa-4bf5-a6c1-a0be812de257": {
            "type": "scs-socialbar",
            "id": "scs-socialbar",
            "data": {
                "alignment": "left",
                "backgroundColor": "",
                "borderColor": "#808080",
                "borderRadius": 0,
                "borderStyle": "none",
                "borderWidth": 1,
                "iconSize": 28,
                "iconSpacing": 10,
                "images": [{
                    "name": "COMP_ICON_FACEBOOK",
                    "class": "scs-facebook-icon",
                    "title": "",
                    "altText": ""
                }, {
                    "name": "COMP_ICON_LINKEDIN",
                    "class": "scs-linkedin-icon",
                    "title": "",
                    "altText": ""
                }, {
                    "name": "COMP_ICON_TWITTER",
                    "class": "scs-twitter-icon",
                    "title": "",
                    "altText": ""
                }, {
                    "name": "COMP_ICON_GOOGLEPLUS",
                    "class": "scs-googleplus-icon",
                    "title": "",
                    "altText": ""
                }, {
                    "name": "COMP_ICON_YOUTUBE",
                    "class": "scs-youtube-icon",
                    "title": "",
                    "altText": ""
                }],
                "layout": "horizontal",
                "marginBottom": 5,
                "marginLeft": 5,
                "marginRight": 5,
                "marginTop": 5,
                "styleClass": "",
                "useStyleClass": "true",
                "visible": true
            }
        },
        "a85ccfdb-b86d-45d8-a35d-595dbd2368ed": {
            "type": "scs-image",
            "id": "scs-image",
            "data": {
                "alignment": "right",
                "altText": "",
                "borderColor": "#808080",
                "borderRadius": 0,
                "borderStyle": "none",
                "borderWidth": 1,
                "caption": "",
                "contentViewing": "",
                "imageHref": "",
                "imageHrefContentViewing": "",
                "imageHrefName": "",
                "imageName": "Cafe-Supremo-Logo.png",
                "imageTarget": "_self",
                "imageUrl": "/_themes/[!--$SCS_THEME_NAME--]/designs/default/Cafe-Supremo-Logo.png",
                "linkType": "scs-link-no-link",
                "marginBottom": 5,
                "marginLeft": 5,
                "marginRight": 5,
                "marginTop": 5,
                "styleClass": "",
                "title": "",
                "useStyleClass": "true",
                "visible": true,
                "width": 300
            }
        },
        "c77dcca2-8856-4abe-a38a-864a4b10f2e6": {
            "type": "scs-component",
            "id": "NavMenu_CafeSupremoLite",
            "data": {
                "actions": "",
                "alignment": "fill",
                "assets": "",
                "borderColor": "#808080",
                "borderRadius": 0,
                "borderStyle": "none",
                "borderWidth": 1,
                "componentId": "navMenu",
                "componentName": "Navigation Menu Component",
                "componentFactory": "",
                "componentLayout": "default",
                "contentId": "",
                "contentLayoutCategory": "",
                "contentPlaceholder": false,
                "contentTypes": [],
                "contentViewing": "",
                "customSettingsData": {
                    "externalSiteEnabled": true,
                    "externalSites": [{
                        "name": "SHOP",
                        "url": "https://www.oracle.com"
                    }]
                },
                "componentConfig": {
                    "id": "NavMenu-component",
                    "settingsData": {
                        "settingsWidth": 350,
                        "settingsRenderOption": "dialog",
                        "componentLayouts": [],
                        "actions": []
                    },
                    "initialData": {
                        "componentId": "navMenu",
                        "componentName": "Navigation Menu Component",
                        "componentLayout": "default",
                        "marginBottom": 0,
                        "marginLeft": 0,
                        "marginRight": 0,
                        "marginTop": 0,
                        "customSettingsData": {
                            "externalSiteEnabled": false
                        },
                        "nestedComponents": []
                    }
                },
                "description": "",
                "detailPageId": "",
                "height": "",
                "initialized": true,
                "isCaaSLayout": false,
                "linkType": "scs-link-action",
                "marginBottom": 0,
                "marginLeft": 0,
                "marginRight": 0,
                "marginTop": 0,
                "nestedComponents": [],
                "styleClass": "",
                "styleClassName": "",
                "seeded": false,
                "useStyleClass": "true",
                "visible": true,
                "visibleNestedComponents": [],
                "width": 0
            }
        }
    }
}