{
    "properties": {
        "title": "",
        "pageLayout": "index.html",
        "pageDescription": "",
        "keywords": "",
        "hideFromSearchEngines": false,
        "header": "",
        "footer": "",
        "noIndex": false,
        "noFollow": false,
        "noArchive": false,
        "noSnippet": false,
        "isCobrowseEnabled": false
    },
    "slots": {
        "content": {
            "components": [],
            "grid": ""
        },
        "footer": {
            "components": ["ba5c5ebb-9a4d-4193-be31-981fd4fa7693"],
            "grid": "<div class=\"scs-row\"><div class=\"scs-col\" style=\"width: 100%;\"><div id=\"ba5c5ebb-9a4d-4193-be31-981fd4fa7693\"></div></div></div>"
        },
        "headline": {
            "components": ["b96b3f29-259a-4135-acfa-f08a9fd9a76b", "b6087f2c-4699-4f23-b92d-fc38c6047c3f"],
            "grid": "<div class=\"scs-row\"><div class=\"scs-col\" style=\"width: 100%;\"><div id=\"b96b3f29-259a-4135-acfa-f08a9fd9a76b\"></div><div id=\"b6087f2c-4699-4f23-b92d-fc38c6047c3f\"></div></div></div>"
        },
        "navMenu": {
            "components": ["ca5770c0-5fcf-42e7-a6b0-3b8a4f5867ce"],
            "grid": "<div class=\"scs-row\"><div class=\"scs-col\" style=\"width: 100%;\"><div id=\"ca5770c0-5fcf-42e7-a6b0-3b8a4f5867ce\"></div></div></div>"
        }
    },
    "componentInstances": {
        "a17b6a4f-a1ba-4546-a3e6-44e1b453533a": {
            "type": "scs-image",
            "id": "scs-image",
            "data": {
                "alignment": "right",
                "altText": "",
                "borderColor": "#808080",
                "borderRadius": 0,
                "borderStyle": "none",
                "borderWidth": 1,
                "caption": "",
                "contentViewing": "",
                "imageHref": "",
                "imageHrefContentViewing": "",
                "imageHrefName": "",
                "imageName": "Cafe-Supremo-Logo.png",
                "imageTarget": "_self",
                "imageUrl": "/_themes/[!--$SCS_THEME_NAME--]/designs/default/Cafe-Supremo-Logo.png",
                "linkType": "scs-link-no-link",
                "marginBottom": 5,
                "marginLeft": 5,
                "marginRight": 5,
                "marginTop": 5,
                "styleClass": "",
                "title": "",
                "useStyleClass": "true",
                "visible": true,
                "width": 300
            }
        },
        "ca5770c0-5fcf-42e7-a6b0-3b8a4f5867ce": {
            "type": "scs-component",
            "id": "NavMenu_CafeSupremoLite",
            "data": {
                "actions": "",
                "alignment": "fill",
                "assets": "",
                "borderColor": "#808080",
                "borderRadius": 0,
                "borderStyle": "none",
                "borderWidth": 1,
                "componentId": "navMenu",
                "componentName": "Navigation Menu Component",
                "componentFactory": "",
                "componentLayout": "default",
                "contentId": "",
                "contentLayoutCategory": "",
                "contentPlaceholder": false,
                "contentTypes": [],
                "contentViewing": "",
                "customSettingsData": {
                    "externalSiteEnabled": true,
                    "externalSites": [{
                        "name": "SHOP",
                        "url": "http://www.oracle.com"
                    }]
                },
                "componentConfig": {
                    "id": "NavMenu-component",
                    "settingsData": {
                        "settingsWidth": 350,
                        "settingsRenderOption": "dialog",
                        "componentLayouts": [],
                        "actions": []
                    },
                    "initialData": {
                        "componentId": "navMenu",
                        "componentName": "Navigation Menu Component",
                        "componentLayout": "default",
                        "marginBottom": 0,
                        "marginLeft": 0,
                        "marginRight": 0,
                        "marginTop": 0,
                        "customSettingsData": {
                            "externalSiteEnabled": false
                        },
                        "nestedComponents": []
                    }
                },
                "description": "",
                "detailPageId": "",
                "height": "",
                "initialized": true,
                "isCaaSLayout": false,
                "linkType": "scs-link-action",
                "marginBottom": 0,
                "marginLeft": 0,
                "marginRight": 0,
                "marginTop": 0,
                "nestedComponents": [],
                "styleClass": "",
                "styleClassName": "",
                "seeded": false,
                "useStyleClass": "true",
                "visible": true,
                "visibleNestedComponents": [],
                "width": 0
            }
        },
        "b96b3f29-259a-4135-acfa-f08a9fd9a76b": {
            "type": "scs-title",
            "id": "scs-title",
            "data": {
                "alignment": "fill",
                "backgroundColor": "",
                "borderColor": "#808080",
                "borderRadius": 0,
                "borderStyle": "none",
                "borderWidth": 1,
                "fontColor": "#333333",
                "fontFamily": "'Helvetica Neue', Helvetica, Arial, sans-serif",
                "fontSize": 24,
                "innerHTML": "<div><!-- ko if: visible --><div class=\"scs-title  scs-component scs-title-style-4\" style=\"margin-top:5px;margin-right:5px;margin-bottom:5px;margin-left:5px;\"><div class=\"scs-component-content\" data-bind=\"scsCompSetupLightbox\" style=\"text-align:left;width:100%;\"><div class=\"scs-title-text\" style=\"\"><div><span style=\"color:#ffffff\">Click here to add headline</span></div></div></div></div><!-- /ko --></div>",
                "marginBottom": 5,
                "marginLeft": 5,
                "marginRight": 5,
                "marginTop": 5,
                "placeholderText": "",
                "styleClass": "scs-title-style-4",
                "styleClassName": "",
                "toolbarGroups": "",
                "useStyleClass": "true",
                "userText": "<div><span style=\"color:#ffffff\">Click here to add headline</span></div>",
                "visible": true,
                "width": 400
            }
        },
        "b6087f2c-4699-4f23-b92d-fc38c6047c3f": {
            "type": "scs-paragraph",
            "id": "scs-paragraph",
            "data": {
                "alignment": "fill",
                "backgroundColor": "",
                "borderColor": "#808080",
                "borderRadius": 0,
                "borderStyle": "none",
                "borderWidth": 1,
                "fontColor": "#333333",
                "fontFamily": "'Helvetica Neue', Helvetica, Arial, sans-serif",
                "fontSize": 16,
                "innerHTML": "<div><!-- ko if: visible --><div class=\"scs-paragraph  scs-component scs-paragraph-style-7\" style=\"margin-top:5px;margin-right:5px;margin-bottom:5px;margin-left:5px;\"><div class=\"scs-component-content\" data-bind=\"scsCompSetupLightbox\" style=\"text-align:left;width:100%;\"><div class=\"scs-paragraph-text\" style=\"\"><div><span style=\"color:#ffffff\">Click to add description here. Lorem ipsum dolor sit amet, consectetur adipiscing elit.</span></div></div></div></div><!-- /ko --></div>",
                "marginBottom": 5,
                "marginLeft": 5,
                "marginRight": 5,
                "marginTop": 5,
                "placeholderText": "",
                "styleClass": "scs-paragraph-style-7",
                "styleClassName": "",
                "toolbarGroups": "",
                "useStyleClass": "true",
                "userText": "<div><span style=\"color:#ffffff\">Click to add description here. Lorem ipsum dolor sit amet, consectetur adipiscing elit.</span></div>",
                "visible": true,
                "width": 400
            }
        },
        "ba5c5ebb-9a4d-4193-be31-981fd4fa7693": {
            "type": "scs-componentgroup",
            "id": "Footer_CafeSupremoLite",
            "data": {
                "components": ["ba5826f3-3ab9-4431-b652-8a93fd281ae5", "a17b6a4f-a1ba-4546-a3e6-44e1b453533a"],
                "grid": "<div class=\"scs-row\"><div class=\"scs-col\" style=\"width: 50%;\"><div id=\"ba5826f3-3ab9-4431-b652-8a93fd281ae5\"></div></div><div class=\"scs-col\" style=\"width: 50%;\"><div id=\"a17b6a4f-a1ba-4546-a3e6-44e1b453533a\"></div></div></div>"
            }
        },
        "ba5826f3-3ab9-4431-b652-8a93fd281ae5": {
            "type": "scs-socialbar",
            "id": "scs-socialbar",
            "data": {
                "alignment": "left",
                "backgroundColor": "",
                "borderColor": "#808080",
                "borderRadius": 0,
                "borderStyle": "none",
                "borderWidth": 1,
                "iconSize": 28,
                "iconSpacing": 10,
                "images": [{
                    "name": "COMP_ICON_FACEBOOK",
                    "class": "scs-facebook-icon",
                    "title": "",
                    "altText": ""
                }, {
                    "name": "COMP_ICON_LINKEDIN",
                    "class": "scs-linkedin-icon",
                    "title": "",
                    "altText": ""
                }, {
                    "name": "COMP_ICON_TWITTER",
                    "class": "scs-twitter-icon",
                    "title": "",
                    "altText": ""
                }, {
                    "name": "COMP_ICON_GOOGLEPLUS",
                    "class": "scs-googleplus-icon",
                    "title": "",
                    "altText": ""
                }, {
                    "name": "COMP_ICON_YOUTUBE",
                    "class": "scs-youtube-icon",
                    "title": "",
                    "altText": ""
                }],
                "layout": "horizontal",
                "marginBottom": 5,
                "marginLeft": 5,
                "marginRight": 5,
                "marginTop": 5,
                "styleClass": "",
                "useStyleClass": "true",
                "visible": true
            }
        }
    }
}