{
	"id": "Document-Search",
	"settingsData": {
		"settingsHeight": 180,
		"settingsWidth": 300,
		"settingsRenderOption": "dialog",
		"componentLayouts": [],
		"styles": [{
			"name": "Bold",
			"class": "sample-component-bold-style"
		}, {
			"name": "Italic",
			"class": "sample-component-italic-style"
		}],
		"triggers": [{
			"triggerName": "documentClicked",
			"triggerDescription": "Document clicked",
			"triggerPayload": [{
				"name": "fileURL",
				"displayName": "File URL"
			}]
		}],
		"actions": []
	},
	"initialData": {
		"componentId": "Document-Search",
		"componentLayout": "default",
		"customSettingsData": {
			"width": "260px"
		},
		"nestedComponents": []
	}
}