[{"type":"Starter-Blog-Author","categoryList":[{"categoryName":"Content List Default","layoutName":""},{"categoryName":"Summary","layoutName":"Starter-Blog-Author-Summary"},{"categoryName":"Content Placeholder Default","layoutName":""},{"categoryName":"Default","layoutName":""},{"categoryName":"Empty Content List Default","layoutName":""}]},{"type":"Starter-Blog-Image","categoryList":[{"categoryName":"Content List Default","layoutName":""},{"categoryName":"Content Placeholder Default","layoutName":""},{"categoryName":"Default","layoutName":"Starter-Blog-Image-Content"},{"categoryName":"Empty Content List Default","layoutName":""}]},{"type":"Starter-Blog-Post","categoryList":[{"categoryName":"Content List Default","layoutName":""},{"categoryName":"Header","layoutName":"Starter-Blog-Post-Header"},{"categoryName":"Content","layoutName":"Starter-Blog-Post-Content"},{"categoryName":"Search","layoutName":"Starter-Blog-Post-Search-Result"},{"categoryName":"Summary","layoutName":"Starter-Blog-Post-Summary"},{"categoryName":"Content Placeholder Default","layoutName":""},{"categoryName":"Default","layoutName":""},{"categoryName":"Empty Content List Default","layoutName":""},{"categoryName":"Sidebar","layoutName":"Starter-Blog-Post-Sidebar"}]}]