{"properties":{"themeName":"BlogTemplateTheme","siteName":"BlogTemplate","siteRootPrefix":"/SCSTEMPLATE_BlogTemplate","isLive":null,"description":"","keywords":"","header":"","footer":"","hideFromSearchEngines":false,"errorPage":null,"siteURL":"","noIndex":false,"noFollow":false,"noArchive":false,"noSnippet":false,"collectionId":"","targetId":"","targetAccessTokens":[],"isCobrowseEnabled":false,"cobrowseId":null,"siteConnections":{},"conversationId":null,"mapProvider":null,"mapAPIKey":null,"isEnterprise":"true","repositoryId":"B1646DC9B6A649C39FBB038F106A5FEE","channelId":"CHANNELF9549F858F34DBC20BEF775D222D0C4E618849FE4051","channelAccessTokens":[{"name":"defaultToken","value":"0e6d7549d3ed422992e2bf7b8191cfc1","expirationDate":"01/01/2099"}],"arCollectionId":"COLLDE27C6D940C0467CADED2E5EC83A948D","defaultLanguage":"en-US","localizationPolicy":"C007E4932F0D6705E053D49D6F646D98","availableLanguages":null,"isWebAnalyticsEnabled":false,"webAnalyticsScript":null,"customProperties":{},"localeAliases":{}}}