{"properties":{"themeName":"BlogTemplateTheme","siteName":"BlogTemplate","siteRootPrefix":"/SCSTEMPLATE_BlogTemplate/","isLive":null,"description":"","keywords":"","header":"","footer":"","hideFromSearchEngines":false,"errorPage":null,"siteURL":"","noIndex":false,"noFollow":false,"noArchive":false,"noSnippet":false,"collectionId":"","targetId":"","targetAccessTokens":[],"isCobrowseEnabled":false,"cobrowseId":null,"siteConnections":{},"conversationId":null,"mapProvider":null,"mapAPIKey":null,"isEnterprise":true,"repositoryId":"","channelId":"CHANNELFF1144E83C1FD26328B28D71F0E9CEBDE38E761BD62B","channelAccessTokens":[],"arCollectionId":"O9D5C4AB885F6C322BB11F3D3BD6BFEEE62722EEC260"}}