{"pages":[{"id":100,"name":"Home","parentId":null,"pageUrl":"index.html","hideInNavigation":false,"linkUrl":"","linkTarget":"","children":[403,401,105,402,405],"overrideUrl":null,"isDetailPage":false,"isSearchPage":false},{"id":105,"name":"Post Detail","parentId":100,"pageUrl":"post-detail.html","hideInNavigation":true,"linkUrl":"","linkTarget":"","children":[],"overrideUrl":false,"isDetailPage":true,"isSearchPage":false},{"id":401,"name":"About","parentId":100,"pageUrl":"about.html","hideInNavigation":false,"linkUrl":"","linkTarget":"","children":[],"overrideUrl":false,"isDetailPage":false,"isSearchPage":false},{"id":402,"name":"Search","parentId":100,"pageUrl":"search.html","hideInNavigation":true,"linkUrl":"","linkTarget":"","children":[],"overrideUrl":false,"isDetailPage":false,"isSearchPage":true},{"id":403,"name":"Authors","parentId":100,"pageUrl":"authors.html","hideInNavigation":true,"linkUrl":"","linkTarget":"","children":[],"overrideUrl":false,"isDetailPage":false,"isSearchPage":true},{"id":405,"name":"Image Detail","parentId":100,"pageUrl":"image-detail.html","hideInNavigation":true,"linkUrl":"","linkTarget":"","children":[],"overrideUrl":false,"isDetailPage":true,"isSearchPage":false}]}