{"properties":{"themeName":"search_siteTheme","siteName":"SCSTEMPLATE_search_template","siteRootPrefix":"/SCSTEMPLATE_search_template/","isLive":null,"description":"","keywords":"","header":"","footer":"<div class=\"scs-cookie-consent\" data-scs-consent-version=\"1\" style=\"display: none;\">This site uses cookies.  Please review our <a href=\"[!--$SCS_PAGE--]200[/!--$SCS_PAGE--]\">Privacy Policy.</a><a href=\"#\" alt=\"close\" class=\"scs-cookie-consent-close\"></a></div>","hideFromSearchEngines":false,"errorPage":null,"siteURL":"","noIndex":false,"noFollow":false,"noArchive":false,"noSnippet":false,"collectionId":"","targetId":"","targetAccessTokens":[],"isCobrowseEnabled":false,"cobrowseId":null,"siteConnections":{},"conversationId":"","mapProvider":null,"mapAPIKey":null,"isEnterprise":true,"repositoryId":"","channelId":"CHANNELF804655A1013E3C75F1E8A02A013826185F9F2F7C891","channelAccessTokens":[],"arCollectionId":"O397D41439448905DFDA70FC94AD5BB644C8416FCD15","defaultLanguage":"en-US","localizationPolicy":"825DCFC7B0C05543E05342B7F00AA09F","availableLanguages":null,"isWebAnalyticsEnabled":false,"webAnalyticsScript":null}}