{"id":"CORE864039350D07464FB3134C2A20B1AFA1","type":"Starter_Blog_Post","name":"Navigating to a search page with search query","description":null,"slug":"starterblog-1481786063048-navigating-to-a-search-page-with-search-query","language":"en-US","translatable":true,"createdBy":"swebcli.SitesAdmin1.admin","createdDate":{"value":"2018-08-29T17:16:44.384Z","timezone":"UTC"},"updatedBy":"swebcli.SitesAdmin1.admin","updatedDate":{"value":"2018-08-29T17:16:50.577Z","timezone":"UTC"},"fields":{"starter-blog-post_title":"Navigating to a search page with search query","starter-blog-post_category":"Content Layout","starter-blog-post_download_media":[{"id":"CONTCB432C945DD74135B2E7034EEDEEB871","type":"DigitalAsset"}],"starter-blog-post_summary":"Lorem ipsum dolor sit amet consectetur adipiscing elit posuere, purus elementum rhoncus facilisi senectus massa odio finibus quisque, nullam et condimentum fusce per etiam class.","starter-blog-post_header_image":{"id":"CONT7C4E893D0C124895B7D5B344F3556B96","type":"DigitalAsset"},"starter-blog-post_content":"<!DOCTYPE html><font size=\"5\"><font face=\"Arial, Helvetica, sans-serif\"><span style=\"color: rgb(0, 0, 0); font-family: &quot;Open Sans&quot;, Arial, sans-serif; font-size: 16px; background-color: rgb(255, 255, 255);\">Lorem ipsum dolor sit amet consectetur adipiscing, elit convallis cursus orci iaculis facilisi interdum, at hac libero nunc placerat. Integer et leo praesent ante ac posuere, quam sociosqu curae at sit fermentum libero, pretium lacus inceptos feugiat iaculis. Porttitor orci montes himenaeos suspendisse aenean magnis leo taciti, mi purus iaculis ligula rhoncus placerat enim in quisque, habitant sit nec vulputate imperdiet ante bibendum. Cursus per cubilia fermentum convallis vulputate scelerisque, natoque phasellus sed aliquet hendrerit montes amet, sapien platea pellentesque rutrum netus. Risus maximus mattis quis est aptent tellus elementum, porta suscipit auctor ultrices enim ex dui, aliquet faucibus velit duis himenaeos vivamus. Himenaeos non magnis facilisi dolor sem inceptos class faucibus, ac nec consequat diam torquent eleifend integer tristique vel, natoque cubilia sed velit conubia morbi orci. Vulputate pharetra adipiscing in orci vehicula pellentesque tristique sed, curabitur et id nisi nisl blandit molestie hac, fames efficitur dictum suscipit parturient enim fusce. Primis rutrum etiam feugiat quisque bibendum porttitor velit est imperdiet, per ridiculus mollis nisi fusce nunc in varius egestas senectus, mus commodo mi elementum augue euismod cras dictumst. Nibh suscipit gravida dolor nulla tortor dictumst odio, at rutrum ligula tellus placerat mollis, massa ex facilisis ante fusce nec quam, feugiat leo enim et nam. Etiam luctus bibendum auctor imperdiet varius arcu mi magna ut, justo pellentesque quam sapien habitant volutpat dis et.</span><br style=\"margin: 0px; padding: 0px; color: rgb(0, 0, 0); font-family: &quot;Open Sans&quot;, Arial, sans-serif; font-size: 16px; background-color: rgb(255, 255, 255);\" />\n<br style=\"margin: 0px; padding: 0px; color: rgb(0, 0, 0); font-family: &quot;Open Sans&quot;, Arial, sans-serif; font-size: 16px; background-color: rgb(255, 255, 255);\" />\n<span style=\"color: rgb(0, 0, 0); font-family: &quot;Open Sans&quot;, Arial, sans-serif; font-size: 16px; background-color: rgb(255, 255, 255);\">Ipsum tellus purus sapien gravida euismod volutpat, dictum sagittis bibendum pellentesque nostra nibh, penatibus est erat mus felis. Dolor rhoncus inceptos quisque vivamus dapibus vehicula dis neque diam maximus, a luctus lacinia curabitur habitasse ante nam eros ultricies volutpat ex, elit risus augue porta est vitae bibendum adipiscing at.</span><br style=\"margin: 0px; padding: 0px; color: rgb(0, 0, 0); font-family: &quot;Open Sans&quot;, Arial, sans-serif; font-size: 16px; background-color: rgb(255, 255, 255);\" />\n<br style=\"margin: 0px; padding: 0px; color: rgb(0, 0, 0); font-family: &quot;Open Sans&quot;, Arial, sans-serif; font-size: 16px; background-color: rgb(255, 255, 255);\" />\n<span style=\"color: rgb(0, 0, 0); font-family: &quot;Open Sans&quot;, Arial, sans-serif; font-size: 16px; background-color: rgb(255, 255, 255);\">Ornare primis nostra nullam facilisi per leo, dolor est nibh eros felis finibus praesent, quisque nisi vivamus consectetur venenatis. Nisl purus nec aptent etiam euismod pellentesque, inceptos vel consectetur felis penatibus, mus auctor scelerisque curabitur sagittis. Duis aptent ullamcorper enim ipsum pellentesque sagittis elementum nullam nam, nec dictumst porttitor sapien felis magnis suspendisse at, montes vivamus urna ac sollicitudin laoreet inceptos accumsan. Nullam nam suspendisse nisi dignissim auctor nulla vestibulum penatibus neque, diam bibendum vitae curabitur platea torquent molestie litora, purus placerat pellentesque erat dui justo arcu dictum. Pulvinar vel tincidunt quisque enim rutrum nostra feugiat eget sed aenean mattis, facilisis adipiscing libero auctor taciti cubilia at elit lacinia sodales.</span></font></font>","starter-blog-post_author":{"id":"CORE421222EE3E1A4066BE930836D04EBAE4","type":"Starter_Blog_Author"}},"links":null,"repositoryId":"FBD1AE084FD599ACECF449D44B8F66C0A3B7C5DF0706","externalFile":{"folderId":"FA753731D66BFDD0B1BD84A911B81D5A56706017AEA9","fileId":"D0E1E70E764177815BF0DCA96C19FB455CCE3E379FD6","version":"1"}}