{"id":"CORE24030F3EB03E45809FAE06A1D89E8328","type":"Starter_Blog_Post","name":"Getting media URL in the Content Layout","description":null,"slug":"starterblog-1481786063045-getting-media-url-in-the-content-layout","language":"en-US","translatable":true,"createdBy":"swebcli.SitesAdmin1.admin","createdDate":{"value":"2018-08-29T17:16:44.583Z","timezone":"UTC"},"updatedBy":"swebcli.SitesAdmin1.admin","updatedDate":{"value":"2018-08-29T17:16:48.934Z","timezone":"UTC"},"fields":{"starter-blog-post_title":"Getting media URL in the Content Layout","starter-blog-post_category":"Content Layout","starter-blog-post_download_media":[{"id":"CONTB40F935F6C094BF6A98978C7C10BABC3","type":"DigitalAsset"}],"starter-blog-post_summary":"Lorem ipsum dolor sit amet consectetur adipiscing elit inceptos vehicula, cubilia lectus pretium sapien aenean suscipit nam potenti dui eleifend, primis ultrices in penatibus taciti ridiculus gravida finibus. Dictum natoque tempus risus tellus non ligula dapibus nascetur vehicula, diam suscipit vestibulum gravida posuere facilisis interdum malesuada, donec varius sapien erat mauris nullam purus venenatis.","starter-blog-post_header_image":{"id":"CONT35459B7D65244EBA90641D9E49ACE193","type":"DigitalAsset"},"starter-blog-post_content":"<!DOCTYPE html><font face=\"Arial, Helvetica, sans-serif\"><font size=\"5\"><span style=\"color: rgb(0, 0, 0); font-family: &quot;Open Sans&quot;, Arial, sans-serif; font-size: 16px; background-color: rgb(255, 255, 255);\">Lorem ipsum dolor sit amet consectetur adipiscing elit, libero dis turpis efficitur porta at eleifend sociosqu, tempus est aenean orci rutrum volutpat. Ullamcorper habitasse inceptos conubia dictumst ipsum convallis, sit ad justo blandit elementum mauris mi, cras ex pulvinar augue hac. Himenaeos laoreet porta sapien feugiat enim ut blandit, morbi vitae dui netus maximus ornare curae, elementum maecenas natoque scelerisque nostra ac. Elementum ultrices himenaeos nascetur aliquet class sagittis nostra accumsan, convallis mus vivamus ac pellentesque curabitur sit senectus, natoque nec risus tempus pretium primis litora. Class magnis purus mauris mi efficitur fermentum sem curabitur bibendum tempor, suscipit turpis diam vulputate molestie hendrerit elementum duis senectus. Fusce consectetur potenti vulputate inceptos nibh, lectus dis laoreet ante eros, mi lacus nunc arcu, in conubia venenatis non. Euismod ligula vehicula nulla id lobortis eleifend est ultricies ullamcorper, suspendisse massa fermentum dapibus ex mattis bibendum magnis sit, nullam venenatis volutpat habitasse feugiat donec natoque tempor. Habitasse sapien cubilia curae fusce sed viverra dictum ligula cras accumsan, rutrum magnis nec sagittis nostra non mus nam. Ornare platea pretium eros varius luctus libero non laoreet, leo himenaeos purus pharetra vivamus ligula.</span><br style=\"margin: 0px; padding: 0px; color: rgb(0, 0, 0); font-family: &quot;Open Sans&quot;, Arial, sans-serif; font-size: 16px; background-color: rgb(255, 255, 255);\" />\n<br style=\"margin: 0px; padding: 0px; color: rgb(0, 0, 0); font-family: &quot;Open Sans&quot;, Arial, sans-serif; font-size: 16px; background-color: rgb(255, 255, 255);\" />\n<span style=\"color: rgb(0, 0, 0); font-family: &quot;Open Sans&quot;, Arial, sans-serif; font-size: 16px; background-color: rgb(255, 255, 255);\">Erat commodo conubia sagittis non bibendum ac senectus ultrices consectetur dis, enim donec lobortis ex consequat ultricies diam dapibus interdum tortor dictum, fermentum elit lacinia molestie porta massa eu vitae faucibus. Tortor potenti arcu eros semper himenaeos quam tempus, malesuada egestas gravida ac dapibus turpis cras mauris, placerat vitae condimentum facilisis rutrum consequat. Habitasse ornare nunc fermentum sociosqu adipiscing vivamus litora ante dictumst nec massa quis, taciti donec ultrices dis condimentum blandit laoreet porttitor fames vehicula. Condimentum placerat purus iaculis varius efficitur nam, tristique feugiat facilisis cras sagittis aenean, sodales sed elit hac cubilia.</span><br style=\"margin: 0px; padding: 0px; color: rgb(0, 0, 0); font-family: &quot;Open Sans&quot;, Arial, sans-serif; font-size: 16px; background-color: rgb(255, 255, 255);\" />\n<br style=\"margin: 0px; padding: 0px; color: rgb(0, 0, 0); font-family: &quot;Open Sans&quot;, Arial, sans-serif; font-size: 16px; background-color: rgb(255, 255, 255);\" />\n<span style=\"color: rgb(0, 0, 0); font-family: &quot;Open Sans&quot;, Arial, sans-serif; font-size: 16px; background-color: rgb(255, 255, 255);\">Mus quis feugiat interdum rhoncus tincidunt erat ad arcu, dictum iaculis placerat nisi tortor purus phasellus, aliquet id eleifend duis dignissim efficitur dolor. Sem habitant volutpat nullam hac tristique vestibulum dictumst pharetra turpis iaculis, montes quisque libero justo rhoncus eu imperdiet mi suscipit potenti, aptent tempus sollicitudin lacus integer vel conubia efficitur parturient. Justo nisi libero varius fermentum ac ligula magna, porttitor pulvinar sociosqu condimentum proin est lectus, taciti quam lacus sed maximus nec. Lobortis ante tempor platea neque penatibus non at himenaeos sagittis conubia, varius egestas hendrerit dictum facilisis purus nascetur curabitur bibendum, nulla urna nostra quisque lacinia pulvinar sem semper sociosqu. Elit pharetra dignissim praesent interdum cursus, nulla pellentesque consectetur curabitur dapibus vivamus, duis feugiat cras ad. Ultrices semper aenean nulla maximus dictumst luctus commodo posuere phasellus, magnis aliquet sodales scelerisque etiam tortor auctor senectus arcu, cursus lacinia massa ullamcorper fermentum consectetur interdum maecenas. Lacus facilisis netus primis ullamcorper quis iaculis natoque euismod cras ac, placerat egestas posuere turpis hac sem lobortis tincidunt inceptos. Augue per conubia magna elementum curae metus potenti lacinia, adipiscing pellentesque et fusce eget consectetur fermentum rhoncus, hac parturient sapien mauris ad curabitur dis.</span></font></font>","starter-blog-post_author":{"id":"CORE8B870F2AC6FB4BB895FBE061311D1148","type":"Starter_Blog_Author"}},"links":null,"repositoryId":"FBD1AE084FD599ACECF449D44B8F66C0A3B7C5DF0706","externalFile":{"folderId":"FA753731D66BFDD0B1BD84A911B81D5A56706017AEA9","fileId":"D775BCB16D91C5A9EF2510CD36D733291B910E97F414","version":"1"}}