{"id":"CORE15F4964739944A9D9DADDB7CDD879FBF","type":"Starter_Blog_Post","name":"Dynamic DOM manipulation in Content Layout","description":null,"slug":"starterblog-1481786063052-dynamic-dom-manipulation-in-content-layout","language":"en-US","translatable":true,"createdBy":"swebcli.SitesAdmin1.admin","createdDate":{"value":"2018-08-29T17:16:44.682Z","timezone":"UTC"},"updatedBy":"swebcli.SitesAdmin1.admin","updatedDate":{"value":"2018-08-29T17:16:48.671Z","timezone":"UTC"},"fields":{"starter-blog-post_title":"Dynamic DOM manipulation in Content Layout","starter-blog-post_category":"Content Layout","starter-blog-post_download_media":[{"id":"CONT69C25DC7AA07411B80B1DDF24E8D424B","type":"DigitalAsset"},{"id":"CONTB40F935F6C094BF6A98978C7C10BABC3","type":"DigitalAsset"}],"starter-blog-post_summary":"Lorem ipsum dolor sit amet consectetur adipiscing elit fusce, vehicula ut facilisi blandit dignissim faucibus erat lacinia volutpat, eros a efficitur quisque arcu habitant nec.","starter-blog-post_header_image":{"id":"CONTFA560204C7D34FA1B02EFDA6D468046A","type":"DigitalAsset"},"starter-blog-post_content":"<!DOCTYPE html><font size=\"5\"><font face=\"Arial, Helvetica, sans-serif\"><span style=\"color: rgb(0, 0, 0); font-family: &quot;Open Sans&quot;, Arial, sans-serif; font-size: 16px; background-color: rgb(255, 255, 255);\">Lorem ipsum dolor sit amet consectetur adipiscing, elit tempor eget eleifend ante ut dui, bibendum habitasse hac metus dis. Ut donec porta gravida varius augue condimentum malesuada, enim commodo tortor at elementum maximus conubia sagittis, volutpat fusce blandit eleifend dignissim ultrices.</span><br style=\"margin: 0px; padding: 0px; color: rgb(0, 0, 0); font-family: &quot;Open Sans&quot;, Arial, sans-serif; font-size: 16px; background-color: rgb(255, 255, 255);\" />\n<br style=\"margin: 0px; padding: 0px; color: rgb(0, 0, 0); font-family: &quot;Open Sans&quot;, Arial, sans-serif; font-size: 16px; background-color: rgb(255, 255, 255);\" />\n<span style=\"color: rgb(0, 0, 0); font-family: &quot;Open Sans&quot;, Arial, sans-serif; font-size: 16px; background-color: rgb(255, 255, 255);\">Dapibus erat euismod donec malesuada maximus velit purus fames nam, eget feugiat posuere facilisis libero aenean pretium justo cubilia, ullamcorper felis fermentum sem placerat arcu dolor mus. Venenatis auctor cras platea sapien ante condimentum dictumst non, commodo lacus elit malesuada sociosqu turpis maecenas, ipsum diam aptent per porta scelerisque tristique. Cras vehicula feugiat ridiculus lacus mauris non class lorem blandit scelerisque, facilisi efficitur praesent cubilia nulla bibendum felis per massa integer, primis etiam dui maximus id gravida sollicitudin urna dictum. Vulputate fames himenaeos egestas ipsum ac imperdiet, sollicitudin magnis volutpat platea fusce, sapien bibendum habitasse placerat venenatis. Nibh torquent inceptos at blandit sociosqu fames class tortor mus, dapibus praesent senectus litora urna turpis penatibus nostra pharetra, primis ut mollis massa et ante scelerisque gravida. Egestas purus non sollicitudin malesuada dui mus cursus sociosqu venenatis, platea pharetra ipsum penatibus magnis ut vel nisl ultricies porttitor, elit mauris iaculis ad praesent netus laoreet sapien. Laoreet morbi lobortis neque vestibulum varius purus arcu conubia primis tincidunt nisl diam sodales hac leo, congue pulvinar dis euismod eros posuere fames ultrices a feugiat convallis dui odio.</span><br style=\"margin: 0px; padding: 0px; color: rgb(0, 0, 0); font-family: &quot;Open Sans&quot;, Arial, sans-serif; font-size: 16px; background-color: rgb(255, 255, 255);\" />\n<br style=\"margin: 0px; padding: 0px; color: rgb(0, 0, 0); font-family: &quot;Open Sans&quot;, Arial, sans-serif; font-size: 16px; background-color: rgb(255, 255, 255);\" />\n<span style=\"color: rgb(0, 0, 0); font-family: &quot;Open Sans&quot;, Arial, sans-serif; font-size: 16px; background-color: rgb(255, 255, 255);\">Lacus neque vulputate justo pretium penatibus conubia ex posuere, facilisi aliquam ut sit fermentum vestibulum etiam enim ante, dis tempor donec<a href=\"https://www.oracle.com/index.html\" target=\"_self\"> commodo</a> dictumst potenti pharetra. Platea donec sociosqu nostra arcu facilisis commodo blandit augue, lorem eu orci viverra dolor iaculis sem euismod, vehicula sapien posuere congue tristique ipsum nec. Congue facilisi quam tincidunt praesent nisi et dignissim potenti, fames feugiat convallis ex inceptos etiam litora himenaeos senectus, torquent eget leo urna taciti netus justo. Vulputate viverra ultricies urna himenaeos hac nascetur senectus, ipsum amet torquent tincidunt dictumst efficitur justo, montes litora mus est dignissim at. Vulputate cras luctus faucibus est condimentum porttitor parturient aptent erat, a at ridiculus maximus magna lobortis cursus dolor.</span></font></font>","starter-blog-post_author":{"id":"COREAF070E35B0E543F19EFE97591A6386E2","type":"Starter_Blog_Author"}},"links":null,"repositoryId":"FBD1AE084FD599ACECF449D44B8F66C0A3B7C5DF0706","externalFile":{"folderId":"FA753731D66BFDD0B1BD84A911B81D5A56706017AEA9","fileId":"D644552C687ACE5F4E6D231F0FD7BB92301C472F3B24","version":"1"}}