{"id":"COREEEB94055FC3945029955A351CA20FDC8","type":"Starter_Blog_Post","name":"Getting reference items in Content Layout","description":null,"slug":"starterblog-1481786063053-getting-reference-items-in-content-layout","language":"en-US","translatable":true,"createdBy":"swebcli.SitesAdmin1.admin","createdDate":{"value":"2018-08-29T17:16:44.263Z","timezone":"UTC"},"updatedBy":"swebcli.SitesAdmin1.admin","updatedDate":{"value":"2018-08-29T17:16:51.524Z","timezone":"UTC"},"fields":{"starter-blog-post_title":"Getting reference items in Content Layout","starter-blog-post_category":"Content Layout","starter-blog-post_download_media":[{"id":"CONT69C25DC7AA07411B80B1DDF24E8D424B","type":"DigitalAsset"}],"starter-blog-post_summary":"Lorem ipsum dolor sit amet consectetur adipiscing elit a, sed risus dui malesuada dictumst scelerisque fusce, varius nibh id vel class vestibulum justo. Vehicula faucibus eget aptent sapien purus et tempus, etiam fermentum congue imperdiet dui id, mus facilisis commodo donec consequat dictum.","starter-blog-post_header_image":{"id":"CONTB40F935F6C094BF6A98978C7C10BABC3","type":"DigitalAsset"},"starter-blog-post_content":"<!DOCTYPE html><p><font size=\"5\"><font face=\"Arial, Helvetica, sans-serif\"><span style=\"color: rgb(0, 0, 0); font-family: &quot;Open Sans&quot;, Arial, sans-serif; font-size: 16px; background-color: rgb(255, 255, 255);\">Lorem ipsum dolor sit amet consectetur adipiscing elit lobortis auctor placerat non neque aliquam, maecenas ultricies maximus torquent per class vivamus pharetra finibus blandit convallis lacinia. Inceptos natoque vitae dictum cubilia justo amet finibus, blandit proin nam nullam dapibus lacus quisque suspendisse, torquent duis fringilla mauris cursus ligula. Ullamcorper massa rutrum pellentesque platea rhoncus vestibulum primis, hac cubilia mauris placerat porta luctus torquent, eu praesent malesuada erat viverra felis. Facilisi eget aliquet nostra facilisis vivamus ad dictum nullam, porttitor nunc amet lectus penatibus augue felis vel, blandit ullamcorper dignissim sagittis commodo senectus porta. Dis mi eros etiam phasellus aliquet ornare duis risus, aliquam neque lacinia sagittis pharetra nec hac amet, fermentum volutpat purus nostra dui vel elit. Dapibus vel tristique aliquet senectus penatibus fusce, primis auctor nisi class vulputate parturient, gravida volutpat torquent turpis integer.</span><br style=\"margin: 0px; padding: 0px; color: rgb(0, 0, 0); font-family: &quot;Open Sans&quot;, Arial, sans-serif; font-size: 16px; background-color: rgb(255, 255, 255);\" />\n<br style=\"margin: 0px; padding: 0px; color: rgb(0, 0, 0); font-family: &quot;Open Sans&quot;, Arial, sans-serif; font-size: 16px; background-color: rgb(255, 255, 255);\" />\n<span style=\"color: rgb(0, 0, 0); font-family: &quot;Open Sans&quot;, Arial, sans-serif; font-size: 16px; background-color: rgb(255, 255, 255);\"><a href=\"https://www.oracle.com/index.html\" target=\"_blank\">Mauris</a> curabitur congue platea condimentum primis augue nunc hendrerit, pharetra sagittis torquent finibus nisi etiam habitant himenaeos, vehicula aptent nostra cursus sit dignissim eros. Ad eros volutpat torquent et interdum nam facilisi felis, neque auctor lacus platea viverra nulla lectus, turpis curae fames lorem a placerat montes. Euismod cubilia proin per vehicula sodales quam tristique non donec, fames quisque volutpat rutrum commodo duis ornare.</span></font></font></p>\n\n<p><br style=\"margin: 0px; padding: 0px; color: rgb(0, 0, 0); font-family: &quot;Open Sans&quot;, Arial, sans-serif; font-size: 16px; background-color: rgb(255, 255, 255);\" />\n<font size=\"5\"><font face=\"Arial, Helvetica, sans-serif\"><span style=\"color: rgb(0, 0, 0); font-family: &quot;Open Sans&quot;, Arial, sans-serif; font-size: 16px; background-color: rgb(255, 255, 255);\">Imperdiet etiam vulputate dictum fringilla nec mauris maximus metus natoque lacinia, duis nisi quisque semper potenti sapien inceptos pharetra magnis, ornare suspendisse id cursus lobortis a nisl non finibus. Lorem cursus torquent justo nibh curabitur id magna mi ridiculus dapibus, quisque purus vivamus sociosqu tristique nascetur rhoncus amet eleifend, bibendum adipiscing donec lacinia posuere class fringilla gravida parturient. Quis finibus odio venenatis aptent duis vel rutrum nascetur tempor habitant interdum, per eleifend himenaeos tristique molestie enim in efficitur vulputate natoque, integer sagittis dignissim nec nisl tellus sodales cras eros facilisi. Et blandit eget nam litora mi a congue, quam habitasse quisque velit maximus vitae, augue vehicula lectus volutpat arcu taciti. Imperdiet id massa ornare nisl vestibulum pretium gravida eget torquent, dis nulla pellentesque metus aliquam a risus in scelerisque, ridiculus congue quis rutrum lacus inceptos morbi consectetur.</span></font></font></p>\n\n<p>&nbsp;</p>\n\n<p>&nbsp;</p>\n\n<p><font size=\"5\"><font face=\"Arial, Helvetica, sans-serif\"><span style=\"color: rgb(0, 0, 0); font-family: &quot;Open Sans&quot;, Arial, sans-serif; font-size: 16px; background-color: rgb(255, 255, 255);\">Mattis lacinia mauris conubia porttitor pellentesque cubilia montes habitasse fusce, maximus dui dignissim praesent aliquet volutpat vulputate nec ultricies, enim sollicitudin fermentum a dis consectetur tempor etiam. Fusce mi mauris taciti dictum aliquam dapibus gravida bibendum pellentesque litora torquent lorem aenean, etiam justo condimentum donec natoque ultricies morbi conubia nec lacus sagittis. Ultricies tristique augue varius sit porttitor taciti hac pretium tempus aliquam dignissim, gravida tellus libero interdum donec leo ad mollis lectus. Nec hendrerit aenean maecenas integer litora efficitur metus rhoncus, porttitor et aptent venenatis cras a fusce fermentum, amet magna hac imperdiet praesent tellus risus.</span></font></font></p>\n","starter-blog-post_author":{"id":"CORE421222EE3E1A4066BE930836D04EBAE4","type":"Starter_Blog_Author"}},"links":null,"repositoryId":"FBD1AE084FD599ACECF449D44B8F66C0A3B7C5DF0706","externalFile":{"folderId":"FA753731D66BFDD0B1BD84A911B81D5A56706017AEA9","fileId":"D236313AD4C8200FDE39B8ADF825D89E4B7957B8855A","version":"1"}}