{"id":"CORE03AF6ACE0803436DBC7DCC4263025C24","type":"Starter_Blog_Post","name":"Rendering the content layout using Mustache template","description":null,"slug":"starterblog-1481786063044-rendering-the-content-layout-using-mustache-template","language":"en-US","translatable":true,"createdBy":"swebcli.SitesAdmin1.admin","createdDate":{"value":"2018-08-29T17:16:44.449Z","timezone":"UTC"},"updatedBy":"swebcli.SitesAdmin1.admin","updatedDate":{"value":"2018-08-29T17:16:50.274Z","timezone":"UTC"},"fields":{"starter-blog-post_title":"Rendering the content layout using Mustache template","starter-blog-post_category":"Content Layout","starter-blog-post_download_media":[{"id":"CONT63AB88292A514B6D95AE8684CCC49298","type":"DigitalAsset"},{"id":"CONTB40F935F6C094BF6A98978C7C10BABC3","type":"DigitalAsset"}],"starter-blog-post_summary":"Lorem ipsum dolor sit amet consectetur adipiscing elit orci eget, vel laoreet ante fusce tortor nullam dapibus senectus, pulvinar rhoncus aliquam suspendisse ac maecenas arcu nascetur.","starter-blog-post_header_image":{"id":"CONTCB432C945DD74135B2E7034EEDEEB871","type":"DigitalAsset"},"starter-blog-post_content":"<!DOCTYPE html><font size=\"5\"><font face=\"Arial, Helvetica, sans-serif\"><span style=\"color: rgb(0, 0, 0); font-family: &quot;Open Sans&quot;, Arial, sans-serif; font-size: 16px; background-color: rgb(255, 255, 255);\">Lorem ipsum dolor sit amet consectetur adipiscing elit penatibus, ut nullam laoreet magnis maximus platea arcu integer, mauris ultrices scelerisque mi eleifend aptent egestas. Porttitor convallis magnis etiam eleifend euismod molestie per, sociosqu quis donec hac eros sollicitudin maximus enim, suscipit faucibus montes curabitur dictum turpis. Quis sit quisque etiam laoreet elementum, sociosqu class praesent sed, risus ut lacinia mollis. Suscipit class sem litora nascetur dictum consequat fusce tempus habitasse senectus natoque, facilisis iaculis erat porttitor maecenas faucibus justo molestie torquent. Velit nunc nec metus nulla in pulvinar platea dui varius, bibendum integer diam fames eros praesent libero potenti, mollis aliquam torquent scelerisque ex mauris pharetra hendrerit. Porta proin malesuada primis lacinia nec litora penatibus torquent vulputate, fusce non erat fringilla sapien mi vehicula sem mus neque, hendrerit lacus lorem finibus condimentum tincidunt adipiscing semper. Vel curabitur diam cursus non dignissim amet commodo sollicitudin dis, sem ornare posuere nam phasellus fames tempor himenaeos ante turpis, semper vulputate donec lobortis ut massa risus erat.</span><br style=\"margin: 0px; padding: 0px; color: rgb(0, 0, 0); font-family: &quot;Open Sans&quot;, Arial, sans-serif; font-size: 16px; background-color: rgb(255, 255, 255);\" />\n<br style=\"margin: 0px; padding: 0px; color: rgb(0, 0, 0); font-family: &quot;Open Sans&quot;, Arial, sans-serif; font-size: 16px; background-color: rgb(255, 255, 255);\" />\n<span style=\"color: rgb(0, 0, 0); font-family: &quot;Open Sans&quot;, Arial, sans-serif; font-size: 16px; background-color: rgb(255, 255, 255);\">Non dignissim vivamus ante posuere consectetur metus montes sociosqu, dictum tellus habitant placerat bibendum quis litora, porta convallis dis faucibus luctus mollis hendrerit. Praesent nascetur ad turpis curae egestas lacus penatibus ornare mauris tempor sem, sit platea nostra magnis erat aenean massa nec suspendisse dignissim ipsum, urna magna natoque rutrum eu mollis sociosqu hendrerit felis facilisis. Commodo quisque taciti pharetra ornare eget faucibus ullamcorper urna vel, lectus sit hendrerit ut orci erat nam. Tincidunt cubilia molestie pulvinar augue donec a arcu lacinia condimentum, finibus duis quam non sem bibendum ante nisl sit ultricies, sociosqu aliquam purus nascetur himenaeos ullamcorper fringilla hac.</span><br style=\"margin: 0px; padding: 0px; color: rgb(0, 0, 0); font-family: &quot;Open Sans&quot;, Arial, sans-serif; font-size: 16px; background-color: rgb(255, 255, 255);\" />\n<br style=\"margin: 0px; padding: 0px; color: rgb(0, 0, 0); font-family: &quot;Open Sans&quot;, Arial, sans-serif; font-size: 16px; background-color: rgb(255, 255, 255);\" />\n<span style=\"color: rgb(0, 0, 0); font-family: &quot;Open Sans&quot;, Arial, sans-serif; font-size: 16px; background-color: rgb(255, 255, 255);\">Finibus nostra ipsum est cubilia vehicula, mus id vitae convallis accumsan luctus, sem dictum malesuada facilisis. Viverra aliquet aliquam ipsum elit quam placerat finibus hac dis, eget efficitur nascetur potenti tempus vel cubilia mi ridiculus, nibh felis curabitur id feugiat luctus consequat erat. Per volutpat lacinia cursus diam aenean elementum blandit dolor, natoque hendrerit nisi platea morbi amet euismod porttitor, faucibus himenaeos eu rutrum ex tortor rhoncus. Tempor duis proin primis eget taciti sagittis justo volutpat vulputate mi, risus cursus aptent maecenas a scelerisque condimentum ante. Consectetur mauris metus dictum mattis vulputate maecenas potenti, risus dignissim accumsan sollicitudin nascetur rutrum laoreet, vitae ipsum lobortis eleifend porttitor mus. Dis curae elementum interdum velit tempus imperdiet turpis, non sit egestas risus accumsan cursus dignissim elit, himenaeos blandit neque platea sem praesent. Massa cursus cubilia et natoque class efficitur ligula interdum scelerisque amet bibendum nam, mus sed in finibus potenti primis eu aliquam rutrum molestie quam. Platea nostra nec ad est gravida blandit, laoreet vitae class nascetur libero ac molestie, ligula nibh quam eget himenaeos.</span></font></font>","starter-blog-post_author":{"id":"CORE8B870F2AC6FB4BB895FBE061311D1148","type":"Starter_Blog_Author"}},"links":null,"repositoryId":"FBD1AE084FD599ACECF449D44B8F66C0A3B7C5DF0706","externalFile":{"folderId":"FA753731D66BFDD0B1BD84A911B81D5A56706017AEA9","fileId":"D5B7F1BB8B0B94B7EFB2DE4703F86B60705A1CF8645D","version":"1"}}