{"id":"CORE3E836BD745A046A3AAE519CEC33D6F74","type":"Starter_Blog_Post","name":"Developing Content Layout for Content and Experience Cloud","description":null,"slug":"starterblog-1481786063051-developing-content-layout-for-content-and-experience-cloud","language":"en-US","translatable":true,"createdBy":"swebcli.SitesAdmin1.admin","createdDate":{"value":"2018-08-29T17:16:44.926Z","timezone":"UTC"},"updatedBy":"swebcli.SitesAdmin1.admin","updatedDate":{"value":"2018-08-29T17:16:46.876Z","timezone":"UTC"},"fields":{"starter-blog-post_title":"Developing Content Layout for Content and Experience Cloud","starter-blog-post_category":"Content Layout","starter-blog-post_download_media":[{"id":"CONT63AB88292A514B6D95AE8684CCC49298","type":"DigitalAsset"},{"id":"CONTB40F935F6C094BF6A98978C7C10BABC3","type":"DigitalAsset"},{"id":"CONTFA560204C7D34FA1B02EFDA6D468046A","type":"DigitalAsset"}],"starter-blog-post_summary":"Lorem ipsum dolor sit amet consectetur adipiscing elit lobortis sagittis montes, scelerisque ligula fringilla id congue nunc pharetra maecenas quisque, eu torquent tincidunt habitant gravida leo natoque ac consequat.","starter-blog-post_header_image":{"id":"CONT63AB88292A514B6D95AE8684CCC49298","type":"DigitalAsset"},"starter-blog-post_content":"<!DOCTYPE html><p><font size=\"5\"><font face=\"Arial, Helvetica, sans-serif\"><span style=\"color: rgb(0, 0, 0); font-family: &quot;Open Sans&quot;, Arial, sans-serif; font-size: 16px; background-color: rgb(255, 255, 255);\">Lorem ipsum dolor sit amet consectetur adipiscing, elit taciti efficitur dapibus eros mus dictumst, praesent volutpat lacus porta himenaeos. Torquent at hendrerit auctor senectus magnis laoreet orci eget ac, sapien taciti eu proin consectetur potenti mus dignissim integer, dui nibh tellus semper nostra mattis etiam rutrum. Curabitur magnis vivamus elit lobortis torquent, luctus ex vestibulum nec et aptent, odio tincidunt non quam. Class habitasse tincidunt dictum purus cursus urna viverra, interdum inceptos fringilla risus egestas libero natoque ut, porta orci tristique aliquet at nibh. In lorem lacus libero purus ridiculus laoreet massa venenatis consequat, bibendum suscipit ipsum fusce himenaeos fermentum a litora, mollis quis hendrerit nisi adipiscing suspendisse hac ligula. Fusce tincidunt egestas metus in sed turpis leo tristique, dis elit dolor hendrerit interdum eleifend lacinia euismod ornare, venenatis class faucibus maximus phasellus consectetur sagittis. Netus enim finibus dignissim pulvinar quam fusce morbi bibendum suspendisse faucibus luctus, mauris nisi convallis tincidunt elementum non malesuada consectetur varius dictumst tellus molestie, fringilla gravida dapibus accumsan efficitur dolor tristique suscipit est magna. Cubilia integer efficitur elit in mollis eu suspendisse et blandit, ornare fames accumsan hac maecenas vivamus consectetur ut.</span></font></font></p>\n\n<p><br style=\"margin: 0px; padding: 0px; color: rgb(0, 0, 0); font-family: &quot;Open Sans&quot;, Arial, sans-serif; font-size: 16px; background-color: rgb(255, 255, 255);\" />\n<font size=\"5\"><font face=\"Arial, Helvetica, sans-serif\"><span style=\"color: rgb(0, 0, 0); font-family: &quot;Open Sans&quot;, Arial, sans-serif; font-size: 16px; background-color: rgb(255, 255, 255);\"><a href=\"https://www.oracle.com/index.html\" target=\"_blank\">Pellentesque</a> proin interdum tristique fringilla dapibus sapien, semper mattis per efficitur mauris, eleifend sem aliquam viverra nostra. Urna fusce ac congue tellus leo magna etiam ornare, vivamus eleifend dapibus ipsum tempor himenaeos vestibulum, sagittis lorem odio aliquam ultrices habitant sodales. Felis turpis adipiscing condimentum interdum nascetur sit mollis pretium, augue imperdiet hendrerit a blandit placerat mattis commodo aliquam, ultricies non quis leo duis nunc molestie. Nascetur dapibus taciti adipiscing arcu euismod mus vitae hac sit, tempor orci consequat dictumst commodo phasellus tortor dui, ultricies platea praesent dolor hendrerit ac auctor pellentesque. Maximus vulputate non urna purus aenean inceptos posuere gravida lacus pharetra fringilla, venenatis nisi viverra etiam quam vehicula suscipit cras sed libero. Est sociosqu risus aliquet auctor magna aenean, natoque elementum odio sollicitudin consectetur, ultricies phasellus leo bibendum semper. Elementum ligula massa scelerisque dis laoreet id tellus feugiat, tortor libero hac quisque finibus platea risus, vehicula arcu habitant malesuada torquent class aliquam. Ridiculus quisque turpis parturient leo cubilia semper odio, consequat pellentesque venenatis molestie phasellus fames. Ipsum facilisis suspendisse ut elit leo fringilla, lacus aliquam eleifend amet augue risus quam, dictumst id ridiculus est habitant.</span><br style=\"margin: 0px; padding: 0px; color: rgb(0, 0, 0); font-family: &quot;Open Sans&quot;, Arial, sans-serif; font-size: 16px; background-color: rgb(255, 255, 255);\" />\n<br style=\"margin: 0px; padding: 0px; color: rgb(0, 0, 0); font-family: &quot;Open Sans&quot;, Arial, sans-serif; font-size: 16px; background-color: rgb(255, 255, 255);\" />\n<span style=\"color: rgb(0, 0, 0); font-family: &quot;Open Sans&quot;, Arial, sans-serif; font-size: 16px; background-color: rgb(255, 255, 255);\">Vitae aenean ligula venenatis commodo eros justo ante diam, duis mattis felis faucibus proin sociosqu himenaeos hac, dis consequat pellentesque dictumst ut efficitur torquent. Mattis magna taciti amet magnis euismod litora bibendum, interdum metus luctus lobortis pellentesque dictum cursus enim, aliquam maecenas phasellus diam volutpat hac. Curabitur lectus dictum fames maecenas ultricies felis nec quis a eleifend <a href=\"https://www.oracle.com/index.html\" target=\"_self\">integer</a>, adipiscing taciti rhoncus fusce himenaeos turpis enim pellentesque sem. Parturient ac euismod mauris sociosqu augue ullamcorper eu natoque, posuere venenatis proin quisque malesuada justo sit, sed lorem ornare fames turpis nullam et.</span></font></font></p>\n","starter-blog-post_author":{"id":"CORED4416D976BDD40D388684237AE72BC8C","type":"Starter_Blog_Author"}},"links":null,"repositoryId":"FBD1AE084FD599ACECF449D44B8F66C0A3B7C5DF0706","externalFile":{"folderId":"FA753731D66BFDD0B1BD84A911B81D5A56706017AEA9","fileId":"D520BEE16341210A6EC866BADAAAB0BA0649DA596B1A","version":"1"}}