{"id":"CORE815728A599BF43C6BFF2503CBADDDDBF","type":"Starter_Blog_Post","name":"Raising triggers from Content Layout","description":null,"slug":"starterblog-1481786063046-raising-triggers-from-content-layout","language":"en-US","translatable":true,"createdBy":"swebcli.SitesAdmin1.admin","createdDate":{"value":"2018-08-29T17:16:44.961Z","timezone":"UTC"},"updatedBy":"swebcli.SitesAdmin1.admin","updatedDate":{"value":"2018-08-29T17:16:46.648Z","timezone":"UTC"},"fields":{"starter-blog-post_title":"Raising triggers from Content Layout","starter-blog-post_category":"Content Layout","starter-blog-post_download_media":[{"id":"CONTFA560204C7D34FA1B02EFDA6D468046A","type":"DigitalAsset"},{"id":"CONT69C25DC7AA07411B80B1DDF24E8D424B","type":"DigitalAsset"}],"starter-blog-post_summary":"Lorem ipsum dolor sit amet consectetur adipiscing elit quis parturient lacus sodales rhoncus tellus mi, fringilla mauris sociosqu taciti dignissim ligula justo praesent nec curabitur dui non sollicitudin.","starter-blog-post_header_image":{"id":"CONT69C25DC7AA07411B80B1DDF24E8D424B","type":"DigitalAsset"},"starter-blog-post_content":"<!DOCTYPE html><font size=\"5\"><span style=\"color: rgb(0, 0, 0); font-family: &quot;Open Sans&quot;, Arial, sans-serif; font-size: 16px; background-color: rgb(255, 255, 255);\">Lorem ipsum dolor sit amet consectetur adipiscing elit dictumst, magna enim curabitur nibh a fames ullamcorper elementum penatibus, convallis tempor lobortis dapibus vestibulum lectus bibendum. Magna inceptos nisi mollis convallis justo mauris turpis sit, parturient etiam proin morbi tellus euismod ornare. Diam molestie vehicula curabitur inceptos himenaeos rutrum lobortis, neque accumsan euismod placerat tortor nisi facilisi magnis, ornare orci in dis nostra elit. Condimentum placerat sociosqu pulvinar egestas nostra accumsan quisque neque eleifend, tempus maecenas nec elit malesuada maximus viverra et a, commodo aliquet faucibus rutrum interdum ridiculus tempor parturient. Dictumst elementum dignissim quisque faucibus nisl venenatis torquent risus luctus fringilla, lobortis nulla a odio condimentum velit parturient magnis bibendum commodo erat, ex cursus vehicula rutrum magna lacinia per convallis dis. Semper dictum nunc lorem at egestas augue est natoque sed diam velit, sociosqu auctor aliquam tempus donec aenean himenaeos ligula nisl. Egestas pharetra pulvinar ex condimentum magnis vehicula netus dictumst, morbi habitant euismod duis elementum risus luctus mauris, maximus commodo convallis semper eleifend malesuada blandit.</span><br style=\"margin: 0px; padding: 0px; color: rgb(0, 0, 0); font-family: &quot;Open Sans&quot;, Arial, sans-serif; font-size: 16px; background-color: rgb(255, 255, 255);\" />\n<br style=\"margin: 0px; padding: 0px; color: rgb(0, 0, 0); font-family: &quot;Open Sans&quot;, Arial, sans-serif; font-size: 16px; background-color: rgb(255, 255, 255);\" />\n<span style=\"color: rgb(0, 0, 0); font-family: &quot;Open Sans&quot;, Arial, sans-serif; font-size: 16px; background-color: rgb(255, 255, 255);\">Ut euismod ligula dictum lorem convallis at imperdiet, fermentum iaculis eros mi tempor ex vestibulum, volutpat enim viverra felis scelerisque tortor, leo ullamcorper etiam morbi montes aptent. Mauris in etiam cursus natoque vestibulum pulvinar netus accumsan, augue penatibus facilisi nam id semper porttitor risus nostra, commodo praesent ligula amet tortor fusce quam. Scelerisque per elit ipsum sapien felis potenti eleifend, laoreet nec pulvinar lacinia sodales varius hendrerit, lectus donec tempor eget nibh litora. Duis diam ex suspendisse purus mattis erat turpis per nibh ipsum auctor, sociosqu justo venenatis risus et pellentesque inceptos elit a. Magna consequat elit mollis et porttitor accumsan ipsum ultrices mus porta, integer lectus velit odio nibh donec felis massa. Duis nulla magna taciti egestas erat convallis bibendum sem tortor, imperdiet praesent primis dolor habitasse lorem diam dapibus eros, faucibus etiam mattis rutrum nam vel turpis montes. Nisi ullamcorper enim magnis nam a suspendisse duis pulvinar libero convallis tellus curae, bibendum platea lectus vel sem accumsan velit felis placerat purus suscipit. Morbi nisi tempor aenean mollis mattis sociosqu sem laoreet, dolor venenatis senectus lectus erat eros gravida pellentesque, at urna cras maximus eleifend etiam nunc. Accumsan augue enim integer pulvinar ligula nostra sapien phasellus, habitasse vitae nam metus eu porttitor odio, curabitur auctor aenean class fusce ipsum parturient.</span><br style=\"margin: 0px; padding: 0px; color: rgb(0, 0, 0); font-family: &quot;Open Sans&quot;, Arial, sans-serif; font-size: 16px; background-color: rgb(255, 255, 255);\" />\n<br style=\"margin: 0px; padding: 0px; color: rgb(0, 0, 0); font-family: &quot;Open Sans&quot;, Arial, sans-serif; font-size: 16px; background-color: rgb(255, 255, 255);\" />\n<span style=\"color: rgb(0, 0, 0); font-family: &quot;Open Sans&quot;, Arial, sans-serif; font-size: 16px; background-color: rgb(255, 255, 255);\"><a href=\"http://www.oracle.com/\" target=\"_self\">Aenean consectetur dignissim</a> nisi fringilla risus quam accumsan pharetra curae, fermentum cursus interdum felis nullam diam metus magna, pulvinar convallis magnis vivamus nibh penatibus leo dolor. Litora gravida pretium taciti ornare non parturient sit eget porttitor, varius enim lacinia facilisi inceptos eleifend convallis praesent iaculis purus, quisque a leo augue dictumst et pellentesque sociosqu. Consequat dis aenean nunc dictum libero nascetur eget taciti maecenas elementum varius, pulvinar per magna sem semper turpis rutrum sagittis lobortis. Eros ligula tristique lobortis vitae senectus sodales sociosqu, montes primis torquent condimentum proin ultricies, egestas pharetra natoque etiam tincidunt fusce. Id class odio viverra nulla netus sollicitudin, himenaeos maecenas dapibus nostra congue scelerisque, taciti duis velit adipiscing praesent. Nec malesuada congue eros sit phasellus luctus, aptent ante proin sed turpis cursus, lobortis sagittis sapien tristique imperdiet.</span></font>","starter-blog-post_author":{"id":"COREAF070E35B0E543F19EFE97591A6386E2","type":"Starter_Blog_Author"}},"links":null,"repositoryId":"FBD1AE084FD599ACECF449D44B8F66C0A3B7C5DF0706","externalFile":{"folderId":"FA753731D66BFDD0B1BD84A911B81D5A56706017AEA9","fileId":"DDE1C64E58672CFB7D77C459A53842BE621E86FCD2FC","version":"1"}}