{"type":"componentgroup","initialData":{"className":"","components":["[!--$scsGenerateComponentId(1)--]"],"grid":"<div class=\"scs-row\"><div class=\"scs-col\" style=\"width: 100%;\"><div id=\"[!--$scsGenerateComponentId(1)--]\"></div></div></div>","componentInstances":{"[!--$scsGenerateComponentId(1)--]":{"type":"scs-paragraph","id":"scs-paragraph","data":{"alignment":"fill","backgroundColor":"","borderColor":"#808080","borderRadius":0,"borderStyle":"none","borderWidth":1,"fontColor":"#333333","fontFamily":"'Helvetica Neue', Helvetica, Arial, sans-serif","fontSize":16,"innerHTML":"<div><!-- ko if: visible --><div class=\"scs-paragraph  scs-component scs-paragraph-default-style\" style=\"margin-top:0px;margin-right:0px;margin-bottom:0px;margin-left:5px;\"><div class=\"scs-component-content\" data-bind=\"scsCompSetupLightbox\" style=\"text-align:left;width:100%;\"><div class=\"scs-paragraph-text\" style=\"\"><div><a linktype=\"scs-link-email\" href=\"mailto:info@company.com\">info@company.com</a></div><div><a linktype=\"scs-link-webpage\" href=\"tel:+1 (357) 123-5678\">+1 (357) 123 5678</a></div></div></div></div><!-- /ko --></div>","marginBottom":0,"marginLeft":0,"marginRight":0,"marginTop":0,"placeholderText":"","styleClass":"","styleClassName":"","styleClassTag":"","toolbarGroups":"","useStyleClass":"true","userText":"<div><a linktype=\"scs-link-email\" href=\"mailto:info@company.com\">info@company.com</a></div><div><a linktype=\"scs-link-webpage\" href=\"tel:+1 (357) 123-5678\">+1 (357) 123 5678</a></div>","visible":true,"width":400}}}}}