{
	"id": "VBCS-Request-Form",
	"settingsData": {
		"settingsHeight": 90,
		"settingsWidth": 300,
		"settingsRenderOption": "dialog",
		"componentLayouts": [],
		"styles": [
			{
				"name": "Bold",
				"class": "sample-component-bold-style"
            },
			{
				"name": "Italic",
				"class": "sample-component-italic-style"
            }
		],
		"triggers": [],
		"actions": []
	},
	"initialData": {
		"componentId": "VBCS-Data-Report2",
		"componentLayout": "default",
		"customSettingsData": {
			"width": "260px"
		},
		"nestedComponents": []
	}
}
