{
	"id": "ECVBCS-Gated-Form",
	"settingsData": {
		"settingsHeight": 90,
		"settingsWidth": 300,
		"settingsRenderOption": "dialog",
		"componentLayouts": [],
		"triggers": [{
			"triggerName": "VBCSGatedFormSubmitted",
			"triggerDescription": "VBCS gated form submitted",
			"triggerPayload": [{
				"name": "payloadData",
				"displayName": "Document URL"
            		}]
        	}],
		"actions": []
	},
	"initialData": {
		"componentId": "ECVBCS-Gated-Form",
		"componentLayout": "default",
		"customSettingsData": {
			"width": "260px"
		},
		"nestedComponents": []
	}
}
