{
    "summary": {
        "contentTypes": [
            "Starter-Blog-Author",
            "Image",
            "Starter-Blog-Image",
            "Starter-Blog-Post"
        ],
        "contentItems": [
            "CONT2130A81422E143B0A787BB345C1B4E04",
            "CONT98917169F0CD4D7281E69B8E26F29861",
            "CONT09066E53B95B4441B3DD5A487C4BE719",
            "CONTE7C7063ABA594409B0EB3E74D8415E27",
            "CONTEAA8D30597C842B2BA7B645CA8D4CD67",
            "CONTD66B8A68A0034DE7B40F6D14EAD42E92",
            "CORE59B4031E0BEA482EB4808A182FB1841C",
            "CORE71603FF72B4F4B01B2A2D5D292F6435A",
            "CONT919354F89C57481CBEC24B9D181E4CBC",
            "CORE8D0868D29F57483FA607D7A0630CC7D4",
            "CONT63CD274980024678A0B6C6A05195E19B",
            "COREA7E9BDA5E06145F78395F103FC587964",
            "CONT2BDD0CFCE14C43D984BE5B429E137C24",
            "CORE9A1AAD548D6642C2AF627955C21D9661",
            "CONT59F433EC497F42DBB8BDF4076F6DFAC6",
            "CORE75A1EC4E4FE941898A95B76D6EEB347C",
            "CORE54096A081BBB4044AE1AC7608C3DD69D",
            "CONTB647217B9799455C9966B6DB22BFAF1D",
            "CONT1B5A45885C7F40B39E78E2E3182CF950",
            "CORE0676665F53764E3D9C2103E2FD42DF6F",
            "CONTD8BDC5F4B1EB49D3B26B2DA59550A162",
            "CORE9DECAEC24466455E9CA43ADFC38C201E",
            "CONT8FBAADFE6F644791BBD722B5D1199AE3",
            "CORE9E59CB9E28724951B5580272E50674B4",
            "CONT9DD48142C0A8457E9C7FA0E9EBC8C258",
            "CONTE53B201CF0204C3A8491B767FA90B18F",
            "CONT3110A512B76A4F8AB544208A59896B78",
            "CORECE3370197DB34D77A2D5D4DC0118B9C8",
            "CONTF2FA919157F1464EB2369B91741A79A6"
        ]
    },
    "categoryLayoutMappings": [
        {
            "type": "Starter-Blog-Author",
            "categoryList": [
                {
                    "categoryName": "Summary",
                    "layoutName": "Starter-Blog-Author-Summary"
                },
                {
                    "categoryName": "Default",
                    "layoutName": ""
                },
                {
                    "categoryName": "Content List Default",
                    "layoutName": ""
                },
                {
                    "categoryName": "Empty Content List Default",
                    "layoutName": ""
                },
                {
                    "categoryName": "Content Placeholder Default",
                    "layoutName": ""
                }
            ]
        },
        {
            "type": "Starter-Blog-Image",
            "categoryList": [
                {
                    "categoryName": "Default",
                    "layoutName": "Starter-Blog-Image-Content"
                },
                {
                    "categoryName": "Content List Default",
                    "layoutName": ""
                },
                {
                    "categoryName": "Empty Content List Default",
                    "layoutName": ""
                },
                {
                    "categoryName": "Content Placeholder Default",
                    "layoutName": ""
                }
            ]
        },
        {
            "type": "Starter-Blog-Post",
            "categoryList": [
                {
                    "categoryName": "Header",
                    "layoutName": "Starter-Blog-Post-Header"
                },
                {
                    "categoryName": "Content",
                    "layoutName": "Starter-Blog-Post-Content"
                },
                {
                    "categoryName": "Search",
                    "layoutName": "Starter-Blog-Post-Search-Result"
                },
                {
                    "categoryName": "Sidebar",
                    "layoutName": "Starter-Blog-Post-Sidebar"
                },
                {
                    "categoryName": "Summary",
                    "layoutName": "Starter-Blog-Post-Summary"
                },
                {
                    "categoryName": "Default",
                    "layoutName": ""
                },
                {
                    "categoryName": "Content List Default",
                    "layoutName": ""
                },
                {
                    "categoryName": "Empty Content List Default",
                    "layoutName": ""
                },
                {
                    "categoryName": "Content Placeholder Default",
                    "layoutName": ""
                }
            ]
        }
    ],
    "layoutComponents": [
        "Starter-Blog-Author-Summary",
        "",
        "Starter-Blog-Image-Content",
        "Starter-Blog-Post-Header",
        "Starter-Blog-Post-Content",
        "Starter-Blog-Post-Search-Result",
        "Starter-Blog-Post-Sidebar",
        "Starter-Blog-Post-Summary"
    ],
    "editorComponents": []
}