{
    "summary": {
        "contentTypes": [
            "Starter-Blog-Author",
            "Image",
            "Starter-Blog-Post"
        ],
        "contentItems": [
            "COREA8F83C3080F34DF9821882F07036246D",
            "COREC119F6067930402E90F5B06735AE657C",
            "CONT689BB59CA7E2470289F64102A025F915",
            "CONTCA005748643D4152AA3E997D5ED72D99",
            "COREC84F19F5A33A4BA3A1C3B11A75BAA504",
            "CORE3B29B2E43EBE4E5EBAC685A14E3D6009",
            "CONTD7749267068F424AA95959F6474B6DFB",
            "COREC277173E3D544182BCE7E47C6F4854A9",
            "CONT77FC77E763C34B83A046443E7D782B06",
            "CORE63AFE3ED9E1C4E6292E8865521935A90",
            "COREE1EA1D6E580547D8BBC4899EDCB904CF",
            "CONTAA6EF5AADF60445C819AF0567CFC02AC",
            "CONTDD1184E14E754B14B61BE95642F79E2A",
            "CONT3A4E9FD60A5C4BFAA72DC95A46961F9E",
            "CORE8B70E27DC64843ED912B0D1FC36333A9",
            "CORE160256922A5F4B60B172B672948E85BF",
            "CONTEAAF5EE375F14013BDABA923BD2DE5AC",
            "CONTD0A8B3A20E1A413ABA3844E507B2FC2D",
            "CONTE8D51B0E73BE4B4284CC905CD08469BD",
            "CORED3D87F53714B44DABE35C3B0AE988D36",
            "CONT7A2541B79E9546F9859C02B6620C8919",
            "CORE1DF757AE993646549722A024C839513D"
        ]
    },
    "categoryLayoutMappings": [
        {
            "type": "Starter-Blog-Author",
            "categoryList": [
                {
                    "categoryName": "Summary",
                    "layoutName": "Starter-Blog-Author-Summary"
                }
            ]
        },
        {
            "type": "Starter-Blog-Post",
            "categoryList": [
                {
                    "categoryName": "Header",
                    "layoutName": "Starter-Blog-Post-Header"
                },
                {
                    "categoryName": "Content",
                    "layoutName": "Starter-Blog-Post-Content"
                },
                {
                    "categoryName": "Search",
                    "layoutName": "Starter-Blog-Post-Search-Result"
                },
                {
                    "categoryName": "Summary",
                    "layoutName": "Starter-Blog-Post-Summary"
                },
                {
                    "categoryName": "Sidebar",
                    "layoutName": "Starter-Blog-Post-Sidebar"
                }
            ]
        }
    ],
    "layoutComponents": [
        "Starter-Blog-Author-Summary",
        "Starter-Blog-Post-Header",
        "Starter-Blog-Post-Content",
        "Starter-Blog-Post-Search-Result",
        "Starter-Blog-Post-Summary",
        "Starter-Blog-Post-Sidebar"
    ],
    "editorComponents": []
}