{"summary":{"contentTypes":["Starter-Blog-Post","Starter-Blog-Author"],"contentItems":["CORE8C4431F693454D6FB976CAD42A0DCAF5","CONTD86002B8BA2545DDAA444CBF1A69D332","CONT8F4F3FF319D6441EBD086166C362F6C3","COREB62DBAB5CEDA4915A9C9F6050E554F63","COREABC85B7959614F3DABF2BF2CCCB2ECE9","CONT6B533F8314354930AD8AE1732F759A0B","CORE86C77D42A24E4F38B7BD4837AFE865F7","CORE0822912B2FE4404F841CFEF4A43C9828","CORE6E10572BC43649B4B0AC4BD82AF3F90A","CONT971A70FA70D84BA286A2FFE635E21DCF","CORE195955C2A63C419FBEB1E1793C389610","CORE4A7F873DA4BB4AD58A35A30BA8CBA814","CONTD332B1848DD943DFB823E4981C09D401","CORE9E4C2D48EB2942249FE1D088A17D01BD","CORE8D56B0330941485992E43DF912F0CED4","CONTBD374CE114CB440CB8BDAE38DE336FC1","CONT482D248CB0204B08B6C282ADAF137983","CONT413445A38929484C87AA3841F8A701B4","CONT61F91D0D3CA3427E86B52434C063F9EE","CONTD1528C15C26641E69E5D5C8C548E4FEF","CORE37B68649B78248058C28D567831D4ACB","CONT41B9E738B2294EAEAD5CC7D24D4D0F43"]},"categoryLayoutMappings":[{"type":"Starter-Blog-Post","categoryList":[{"categoryName":"Header","layoutName":"Starter-Blog-Post-Header"},{"categoryName":"Content","layoutName":"Starter-Blog-Post-Content"},{"categoryName":"Search","layoutName":"Starter-Blog-Post-Search-Result"},{"categoryName":"Summary","layoutName":"Starter-Blog-Post-Summary"},{"categoryName":"Sidebar","layoutName":"Starter-Blog-Post-Sidebar"}]},{"type":"Starter-Blog-Author","categoryList":[{"categoryName":"Summary","layoutName":"Starter-Blog-Author-Summary"}]}],"layoutComponents":["Starter-Blog-Post-Search-Result","Starter-Blog-Post-Summary","Starter-Blog-Post-Content","Starter-Blog-Post-Header","Starter-Blog-Post-Sidebar","Starter-Blog-Author-Summary"]}