{
  "properties": {
    "title": "",
    "pageLayout": "index.html",
    "pageDescription": "",
    "keywords": "",
    "hideFromSearchEngines": false,
    "header": "",
    "footer": "",
    "noIndex": false,
    "noFollow": false,
    "noArchive": false,
    "noSnippet": false,
    "isCobrowseEnabled": false
  },
  "slots": {
    "slot-content": {
      "components": [
        "89188c7b-5be0-4c03-b1ca-32cfee6d9961",
        "6cf52a7b-40a7-45ec-bf69-2dae0d81304a",
        "adf76b65-5f51-4aa2-99e0-ac0d3f2925c9",
        "a60fb1d2-d858-4fc9-97a6-2e9880349ecf"
      ],
      "grid": "<div class=\"scs-row\"><div class=\"scs-col\" style=\"width: 100%;\"><div id=\"89188c7b-5be0-4c03-b1ca-32cfee6d9961\"><\/div><\/div><\/div><div class=\"scs-row\"><div style=\"width: 61.11%;\" class=\"scs-col\"><div id=\"6cf52a7b-40a7-45ec-bf69-2dae0d81304a\"><\/div><\/div><div style=\"width: 5.55%;\" class=\"scs-col\"><div id=\"adf76b65-5f51-4aa2-99e0-ac0d3f2925c9\"><\/div><\/div><div style=\"width: 33.33%;\" class=\"scs-col\"><div id=\"a60fb1d2-d858-4fc9-97a6-2e9880349ecf\"><\/div><\/div><\/div>"
    },
    "navMenu": {
      "components": [
        "ad944c07-5b43-4b04-b343-bfd0c042d744"
      ],
      "grid": "<div class=\"scs-row\"><div class=\"scs-col\" style=\"width: 100%;\"><div id=\"ad944c07-5b43-4b04-b343-bfd0c042d744\"><\/div><\/div><\/div>"
    },
    "footer": {
      "components": [
        "ba89ead6-250d-4167-a537-7089bac5ddac"
      ],
      "grid": "<div class=\"scs-row\"><div class=\"scs-col\" style=\"width: 100%;\"><div id=\"ba89ead6-250d-4167-a537-7089bac5ddac\"><\/div><\/div><\/div>"
    },
    "logocontainer": {
      "components": [
        "baa0fec7-cd4a-490e-b42c-2fcaa9e72545"
      ],
      "grid": "<div class=\"scs-row\"><div class=\"scs-col\" style=\"width: 100%;\"><div id=\"baa0fec7-cd4a-490e-b42c-2fcaa9e72545\"><\/div><\/div><\/div>"
    }
  },
  "componentInstances": {
    "89188c7b-5be0-4c03-b1ca-32cfee6d9961": {
      "type": "scs-title",
      "id": "scs-title",
      "data": {
        "alignment": "fill",
        "backgroundColor": "",
        "borderColor": "#808080",
        "borderRadius": 0,
        "borderStyle": "none",
        "borderWidth": 1,
        "fontColor": "#333333",
        "fontFamily": "'Helvetica Neue', Helvetica, Arial, sans-serif",
        "fontSize": 24,
        "innerHTML": "<div><!-- ko if: visible --><div class=\"scs-title  scs-component scs-title-default-style\" style=\"margin-top:5px;margin-right:5px;margin-bottom:5px;margin-left:5px;\"><div class=\"scs-component-content\" data-bind=\"scsCompSetupLightbox\" style=\"text-align:left;width:100%;\"><div class=\"scs-title-text\" style=\"\"><div>Developing Templates<\/div><\/div><\/div><\/div><!-- \/ko --><\/div>",
        "marginBottom": 5,
        "marginLeft": 5,
        "marginRight": 5,
        "marginTop": 5,
        "placeholderText": "",
        "styleClass": "",
        "styleClassName": "",
        "styleClassTag": "",
        "toolbarGroups": "",
        "useStyleClass": "true",
        "userText": "<div>Developing Templates<\/div>",
        "visible": true,
        "width": 400
      }
    },
    "6cf52a7b-40a7-45ec-bf69-2dae0d81304a": {
      "type": "scs-paragraph",
      "id": "scs-paragraph",
      "data": {
        "alignment": "fill",
        "backgroundColor": "",
        "borderColor": "#808080",
        "borderRadius": 0,
        "borderStyle": "none",
        "borderWidth": 1,
        "fontColor": "#333333",
        "fontFamily": "'Helvetica Neue', Helvetica, Arial, sans-serif",
        "fontSize": 16,
        "innerHTML": "<div><!-- ko if: visible --><div class=\"scs-paragraph  scs-component scs-paragraph-default-style\" style=\"margin-top:5px;margin-right:5px;margin-bottom:5px;margin-left:5px;\"><div class=\"scs-component-content\" data-bind=\"scsCompSetupLightbox\" style=\"text-align:left;width:100%;\"><div class=\"scs-paragraph-text\" style=\"\"><div><div>As a developer, you can modify the starter template to create your own template.<\/div><div>&nbsp;<\/div><div>You can export and download the starter template directly on your local system, but if you want to modify the default site or see the effects of changes you make to the theme, it is helpful to create a new site from the template. You can use the editor to make changes to the site and use the desktop app to access the theme files and any custom component files. When you are done, you can create a new template from the site that you modified.<\/div><div>&nbsp;<\/div><div>Use the starter template to create a new site and then create a new template using the site as the template's default site.<\/div><ol><li>Select the starter template from the list of templates click <strong>Create Site<\/strong>. Name the site and click <strong>Create<\/strong>.<\/li><li>Click the Sites folder, select the site, and click <strong>Edit<\/strong>.<\/li><li>Provide a name for the update and click <strong>Create<\/strong>.<\/li><li>Click <strong>Edit <\/strong>to make changes. You can add and remove pages and page content, and when you are done, save and publish your changes.<br>If you make changes to the theme, you can publish the changes and see them immediately in the associated site.<\/li><li>To create a new template with all of your changes, select the site and click <strong>Create Template<\/strong>.<\/li><\/ol><div>For more information about developing templates, see&nbsp;<a target=\"_blank\" linktype=\"scs-link-webpage\" href=\"http:\/\/www.oracle.com\/pls\/topic\/lookup?ctx=cloud&amp;id=CECSD-GUID-2752841B-D5DD-4017-8018-A4751B76215D\">Developing Templates<\/a>&nbsp;in&nbsp;<em>Developing for Oracle Content and Experience<\/em>.<\/div><div>&nbsp;<\/div><div>&nbsp;<\/div><\/div><div><div>The following pages provide more information about working with template content to create your own template:<\/div><div><ul><li><a target=\"_self\" linktype=\"scs-link-sitepage\" href=\"[!--$SCS_PAGE--]110[\/!--$SCS_PAGE--]\">Themes<\/a><\/li><li><a target=\"_self\" linktype=\"scs-link-sitepage\" href=\"[!--$SCS_PAGE--]120[\/!--$SCS_PAGE--]\">Pages<\/a><\/li><li><a target=\"_self\" linktype=\"scs-link-sitepage\" href=\"[!--$SCS_PAGE--]130[\/!--$SCS_PAGE--]\">Navigation<\/a><\/li><li><a target=\"_self\" linktype=\"scs-link-sitepage\" href=\"[!--$SCS_PAGE--]140[\/!--$SCS_PAGE--]\">Page Content<\/a><\/li><li><a target=\"_self\" linktype=\"scs-link-sitepage\" href=\"[!--$SCS_PAGE--]150[\/!--$SCS_PAGE--]\">Components<\/a><\/li><\/ul><\/div><\/div><\/div><\/div><\/div><!-- \/ko --><\/div>",
        "marginBottom": 5,
        "marginLeft": 5,
        "marginRight": 5,
        "marginTop": 5,
        "placeholderText": "",
        "styleClass": "",
        "styleClassName": "",
        "styleClassTag": "",
        "toolbarGroups": "",
        "useStyleClass": "true",
        "userText": "<div><div>As a developer, you can modify the starter template to create your own template.<\/div><div>&nbsp;<\/div><div>You can export and download the starter template directly on your local system, but if you want to modify the default site or see the effects of changes you make to the theme, it is helpful to create a new site from the template. You can use the editor to make changes to the site and use the desktop app to access the theme files and any custom component files. When you are done, you can create a new template from the site that you modified.<\/div><div>&nbsp;<\/div><div>Use the starter template to create a new site and then create a new template using the site as the template's default site.<\/div><ol><li>Select the starter template from the list of templates click <strong>Create Site<\/strong>. Name the site and click <strong>Create<\/strong>.<\/li><li>Click the Sites folder, select the site, and click <strong>Edit<\/strong>.<\/li><li>Provide a name for the update and click <strong>Create<\/strong>.<\/li><li>Click <strong>Edit <\/strong>to make changes. You can add and remove pages and page content, and when you are done, save and publish your changes.<br>If you make changes to the theme, you can publish the changes and see them immediately in the associated site.<\/li><li>To create a new template with all of your changes, select the site and click <strong>Create Template<\/strong>.<\/li><\/ol><div>For more information about developing templates, see&nbsp;<a target=\"_blank\" linktype=\"scs-link-webpage\" href=\"http:\/\/www.oracle.com\/pls\/topic\/lookup?ctx=cloud&amp;id=CECSD-GUID-2752841B-D5DD-4017-8018-A4751B76215D\">Developing Templates<\/a>&nbsp;in&nbsp;<em>Developing for Oracle Content and Experience<\/em>.<\/div><div>&nbsp;<\/div><div>&nbsp;<\/div><\/div><div><div>The following pages provide more information about working with template content to create your own template:<\/div><div><ul><li><a target=\"_self\" linktype=\"scs-link-sitepage\" href=\"[!--$SCS_PAGE--]110[\/!--$SCS_PAGE--]\">Themes<\/a><\/li><li><a target=\"_self\" linktype=\"scs-link-sitepage\" href=\"[!--$SCS_PAGE--]120[\/!--$SCS_PAGE--]\">Pages<\/a><\/li><li><a target=\"_self\" linktype=\"scs-link-sitepage\" href=\"[!--$SCS_PAGE--]130[\/!--$SCS_PAGE--]\">Navigation<\/a><\/li><li><a target=\"_self\" linktype=\"scs-link-sitepage\" href=\"[!--$SCS_PAGE--]140[\/!--$SCS_PAGE--]\">Page Content<\/a><\/li><li><a target=\"_self\" linktype=\"scs-link-sitepage\" href=\"[!--$SCS_PAGE--]150[\/!--$SCS_PAGE--]\">Components<\/a><\/li><\/ul><\/div><\/div>",
        "visible": true,
        "width": 400
      }
    },
    "adf76b65-5f51-4aa2-99e0-ac0d3f2925c9": {
      "type": "scs-spacer",
      "id": "scs-spacer",
      "data": {
        
      }
    },
    "a60fb1d2-d858-4fc9-97a6-2e9880349ecf": {
      "type": "scs-paragraph",
      "id": "scs-paragraph",
      "data": {
        "alignment": "fill",
        "backgroundColor": "",
        "borderColor": "#808080",
        "borderRadius": 0,
        "borderStyle": "none",
        "borderWidth": 1,
        "fontColor": "#333333",
        "fontFamily": "'Helvetica Neue', Helvetica, Arial, sans-serif",
        "fontSize": 16,
        "innerHTML": "<div><!-- ko if: visible --><div class=\"scs-paragraph  scs-component scs-paragraph-default-style\" style=\"margin-top:10px;margin-right:10px;margin-bottom:10px;margin-left:10px;\"><div class=\"scs-component-content\" data-bind=\"scsCompSetupLightbox\" style=\"text-align:left;width:100%;\"><div class=\"scs-paragraph-text\" style=\"\"><div><strong><span style=\"font-size:18px\">Working with Files<\/span><\/strong><\/div><div>&nbsp;<\/div><div>You can download and work with individual files using the web interface, synchronize entire folders with the desktop app, or export a template to work with it offline.<\/div><div>&nbsp;<\/div><div><strong><span style=\"font-size:16px\">Web Interface<\/span><\/strong><\/div><div>&nbsp;<\/div><div><span name=\"OracleReview\" id=\"22\" class=\"segment\">You can browse the folders and download individual files for any of the folder types other than sites (use the site editor to work directly with sites).<\/span><span name=\"OracleReview\" id=\"23\" class=\"segment\"> After you modify a file, you can upload the file that contains your changes to create a new version of the file.<\/span><\/div><div>&nbsp;<\/div><div><strong><span style=\"font-size:16px\">Desktop App<\/span><\/strong><\/div><div>&nbsp;<div><p><span name=\"OracleReview\" id=\"27\" class=\"segment\">To make the entire contents of a folder directly available on a local computer, use the desktop app to synchronize the folder to your computer.<\/span><span name=\"OracleReview\" id=\"28\" class=\"segment\"> You can select and synchronize multiple folders, browse the folders, and work directly with files just as you do with other local files.<\/span><\/p><div><strong><span style=\"font-size:16px\">Template Export and Import<\/span><\/strong><\/div><div>&nbsp;<\/div><p><span name=\"OracleReview\" id=\"22\" class=\"segment\"><\/span>You can also export and download a template package as a .zip file, modify it offline, and then import it either as a new template or to replace the existing template. The template package includes the associated site, theme, and any custom components. When you\u2019re done working offline, create a .zip file containing the template package and import it.<\/p><\/div><\/div><\/div><\/div><\/div><!-- \/ko --><\/div>",
        "marginBottom": 10,
        "marginLeft": 10,
        "marginRight": 10,
        "marginTop": 10,
        "placeholderText": "",
        "styleClass": "",
        "styleClassName": "",
        "styleClassTag": "",
        "toolbarGroups": "",
        "useStyleClass": "true",
        "userText": "<div><strong><span style=\"font-size:18px\">Working with Files<\/span><\/strong><\/div><div>&nbsp;<\/div><div>You can download and work with individual files using the web interface, synchronize entire folders with the desktop app, or export a template to work with it offline.<\/div><div>&nbsp;<\/div><div><strong><span style=\"font-size:16px\">Web Interface<\/span><\/strong><\/div><div>&nbsp;<\/div><div><span name=\"OracleReview\" id=\"22\" class=\"segment\">You can browse the folders and download individual files for any of the folder types other than sites (use the site editor to work directly with sites).<\/span><span name=\"OracleReview\" id=\"23\" class=\"segment\"> After you modify a file, you can upload the file that contains your changes to create a new version of the file.<\/span><\/div><div>&nbsp;<\/div><div><strong><span style=\"font-size:16px\">Desktop App<\/span><\/strong><\/div><div>&nbsp;<div><p><span name=\"OracleReview\" id=\"27\" class=\"segment\">To make the entire contents of a folder directly available on a local computer, use the desktop app to synchronize the folder to your computer.<\/span><span name=\"OracleReview\" id=\"28\" class=\"segment\"> You can select and synchronize multiple folders, browse the folders, and work directly with files just as you do with other local files.<\/span><\/p><div><strong><span style=\"font-size:16px\">Template Export and Import<\/span><\/strong><\/div><div>&nbsp;<\/div><p><span name=\"OracleReview\" id=\"22\" class=\"segment\"><\/span>You can also export and download a template package as a .zip file, modify it offline, and then import it either as a new template or to replace the existing template. The template package includes the associated site, theme, and any custom components. When you\u2019re done working offline, create a .zip file containing the template package and import it.<\/p><\/div><\/div>",
        "visible": true,
        "width": 400
      }
    },
    "ad944c07-5b43-4b04-b343-bfd0c042d744": {
      "type": "scs-component",
      "id": "StarterNavMenu",
      "data": {
        "actions": "",
        "alignment": "fill",
        "assets": "",
        "borderColor": "#808080",
        "borderRadius": 0,
        "borderStyle": "none",
        "borderWidth": 1,
        "componentId": "starterNavMenu",
        "componentName": "Starter Navigation Menu Component",
        "componentFactory": "",
        "componentLayout": "default",
        "contentId": "",
        "contentLayoutCategory": "",
        "contentPlaceholder": false,
        "contentTypes": [
          
        ],
        "contentViewing": "",
        "customSettingsData": {
          "externalSiteEnabled": false
        },
        "componentConfig": {
          "id": "StarterNavMenu-component",
          "settingsData": {
            "settingsWidth": 350,
            "settingsRenderOption": "dialog",
            "componentLayouts": [
              
            ],
            "actions": [
              
            ]
          },
          "initialData": {
            "componentId": "starterNavMenu",
            "componentName": "Starter Navigation Menu Component",
            "componentLayout": "default",
            "marginBottom": 0,
            "marginLeft": 0,
            "marginRight": 0,
            "marginTop": 0,
            "customSettingsData": {
              "externalSiteEnabled": false
            },
            "nestedComponents": [
              
            ]
          }
        },
        "description": "",
        "detailPageId": "",
        "height": "",
        "initialized": true,
        "isCaaSLayout": false,
        "linkType": "scs-link-action",
        "marginBottom": 0,
        "marginLeft": 0,
        "marginRight": 0,
        "marginTop": 0,
        "nestedComponents": [
          
        ],
        "styleClass": "",
        "styleClassName": "",
        "seeded": false,
        "useStyleClass": "true",
        "visible": true,
        "visibleNestedComponents": [
          
        ],
        "width": 0
      }
    },
    "baa0fec7-cd4a-490e-b42c-2fcaa9e72545": {
      "type": "scs-title",
      "id": "scs-title",
      "data": {
        "alignment": "fill",
        "backgroundColor": "",
        "borderColor": "#808080",
        "borderRadius": 0,
        "borderStyle": "none",
        "borderWidth": 1,
        "fontColor": "#333333",
        "fontFamily": "'Helvetica Neue', Helvetica, Arial, sans-serif",
        "fontSize": 24,
        "innerHTML": "<div><!-- ko if: visible --><div class=\"scs-title  scs-component scs-title-default-style\" style=\"margin-top:5px;margin-right:5px;margin-bottom:5px;margin-left:5px;\"><div class=\"scs-component-content\" data-bind=\"scsCompSetupLightbox\" style=\"text-align:left;width:100%;\"><div class=\"scs-title-text\" style=\"\"><div>Starter Template<\/div><\/div><\/div><\/div><!-- \/ko --><\/div>",
        "marginBottom": 5,
        "marginLeft": 5,
        "marginRight": 5,
        "marginTop": 5,
        "placeholderText": "",
        "styleClass": "",
        "styleClassName": "",
        "styleClassTag": "",
        "toolbarGroups": "",
        "useStyleClass": "true",
        "userText": "<div>Starter Template<\/div>",
        "visible": true,
        "width": 400
      }
    },
    "c0b9dd5c-e005-457b-87f7-ab0fac36d7d8": {
      "type": "scs-socialbar",
      "id": "scs-socialbar",
      "data": {
        "alignment": "left",
        "backgroundColor": "",
        "borderColor": "#808080",
        "borderRadius": 0,
        "borderStyle": "none",
        "borderWidth": 1,
        "iconSize": 28,
        "iconSpacing": 10,
        "images": [
          {
            "source": "",
            "name": "COMP_ICON_FACEBOOK",
            "class": "scs-facebook-icon",
            "title": "",
            "altText": "",
            "description": "",
            "link": "http:\/\/www.facebook.com",
            "target": [
              "_blank"
            ]
          },
          {
            "source": "",
            "name": "COMP_ICON_LINKEDIN",
            "class": "scs-linkedin-icon",
            "title": "",
            "altText": "",
            "description": "",
            "link": "http:\/\/www.linkedin.com",
            "target": [
              "_blank"
            ]
          },
          {
            "source": "",
            "name": "COMP_ICON_TWITTER",
            "class": "scs-twitter-icon",
            "title": "",
            "altText": "",
            "description": "",
            "link": "http:\/\/www.twitter.com",
            "target": [
              "_blank"
            ]
          },
          {
            "source": "",
            "name": "COMP_ICON_GOOGLEPLUS",
            "class": "scs-googleplus-icon",
            "title": "",
            "altText": "",
            "description": "",
            "link": "http:\/\/plus.google.com",
            "target": [
              "_blank"
            ]
          },
          {
            "source": "",
            "name": "COMP_ICON_YOUTUBE",
            "class": "scs-youtube-icon",
            "title": "",
            "altText": "",
            "description": "",
            "link": "http:\/\/www.youtube.com",
            "target": [
              "_blank"
            ]
          }
        ],
        "layout": "horizontal",
        "marginBottom": 5,
        "marginLeft": 5,
        "marginRight": 5,
        "marginTop": 5,
        "styleClass": "",
        "useStyleClass": "true",
        "visible": true
      }
    },
    "a32e8961-3561-4ae3-97e2-896f1339eb54": {
      "type": "scs-title",
      "id": "scs-title",
      "data": {
        "alignment": "fill",
        "backgroundColor": "",
        "borderColor": "#808080",
        "borderRadius": 0,
        "borderStyle": "none",
        "borderWidth": 1,
        "fontColor": "#333333",
        "fontFamily": "'Helvetica Neue', Helvetica, Arial, sans-serif",
        "fontSize": 24,
        "innerHTML": "<div><!-- ko if: visible --><div class=\"scs-title  scs-component scs-title-default-style\" style=\"margin-top:5px;margin-right:5px;margin-bottom:5px;margin-left:5px;\"><div class=\"scs-component-content\" data-bind=\"scsCompSetupLightbox\" style=\"text-align:left;width:100%;\"><div class=\"scs-title-text\" style=\"\"><div style=\"text-align:center\">COPYRIGHT \u00a9 2018<\/div><\/div><\/div><\/div><!-- \/ko --><\/div>",
        "marginBottom": 5,
        "marginLeft": 5,
        "marginRight": 5,
        "marginTop": 5,
        "placeholderText": "",
        "styleClass": "",
        "styleClassName": "",
        "styleClassTag": "",
        "toolbarGroups": "",
        "useStyleClass": "true",
        "userText": "<div style=\"text-align:center\">COPYRIGHT \u00a9 2018<\/div>",
        "visible": true,
        "width": 400
      }
    },
    "ba89ead6-250d-4167-a537-7089bac5ddac": {
      "type": "scs-componentgroup",
      "id": "StarterFooter",
      "data": {
        "className": "",
        "components": [
          "c0b9dd5c-e005-457b-87f7-ab0fac36d7d8",
          "a32e8961-3561-4ae3-97e2-896f1339eb54"
        ],
        "grid": "<div class=\"scs-row\"><div class=\"scs-col\" style=\"width: 33.33%;\"><div id=\"c0b9dd5c-e005-457b-87f7-ab0fac36d7d8\"><\/div><\/div><div class=\"scs-col\" style=\"width: 66.67%;\"><div id=\"a32e8961-3561-4ae3-97e2-896f1339eb54\"><\/div><\/div><\/div>"
      }
    }
  }
}