{
  "properties": {
    "title": "",
    "pageLayout": "index.html",
    "pageDescription": "",
    "keywords": "",
    "hideFromSearchEngines": false,
    "header": "",
    "footer": "",
    "noIndex": false,
    "noFollow": false,
    "noArchive": false,
    "noSnippet": false,
    "isCobrowseEnabled": false
  },
  "slots": {
    "slot-content": {
      "components": [
        "2dd89d2e-96df-4253-9346-598b4ce286f0",
        "05aa1f60-c1e5-468e-945a-8ec8fc955da9"
      ],
      "grid": "<div class=\"scs-row\"><div class=\"scs-col\" style=\"width: 100%;\"><div id=\"2dd89d2e-96df-4253-9346-598b4ce286f0\"><\/div><div id=\"05aa1f60-c1e5-468e-945a-8ec8fc955da9\"><\/div><\/div><\/div>"
    },
    "footer": {
      "components": [
        "ebc04171-841f-4253-9cd1-bd0456ebefbe"
      ],
      "grid": "<div class=\"scs-row\"><div class=\"scs-col\" style=\"width: 100%;\"><div id=\"ebc04171-841f-4253-9cd1-bd0456ebefbe\"><\/div><\/div><\/div>"
    },
    "navMenu": {
      "components": [
        "fd5376f1-d0b1-4193-846e-09e332fe04ee"
      ],
      "grid": "<div class=\"scs-row\"><div class=\"scs-col\" style=\"width: 100%;\"><div id=\"fd5376f1-d0b1-4193-846e-09e332fe04ee\"><\/div><\/div><\/div>"
    },
    "logocontainer": {
      "components": [
        "ffbc61df-08d2-4e33-a28e-e398127645e6"
      ],
      "grid": "<div class=\"scs-row\"><div class=\"scs-col\" style=\"width: 100%;\"><div id=\"ffbc61df-08d2-4e33-a28e-e398127645e6\"><\/div><\/div><\/div>"
    }
  },
  "componentInstances": {
    "05aa1f60-c1e5-468e-945a-8ec8fc955da9": {
      "type": "scs-paragraph",
      "id": "scs-paragraph",
      "data": {
        "alignment": "fill",
        "backgroundColor": "",
        "borderColor": "#808080",
        "borderRadius": 0,
        "borderStyle": "none",
        "borderWidth": 1,
        "fontColor": "#333333",
        "fontFamily": "'Helvetica Neue', Helvetica, Arial, sans-serif",
        "fontSize": 16,
        "innerHTML": "<div><!-- ko if: visible --><div class=\"scs-paragraph  scs-component scs-paragraph-default-style\" style=\"margin-top:5px;margin-right:5px;margin-bottom:5px;margin-left:5px;\"><div class=\"scs-component-content\" data-bind=\"scsCompSetupLightbox\" style=\"text-align:left;width:100%;\"><div class=\"scs-paragraph-text\" style=\"\"><div><div><p>A theme defines the general look-and-feel of a site and includes the following:<\/p><ul><li><p><span name=\"OracleReview\" id=\"13\" class=\"segment\">Style settings for a site (CSS files)<\/span><\/p><\/li><li><p><span name=\"OracleReview\" id=\"14\" class=\"segment\">Layouts for pages (HTML files)<\/span><\/p><\/li><li><p><span name=\"OracleReview\" id=\"15\" class=\"segment\">Code to construct navigation for the site (JS files)<\/span><\/p><\/li><li><p><span name=\"OracleReview\" id=\"16\" class=\"segment\">Assets for background images or other content that are part of page layouts (images, JS files, and so on)<\/span><\/p><\/li><li><p><span name=\"OracleReview\" id=\"17\" class=\"segment\">A list of basic styles that can be used with the components (<\/span><code><span name=\"OracleReview\" id=\"18\" class=\"segment\">design.css<\/span><\/code><span name=\"OracleReview\" id=\"19\" class=\"segment\"> and <\/span><code><span name=\"OracleReview\" id=\"20\" class=\"segment\">design.json<\/span><\/code><span name=\"OracleReview\" id=\"21\" class=\"segment\"> files)<\/span><\/p><\/li><\/ul><p>For more information about developing themes, see <a linktype=\"scs-link-webpage\" target=\"_blank\" href=\"http:\/\/www.oracle.com\/pls\/topic\/lookup?ctx=cloud&amp;id=CECSD-GUID-41521968-8E06-413A-8845-5C0311AC16E1\">Developing Themes<\/a> in <em>Developing for Oracle Content and Experience<\/em>.<\/p><\/div><\/div><\/div><\/div><\/div><!-- \/ko --><\/div>",
        "marginBottom": 5,
        "marginLeft": 5,
        "marginRight": 5,
        "marginTop": 5,
        "placeholderText": "",
        "styleClass": "",
        "styleClassName": "",
        "styleClassTag": "",
        "toolbarGroups": "",
        "useStyleClass": "true",
        "userText": "<div><div><p>A theme defines the general look-and-feel of a site and includes the following:<\/p><ul><li><p><span name=\"OracleReview\" id=\"13\" class=\"segment\">Style settings for a site (CSS files)<\/span><\/p><\/li><li><p><span name=\"OracleReview\" id=\"14\" class=\"segment\">Layouts for pages (HTML files)<\/span><\/p><\/li><li><p><span name=\"OracleReview\" id=\"15\" class=\"segment\">Code to construct navigation for the site (JS files)<\/span><\/p><\/li><li><p><span name=\"OracleReview\" id=\"16\" class=\"segment\">Assets for background images or other content that are part of page layouts (images, JS files, and so on)<\/span><\/p><\/li><li><p><span name=\"OracleReview\" id=\"17\" class=\"segment\">A list of basic styles that can be used with the components (<\/span><code><span name=\"OracleReview\" id=\"18\" class=\"segment\">design.css<\/span><\/code><span name=\"OracleReview\" id=\"19\" class=\"segment\"> and <\/span><code><span name=\"OracleReview\" id=\"20\" class=\"segment\">design.json<\/span><\/code><span name=\"OracleReview\" id=\"21\" class=\"segment\"> files)<\/span><\/p><\/li><\/ul><p>For more information about developing themes, see <a linktype=\"scs-link-webpage\" target=\"_blank\" href=\"http:\/\/www.oracle.com\/pls\/topic\/lookup?ctx=cloud&amp;id=CECSD-GUID-41521968-8E06-413A-8845-5C0311AC16E1\">Developing Themes<\/a> in <em>Developing for Oracle Content and Experience<\/em>.<\/p><\/div><\/div>",
        "visible": true,
        "width": 400
      }
    },
    "2dd89d2e-96df-4253-9346-598b4ce286f0": {
      "type": "scs-title",
      "id": "scs-title",
      "data": {
        "alignment": "fill",
        "backgroundColor": "",
        "borderColor": "#808080",
        "borderRadius": 0,
        "borderStyle": "none",
        "borderWidth": 1,
        "fontColor": "#333333",
        "fontFamily": "'Helvetica Neue', Helvetica, Arial, sans-serif",
        "fontSize": 24,
        "innerHTML": "<div><!-- ko if: visible --><div class=\"scs-title  scs-component scs-title-default-style\" style=\"margin-top:5px;margin-right:5px;margin-bottom:5px;margin-left:5px;\"><div class=\"scs-component-content\" data-bind=\"scsCompSetupLightbox\" style=\"text-align:left;width:100%;\"><div class=\"scs-title-text\" style=\"\"><div>Themes<\/div><\/div><\/div><\/div><!-- \/ko --><\/div>",
        "marginBottom": 5,
        "marginLeft": 5,
        "marginRight": 5,
        "marginTop": 5,
        "placeholderText": "",
        "styleClass": "",
        "styleClassName": "",
        "styleClassTag": "",
        "toolbarGroups": "",
        "useStyleClass": "true",
        "userText": "<div>Themes<\/div>",
        "visible": true,
        "width": 400
      }
    },
    "fd5376f1-d0b1-4193-846e-09e332fe04ee": {
      "type": "scs-component",
      "id": "StarterNavMenu",
      "data": {
        "actions": "",
        "alignment": "fill",
        "assets": "",
        "borderColor": "#808080",
        "borderRadius": 0,
        "borderStyle": "none",
        "borderWidth": 1,
        "componentId": "starterNavMenu",
        "componentName": "Starter Navigation Menu Component",
        "componentFactory": "",
        "componentLayout": "default",
        "contentId": "",
        "contentLayoutCategory": "",
        "contentPlaceholder": false,
        "contentTypes": [
          
        ],
        "contentViewing": "",
        "customSettingsData": {
          "externalSiteEnabled": false
        },
        "componentConfig": {
          "id": "StarterNavMenu-component",
          "settingsData": {
            "settingsWidth": 350,
            "settingsRenderOption": "dialog",
            "componentLayouts": [
              
            ],
            "actions": [
              
            ]
          },
          "initialData": {
            "componentId": "starterNavMenu",
            "componentName": "Starter Navigation Menu Component",
            "componentLayout": "default",
            "marginBottom": 0,
            "marginLeft": 0,
            "marginRight": 0,
            "marginTop": 0,
            "customSettingsData": {
              "externalSiteEnabled": false
            },
            "nestedComponents": [
              
            ]
          }
        },
        "description": "",
        "detailPageId": "",
        "height": "",
        "initialized": true,
        "isCaaSLayout": false,
        "linkType": "scs-link-action",
        "marginBottom": 0,
        "marginLeft": 0,
        "marginRight": 0,
        "marginTop": 0,
        "nestedComponents": [
          
        ],
        "styleClass": "",
        "styleClassName": "",
        "seeded": false,
        "useStyleClass": "true",
        "visible": true,
        "visibleNestedComponents": [
          
        ],
        "width": 0
      }
    },
    "ffbc61df-08d2-4e33-a28e-e398127645e6": {
      "type": "scs-title",
      "id": "scs-title",
      "data": {
        "alignment": "fill",
        "backgroundColor": "",
        "borderColor": "#808080",
        "borderRadius": 0,
        "borderStyle": "none",
        "borderWidth": 1,
        "fontColor": "#333333",
        "fontFamily": "'Helvetica Neue', Helvetica, Arial, sans-serif",
        "fontSize": 24,
        "innerHTML": "<div><!-- ko if: visible --><div class=\"scs-title  scs-component scs-title-default-style\" style=\"margin-top:5px;margin-right:5px;margin-bottom:5px;margin-left:5px;\"><div class=\"scs-component-content\" data-bind=\"scsCompSetupLightbox\" style=\"text-align:left;width:100%;\"><div class=\"scs-title-text\" style=\"\"><div>Starter Template<\/div><\/div><\/div><\/div><!-- \/ko --><\/div>",
        "marginBottom": 5,
        "marginLeft": 5,
        "marginRight": 5,
        "marginTop": 5,
        "placeholderText": "",
        "styleClass": "",
        "styleClassName": "",
        "styleClassTag": "",
        "toolbarGroups": "",
        "useStyleClass": "true",
        "userText": "<div>Starter Template<\/div>",
        "visible": true,
        "width": 400
      }
    },
    "b9573688-8ab8-460f-a0e3-86ee410438d0": {
      "type": "scs-socialbar",
      "id": "scs-socialbar",
      "data": {
        "alignment": "left",
        "backgroundColor": "",
        "borderColor": "#808080",
        "borderRadius": 0,
        "borderStyle": "none",
        "borderWidth": 1,
        "iconSize": 28,
        "iconSpacing": 10,
        "images": [
          {
            "source": "",
            "name": "COMP_ICON_FACEBOOK",
            "class": "scs-facebook-icon",
            "title": "",
            "altText": "",
            "description": "",
            "link": "http:\/\/www.facebook.com",
            "target": [
              "_blank"
            ]
          },
          {
            "source": "",
            "name": "COMP_ICON_LINKEDIN",
            "class": "scs-linkedin-icon",
            "title": "",
            "altText": "",
            "description": "",
            "link": "http:\/\/www.linkedin.com",
            "target": [
              "_blank"
            ]
          },
          {
            "source": "",
            "name": "COMP_ICON_TWITTER",
            "class": "scs-twitter-icon",
            "title": "",
            "altText": "",
            "description": "",
            "link": "http:\/\/www.twitter.com",
            "target": [
              "_blank"
            ]
          },
          {
            "source": "",
            "name": "COMP_ICON_GOOGLEPLUS",
            "class": "scs-googleplus-icon",
            "title": "",
            "altText": "",
            "description": "",
            "link": "http:\/\/plus.google.com",
            "target": [
              "_blank"
            ]
          },
          {
            "source": "",
            "name": "COMP_ICON_YOUTUBE",
            "class": "scs-youtube-icon",
            "title": "",
            "altText": "",
            "description": "",
            "link": "http:\/\/www.youtube.com",
            "target": [
              "_blank"
            ]
          }
        ],
        "layout": "horizontal",
        "marginBottom": 5,
        "marginLeft": 5,
        "marginRight": 5,
        "marginTop": 5,
        "styleClass": "",
        "useStyleClass": "true",
        "visible": true
      }
    },
    "de3db509-33bd-4ef0-b31d-09a187e1d277": {
      "type": "scs-title",
      "id": "scs-title",
      "data": {
        "alignment": "fill",
        "backgroundColor": "",
        "borderColor": "#808080",
        "borderRadius": 0,
        "borderStyle": "none",
        "borderWidth": 1,
        "fontColor": "#333333",
        "fontFamily": "'Helvetica Neue', Helvetica, Arial, sans-serif",
        "fontSize": 24,
        "innerHTML": "<div><!-- ko if: visible --><div class=\"scs-title  scs-component scs-title-default-style\" style=\"margin-top:5px;margin-right:5px;margin-bottom:5px;margin-left:5px;\"><div class=\"scs-component-content\" data-bind=\"scsCompSetupLightbox\" style=\"text-align:left;width:100%;\"><div class=\"scs-title-text\" style=\"\"><div style=\"text-align:center\">COPYRIGHT \u00a9 2018<\/div><\/div><\/div><\/div><!-- \/ko --><\/div>",
        "marginBottom": 5,
        "marginLeft": 5,
        "marginRight": 5,
        "marginTop": 5,
        "placeholderText": "",
        "styleClass": "",
        "styleClassName": "",
        "styleClassTag": "",
        "toolbarGroups": "",
        "useStyleClass": "true",
        "userText": "<div style=\"text-align:center\">COPYRIGHT \u00a9 2018<\/div>",
        "visible": true,
        "width": 400
      }
    },
    "ebc04171-841f-4253-9cd1-bd0456ebefbe": {
      "type": "scs-componentgroup",
      "id": "FooterBar",
      "data": {
        "className": "",
        "components": [
          "b9573688-8ab8-460f-a0e3-86ee410438d0",
          "de3db509-33bd-4ef0-b31d-09a187e1d277"
        ],
        "grid": "<div class=\"scs-row\"><div class=\"scs-col\" style=\"width: 33.33%;\"><div id=\"b9573688-8ab8-460f-a0e3-86ee410438d0\"><\/div><\/div><div class=\"scs-col\" style=\"width: 66.67%;\"><div id=\"de3db509-33bd-4ef0-b31d-09a187e1d277\"><\/div><\/div><\/div>"
      }
    }
  }
}