{
  "properties": {
    "title": "",
    "pageLayout": "index.html",
    "pageDescription": "",
    "keywords": "",
    "hideFromSearchEngines": false,
    "header": "",
    "footer": "",
    "noIndex": false,
    "noFollow": false,
    "noArchive": false,
    "noSnippet": false,
    "isCobrowseEnabled": false
  },
  "slots": {
    "slot-content": {
      "components": [
        "8f7fadc1-8613-4106-aaa8-ddcbd4a171b5",
        "0770ab3b-8e9b-4534-bba8-8c94e412fed3"
      ],
      "grid": "<div class=\"scs-row\"><div class=\"scs-col\" style=\"width: 100%;\"><div id=\"8f7fadc1-8613-4106-aaa8-ddcbd4a171b5\"><\/div><\/div><\/div><div class=\"scs-row\"><div class=\"scs-col\" style=\"width: 100%;\"><div id=\"0770ab3b-8e9b-4534-bba8-8c94e412fed3\"><\/div><\/div><\/div>"
    },
    "footer": {
      "components": [
        "ab225136-59f9-40e1-95eb-42f634626011"
      ],
      "grid": "<div class=\"scs-row\"><div class=\"scs-col\" style=\"width: 100%;\"><div id=\"ab225136-59f9-40e1-95eb-42f634626011\"><\/div><\/div><\/div>"
    },
    "navMenu": {
      "components": [
        "a3ccb6fc-b762-4b39-a68d-9a7b5b6fcb47"
      ],
      "grid": "<div class=\"scs-row\"><div class=\"scs-col\" style=\"width: 100%;\"><div id=\"a3ccb6fc-b762-4b39-a68d-9a7b5b6fcb47\"><\/div><\/div><\/div>"
    },
    "logocontainer": {
      "components": [
        "d237fc60-5f8f-4f9e-a2a2-f1cc3ed21358"
      ],
      "grid": "<div class=\"scs-row\"><div class=\"scs-col\" style=\"width: 100%;\"><div id=\"d237fc60-5f8f-4f9e-a2a2-f1cc3ed21358\"><\/div><\/div><\/div>"
    }
  },
  "componentInstances": {
    "0770ab3b-8e9b-4534-bba8-8c94e412fed3": {
      "type": "scs-paragraph",
      "id": "scs-paragraph",
      "data": {
        "alignment": "fill",
        "backgroundColor": "",
        "borderColor": "#808080",
        "borderRadius": 0,
        "borderStyle": "none",
        "borderWidth": 1,
        "fontColor": "#333333",
        "fontFamily": "'Helvetica Neue', Helvetica, Arial, sans-serif",
        "fontSize": 16,
        "innerHTML": "<div><!-- ko if: visible --><div class=\"scs-paragraph  scs-component scs-paragraph-default-style\" style=\"margin-top:5px;margin-right:5px;margin-bottom:5px;margin-left:5px;\"><div class=\"scs-component-content\" data-bind=\"scsCompSetupLightbox\" style=\"text-align:left;width:100%;\"><div class=\"scs-paragraph-text\" style=\"\"><div>Your template can have a default site with pages you provide:<\/div><ul><li>Sample pages help your user get started with layout and content<\/li><li>Standard pages provide required content, such as a privacy policy page<\/li><\/ul><div>&nbsp;<\/div><div><p><span name=\"OracleReview\" id=\"51\" class=\"segment\">There is always a top page in the hierarchy, the \u201chome\u201d page for your site, beneath which all other pages are listed.<\/span><span name=\"OracleReview\" class=\"segment\"> To work with pages, click <strong>Edit<\/strong> and then click the Pages icon. You can add pages, change page settings, and drag and drop a page to change the order or nest the page under another page<\/span><span name=\"OracleReview\" id=\"53\" class=\"segment\">.<\/span><span name=\"OracleReview\" id=\"54\" class=\"segment\"><\/span><\/p><p><span name=\"OracleReview\" class=\"segment\">Changing the order of pages also changes the order in which they are listed in the navigation menu.<\/span><\/p><p>For more information about adding pages, see <a target=\"_blank\" linktype=\"scs-link-webpage\" href=\" http:\/\/www.oracle.com\/pls\/topic\/lookup?ctx=cloud&amp;id=CECSU-GUID-C5C48305-53CA-4879-9BA5-5DCC28FBEFE9\">Working with Pages<\/a> in <em>Using Oracle Content and Experience<\/em>.<\/p><\/div><\/div><\/div><\/div><!-- \/ko --><\/div>",
        "marginBottom": 5,
        "marginLeft": 5,
        "marginRight": 5,
        "marginTop": 5,
        "placeholderText": "",
        "styleClass": "",
        "styleClassName": "",
        "styleClassTag": "",
        "toolbarGroups": "",
        "useStyleClass": "true",
        "userText": "<div>Your template can have a default site with pages you provide:<\/div><ul><li>Sample pages help your user get started with layout and content<\/li><li>Standard pages provide required content, such as a privacy policy page<\/li><\/ul><div>&nbsp;<\/div><div><p><span name=\"OracleReview\" id=\"51\" class=\"segment\">There is always a top page in the hierarchy, the \u201chome\u201d page for your site, beneath which all other pages are listed.<\/span><span name=\"OracleReview\" class=\"segment\"> To work with pages, click <strong>Edit<\/strong> and then click the Pages icon. You can add pages, change page settings, and drag and drop a page to change the order or nest the page under another page<\/span><span name=\"OracleReview\" id=\"53\" class=\"segment\">.<\/span><span name=\"OracleReview\" id=\"54\" class=\"segment\"><\/span><\/p><p><span name=\"OracleReview\" class=\"segment\">Changing the order of pages also changes the order in which they are listed in the navigation menu.<\/span><\/p><p>For more information about adding pages, see <a target=\"_blank\" linktype=\"scs-link-webpage\" href=\" http:\/\/www.oracle.com\/pls\/topic\/lookup?ctx=cloud&amp;id=CECSU-GUID-C5C48305-53CA-4879-9BA5-5DCC28FBEFE9\">Working with Pages<\/a> in <em>Using Oracle Content and Experience<\/em>.<\/p><\/div>",
        "visible": true,
        "width": 400
      }
    },
    "8f7fadc1-8613-4106-aaa8-ddcbd4a171b5": {
      "type": "scs-title",
      "id": "scs-title",
      "data": {
        "alignment": "fill",
        "backgroundColor": "",
        "borderColor": "#808080",
        "borderRadius": 0,
        "borderStyle": "none",
        "borderWidth": 1,
        "fontColor": "#333333",
        "fontFamily": "'Helvetica Neue', Helvetica, Arial, sans-serif",
        "fontSize": 24,
        "innerHTML": "<div><!-- ko if: visible --><div class=\"scs-title  scs-component scs-title-default-style\" style=\"margin-top:5px;margin-right:5px;margin-bottom:5px;margin-left:5px;\"><div class=\"scs-component-content\" data-bind=\"scsCompSetupLightbox\" style=\"text-align:left;width:100%;\"><div class=\"scs-title-text\" style=\"\"><div>Pages<\/div><\/div><\/div><\/div><!-- \/ko --><\/div>",
        "marginBottom": 5,
        "marginLeft": 5,
        "marginRight": 5,
        "marginTop": 5,
        "placeholderText": "",
        "styleClass": "",
        "styleClassName": "",
        "styleClassTag": "",
        "toolbarGroups": "",
        "useStyleClass": "true",
        "userText": "<div>Pages<\/div>",
        "visible": true,
        "width": 400
      }
    },
    "a3ccb6fc-b762-4b39-a68d-9a7b5b6fcb47": {
      "type": "scs-component",
      "id": "StarterNavMenu",
      "data": {
        "actions": "",
        "alignment": "fill",
        "assets": "",
        "borderColor": "#808080",
        "borderRadius": 0,
        "borderStyle": "none",
        "borderWidth": 1,
        "componentId": "starterNavMenu",
        "componentName": "Starter Navigation Menu Component",
        "componentFactory": "",
        "componentLayout": "default",
        "contentId": "",
        "contentLayoutCategory": "",
        "contentPlaceholder": false,
        "contentTypes": [
          
        ],
        "contentViewing": "",
        "customSettingsData": {
          "externalSiteEnabled": false
        },
        "componentConfig": {
          "id": "StarterNavMenu-component",
          "settingsData": {
            "settingsWidth": 350,
            "settingsRenderOption": "dialog",
            "componentLayouts": [
              
            ],
            "actions": [
              
            ]
          },
          "initialData": {
            "componentId": "starterNavMenu",
            "componentName": "Starter Navigation Menu Component",
            "componentLayout": "default",
            "marginBottom": 0,
            "marginLeft": 0,
            "marginRight": 0,
            "marginTop": 0,
            "customSettingsData": {
              "externalSiteEnabled": false
            },
            "nestedComponents": [
              
            ]
          }
        },
        "description": "",
        "detailPageId": "",
        "height": "",
        "initialized": true,
        "isCaaSLayout": false,
        "linkType": "scs-link-action",
        "marginBottom": 0,
        "marginLeft": 0,
        "marginRight": 0,
        "marginTop": 0,
        "nestedComponents": [
          
        ],
        "styleClass": "",
        "styleClassName": "",
        "seeded": false,
        "useStyleClass": "true",
        "visible": true,
        "visibleNestedComponents": [
          
        ],
        "width": 0
      }
    },
    "d237fc60-5f8f-4f9e-a2a2-f1cc3ed21358": {
      "type": "scs-title",
      "id": "scs-title",
      "data": {
        "alignment": "fill",
        "backgroundColor": "",
        "borderColor": "#808080",
        "borderRadius": 0,
        "borderStyle": "none",
        "borderWidth": 1,
        "fontColor": "#333333",
        "fontFamily": "'Helvetica Neue', Helvetica, Arial, sans-serif",
        "fontSize": 24,
        "innerHTML": "<div><!-- ko if: visible --><div class=\"scs-title  scs-component scs-title-default-style\" style=\"margin-top:5px;margin-right:5px;margin-bottom:5px;margin-left:5px;\"><div class=\"scs-component-content\" data-bind=\"scsCompSetupLightbox\" style=\"text-align:left;width:100%;\"><div class=\"scs-title-text\" style=\"\"><div>Starter Template<\/div><\/div><\/div><\/div><!-- \/ko --><\/div>",
        "marginBottom": 5,
        "marginLeft": 5,
        "marginRight": 5,
        "marginTop": 5,
        "placeholderText": "",
        "styleClass": "",
        "styleClassName": "",
        "styleClassTag": "",
        "toolbarGroups": "",
        "useStyleClass": "true",
        "userText": "<div>Starter Template<\/div>",
        "visible": true,
        "width": 400
      }
    },
    "b0c77594-a20b-4043-863b-a00262de67a5": {
      "type": "scs-socialbar",
      "id": "scs-socialbar",
      "data": {
        "alignment": "left",
        "backgroundColor": "",
        "borderColor": "#808080",
        "borderRadius": 0,
        "borderStyle": "none",
        "borderWidth": 1,
        "iconSize": 28,
        "iconSpacing": 10,
        "images": [
          {
            "source": "",
            "name": "COMP_ICON_FACEBOOK",
            "class": "scs-facebook-icon",
            "title": "",
            "altText": "",
            "description": "",
            "link": "http:\/\/www.facebook.com",
            "target": [
              "_blank"
            ]
          },
          {
            "source": "",
            "name": "COMP_ICON_LINKEDIN",
            "class": "scs-linkedin-icon",
            "title": "",
            "altText": "",
            "description": "",
            "link": "http:\/\/www.linkedin.com",
            "target": [
              "_blank"
            ]
          },
          {
            "source": "",
            "name": "COMP_ICON_TWITTER",
            "class": "scs-twitter-icon",
            "title": "",
            "altText": "",
            "description": "",
            "link": "http:\/\/www.twitter.com",
            "target": [
              "_blank"
            ]
          },
          {
            "source": "",
            "name": "COMP_ICON_GOOGLEPLUS",
            "class": "scs-googleplus-icon",
            "title": "",
            "altText": "",
            "description": "",
            "link": "http:\/\/plus.google.com",
            "target": [
              "_blank"
            ]
          },
          {
            "source": "",
            "name": "COMP_ICON_YOUTUBE",
            "class": "scs-youtube-icon",
            "title": "",
            "altText": "",
            "description": "",
            "link": "http:\/\/www.youtube.com",
            "target": [
              "_blank"
            ]
          }
        ],
        "layout": "horizontal",
        "marginBottom": 5,
        "marginLeft": 5,
        "marginRight": 5,
        "marginTop": 5,
        "styleClass": "",
        "useStyleClass": "true",
        "visible": true
      }
    },
    "aa65da46-7008-4c5a-a9fd-258815ef4a0e": {
      "type": "scs-title",
      "id": "scs-title",
      "data": {
        "alignment": "fill",
        "backgroundColor": "",
        "borderColor": "#808080",
        "borderRadius": 0,
        "borderStyle": "none",
        "borderWidth": 1,
        "fontColor": "#333333",
        "fontFamily": "'Helvetica Neue', Helvetica, Arial, sans-serif",
        "fontSize": 24,
        "innerHTML": "<div><!-- ko if: visible --><div class=\"scs-title  scs-component scs-title-default-style\" style=\"margin-top:5px;margin-right:5px;margin-bottom:5px;margin-left:5px;\"><div class=\"scs-component-content\" data-bind=\"scsCompSetupLightbox\" style=\"text-align:left;width:100%;\"><div class=\"scs-title-text\" style=\"\"><div style=\"text-align:center\">COPYRIGHT \u00a9 2018<\/div><\/div><\/div><\/div><!-- \/ko --><\/div>",
        "marginBottom": 5,
        "marginLeft": 5,
        "marginRight": 5,
        "marginTop": 5,
        "placeholderText": "",
        "styleClass": "",
        "styleClassName": "",
        "styleClassTag": "",
        "toolbarGroups": "",
        "useStyleClass": "true",
        "userText": "<div style=\"text-align:center\">COPYRIGHT \u00a9 2018<\/div>",
        "visible": true,
        "width": 400
      }
    },
    "ab225136-59f9-40e1-95eb-42f634626011": {
      "type": "scs-componentgroup",
      "id": "StarterFooter",
      "data": {
        "className": "",
        "components": [
          "b0c77594-a20b-4043-863b-a00262de67a5",
          "aa65da46-7008-4c5a-a9fd-258815ef4a0e"
        ],
        "grid": "<div class=\"scs-row\"><div class=\"scs-col\" style=\"width: 33.33%;\"><div id=\"b0c77594-a20b-4043-863b-a00262de67a5\"><\/div><\/div><div class=\"scs-col\" style=\"width: 66.67%;\"><div id=\"aa65da46-7008-4c5a-a9fd-258815ef4a0e\"><\/div><\/div><\/div>"
      }
    }
  }
}