{
  "properties": {
    "title": "",
    "pageLayout": "index.html",
    "pageDescription": "",
    "keywords": "",
    "hideFromSearchEngines": false,
    "header": "",
    "footer": "",
    "noIndex": false,
    "noFollow": false,
    "noArchive": false,
    "noSnippet": false,
    "isCobrowseEnabled": false
  },
  "slots": {
    "slot-content": {
      "components": [
        "40fdc569-bf2f-4cba-9df9-d8d823428892",
        "99c98c90-b6c8-48e3-87b7-ea8e07dc7669"
      ],
      "grid": "<div class=\"scs-row\"><div class=\"scs-col\" style=\"width: 100%;\"><div id=\"40fdc569-bf2f-4cba-9df9-d8d823428892\"><\/div><div id=\"99c98c90-b6c8-48e3-87b7-ea8e07dc7669\"><\/div><\/div><\/div>"
    },
    "footer": {
      "components": [
        "a4055820-69e2-4a2b-a3ef-b01c3afb755e"
      ],
      "grid": "<div class=\"scs-row\"><div class=\"scs-col\" style=\"width: 100%;\"><div id=\"a4055820-69e2-4a2b-a3ef-b01c3afb755e\"><\/div><\/div><\/div>"
    },
    "navMenu": {
      "components": [
        "dc05ee64-88d3-4f46-9cad-0c5fabf95caf"
      ],
      "grid": "<div class=\"scs-row\"><div class=\"scs-col\" style=\"width: 100%;\"><div id=\"dc05ee64-88d3-4f46-9cad-0c5fabf95caf\"><\/div><\/div><\/div>"
    },
    "logocontainer": {
      "components": [
        "aae81588-a817-4704-b3cd-d53c7d56d5fe"
      ],
      "grid": "<div class=\"scs-row\"><div class=\"scs-col\" style=\"width: 100%;\"><div id=\"aae81588-a817-4704-b3cd-d53c7d56d5fe\"><\/div><\/div><\/div>"
    }
  },
  "componentInstances": {
    "99c98c90-b6c8-48e3-87b7-ea8e07dc7669": {
      "type": "scs-paragraph",
      "id": "scs-paragraph",
      "data": {
        "alignment": "fill",
        "backgroundColor": "",
        "borderColor": "#808080",
        "borderRadius": 0,
        "borderStyle": "none",
        "borderWidth": 1,
        "fontColor": "#333333",
        "fontFamily": "'Helvetica Neue', Helvetica, Arial, sans-serif",
        "fontSize": 16,
        "innerHTML": "<div><!-- ko if: visible --><div class=\"scs-paragraph  scs-component scs-paragraph-default-style\" style=\"margin-top:5px;margin-right:5px;margin-bottom:5px;margin-left:5px;\"><div class=\"scs-component-content\" data-bind=\"scsCompSetupLightbox\" style=\"text-align:left;width:100%;\"><div class=\"scs-paragraph-text\" style=\"\"><div>You can add content to the pages in your default site:<div><div><div><div><ul><li>Sample content to highlight particular components or to provide instruction<\/li><li>Standard content such as company logo and contact information in the banner or footer<span name=\"OracleReview\" id=\"15\" class=\"segment\"><span name=\"OracleReview\" id=\"60\" class=\"segment\"><\/span><\/span><span name=\"OracleReview\" id=\"16\" style=\"background:rgb(255, 255, 153) none repeat scroll 0% 0%\" class=\"segment\"> <\/span><\/li><\/ul><div><p>For more information about adding content to pages, see <a target=\"_blank\" linktype=\"scs-link-webpage\" href=\" http:\/\/www.oracle.com\/pls\/topic\/lookup?ctx=cloud&amp;id=CECSU-GUID-A20EA070-7726-41B2-A809-C5D1F86B5445\">Adding Content to a Page<\/a> in <em>Using Oracle Content and Experience Cloud<\/em>.<\/p><\/div><\/div><\/div><\/div><\/div><\/div><\/div><\/div><\/div><!-- \/ko --><\/div>",
        "marginBottom": 5,
        "marginLeft": 5,
        "marginRight": 5,
        "marginTop": 5,
        "placeholderText": "",
        "styleClass": "",
        "styleClassName": "",
        "styleClassTag": "",
        "toolbarGroups": "",
        "useStyleClass": "true",
        "userText": "<div>You can add content to the pages in your default site:<div><div><div><div><ul><li>Sample content to highlight particular components or to provide instruction<\/li><li>Standard content such as company logo and contact information in the banner or footer<span name=\"OracleReview\" id=\"15\" class=\"segment\"><span name=\"OracleReview\" id=\"60\" class=\"segment\"><\/span><\/span><span name=\"OracleReview\" id=\"16\" style=\"background:rgb(255, 255, 153) none repeat scroll 0% 0%\" class=\"segment\"> <\/span><\/li><\/ul><div><p>For more information about adding content to pages, see <a target=\"_blank\" linktype=\"scs-link-webpage\" href=\" http:\/\/www.oracle.com\/pls\/topic\/lookup?ctx=cloud&amp;id=CECSU-GUID-A20EA070-7726-41B2-A809-C5D1F86B5445\">Adding Content to a Page<\/a> in <em>Using Oracle Content and Experience Cloud<\/em>.<\/p><\/div><\/div><\/div><\/div><\/div><\/div>",
        "visible": true,
        "width": 400
      }
    },
    "40fdc569-bf2f-4cba-9df9-d8d823428892": {
      "type": "scs-title",
      "id": "scs-title",
      "data": {
        "alignment": "fill",
        "backgroundColor": "",
        "borderColor": "#808080",
        "borderRadius": 0,
        "borderStyle": "none",
        "borderWidth": 1,
        "fontColor": "#333333",
        "fontFamily": "'Helvetica Neue', Helvetica, Arial, sans-serif",
        "fontSize": 24,
        "innerHTML": "<div><!-- ko if: visible --><div class=\"scs-title  scs-component scs-title-default-style\" style=\"margin-top:5px;margin-right:5px;margin-bottom:5px;margin-left:5px;\"><div class=\"scs-component-content\" data-bind=\"scsCompSetupLightbox\" style=\"text-align:left;width:100%;\"><div class=\"scs-title-text\" style=\"\"><div>Page Content<\/div><\/div><\/div><\/div><!-- \/ko --><\/div>",
        "marginBottom": 5,
        "marginLeft": 5,
        "marginRight": 5,
        "marginTop": 5,
        "placeholderText": "",
        "styleClass": "",
        "styleClassName": "",
        "styleClassTag": "",
        "toolbarGroups": "",
        "useStyleClass": "true",
        "userText": "<div>Page Content<\/div>",
        "visible": true,
        "width": 400
      }
    },
    "dc05ee64-88d3-4f46-9cad-0c5fabf95caf": {
      "type": "scs-component",
      "id": "StarterNavMenu",
      "data": {
        "actions": "",
        "alignment": "fill",
        "assets": "",
        "borderColor": "#808080",
        "borderRadius": 0,
        "borderStyle": "none",
        "borderWidth": 1,
        "componentId": "starterNavMenu",
        "componentName": "Starter Navigation Menu Component",
        "componentFactory": "",
        "componentLayout": "default",
        "contentId": "",
        "contentLayoutCategory": "",
        "contentPlaceholder": false,
        "contentTypes": [
          
        ],
        "contentViewing": "",
        "customSettingsData": {
          "externalSiteEnabled": false
        },
        "componentConfig": {
          "id": "StarterNavMenu-component",
          "settingsData": {
            "settingsWidth": 350,
            "settingsRenderOption": "dialog",
            "componentLayouts": [
              
            ],
            "actions": [
              
            ]
          },
          "initialData": {
            "componentId": "starterNavMenu",
            "componentName": "Starter Navigation Menu Component",
            "componentLayout": "default",
            "marginBottom": 0,
            "marginLeft": 0,
            "marginRight": 0,
            "marginTop": 0,
            "customSettingsData": {
              "externalSiteEnabled": false
            },
            "nestedComponents": [
              
            ]
          }
        },
        "description": "",
        "detailPageId": "",
        "height": "",
        "initialized": true,
        "isCaaSLayout": false,
        "linkType": "scs-link-action",
        "marginBottom": 0,
        "marginLeft": 0,
        "marginRight": 0,
        "marginTop": 0,
        "nestedComponents": [
          
        ],
        "styleClass": "",
        "styleClassName": "",
        "seeded": false,
        "useStyleClass": "true",
        "visible": true,
        "visibleNestedComponents": [
          
        ],
        "width": 0
      }
    },
    "aae81588-a817-4704-b3cd-d53c7d56d5fe": {
      "type": "scs-title",
      "id": "scs-title",
      "data": {
        "alignment": "fill",
        "backgroundColor": "",
        "borderColor": "#808080",
        "borderRadius": 0,
        "borderStyle": "none",
        "borderWidth": 1,
        "fontColor": "#333333",
        "fontFamily": "'Helvetica Neue', Helvetica, Arial, sans-serif",
        "fontSize": 24,
        "innerHTML": "<div><!-- ko if: visible --><div class=\"scs-title  scs-component scs-title-default-style\" style=\"margin-top:5px;margin-right:5px;margin-bottom:5px;margin-left:5px;\"><div class=\"scs-component-content\" data-bind=\"scsCompSetupLightbox\" style=\"text-align:left;width:100%;\"><div class=\"scs-title-text\" style=\"\"><div>Starter Template<\/div><\/div><\/div><\/div><!-- \/ko --><\/div>",
        "marginBottom": 5,
        "marginLeft": 5,
        "marginRight": 5,
        "marginTop": 5,
        "placeholderText": "",
        "styleClass": "",
        "styleClassName": "",
        "styleClassTag": "",
        "toolbarGroups": "",
        "useStyleClass": "true",
        "userText": "<div>Starter Template<\/div>",
        "visible": true,
        "width": 400
      }
    },
    "df24f884-503d-43fc-b996-a59010827fc5": {
      "type": "scs-socialbar",
      "id": "scs-socialbar",
      "data": {
        "alignment": "left",
        "backgroundColor": "",
        "borderColor": "#808080",
        "borderRadius": 0,
        "borderStyle": "none",
        "borderWidth": 1,
        "iconSize": 28,
        "iconSpacing": 10,
        "images": [
          {
            "source": "",
            "name": "COMP_ICON_FACEBOOK",
            "class": "scs-facebook-icon",
            "title": "",
            "altText": "",
            "description": "",
            "link": "http:\/\/www.facebook.com",
            "target": [
              "_blank"
            ]
          },
          {
            "source": "",
            "name": "COMP_ICON_LINKEDIN",
            "class": "scs-linkedin-icon",
            "title": "",
            "altText": "",
            "description": "",
            "link": "http:\/\/www.linkedin.com",
            "target": [
              "_blank"
            ]
          },
          {
            "source": "",
            "name": "COMP_ICON_TWITTER",
            "class": "scs-twitter-icon",
            "title": "",
            "altText": "",
            "description": "",
            "link": "http:\/\/www.twitter.com",
            "target": [
              "_blank"
            ]
          },
          {
            "source": "",
            "name": "COMP_ICON_GOOGLEPLUS",
            "class": "scs-googleplus-icon",
            "title": "",
            "altText": "",
            "description": "",
            "link": "http:\/\/plus.google.com",
            "target": [
              "_blank"
            ]
          },
          {
            "source": "",
            "name": "COMP_ICON_YOUTUBE",
            "class": "scs-youtube-icon",
            "title": "",
            "altText": "",
            "description": "",
            "link": "http:\/\/www.youtube.com",
            "target": [
              "_blank"
            ]
          }
        ],
        "layout": "horizontal",
        "marginBottom": 5,
        "marginLeft": 5,
        "marginRight": 5,
        "marginTop": 5,
        "styleClass": "",
        "useStyleClass": "true",
        "visible": true
      }
    },
    "a824882b-1419-441b-95e6-f009617504b4": {
      "type": "scs-title",
      "id": "scs-title",
      "data": {
        "alignment": "fill",
        "backgroundColor": "",
        "borderColor": "#808080",
        "borderRadius": 0,
        "borderStyle": "none",
        "borderWidth": 1,
        "fontColor": "#333333",
        "fontFamily": "'Helvetica Neue', Helvetica, Arial, sans-serif",
        "fontSize": 24,
        "innerHTML": "<div><!-- ko if: visible --><div class=\"scs-title  scs-component scs-title-default-style\" style=\"margin-top:5px;margin-right:5px;margin-bottom:5px;margin-left:5px;\"><div class=\"scs-component-content\" data-bind=\"scsCompSetupLightbox\" style=\"text-align:left;width:100%;\"><div class=\"scs-title-text\" style=\"\"><div style=\"text-align:center\">COPYRIGHT \u00a9 2018<\/div><\/div><\/div><\/div><!-- \/ko --><\/div>",
        "marginBottom": 5,
        "marginLeft": 5,
        "marginRight": 5,
        "marginTop": 5,
        "placeholderText": "",
        "styleClass": "",
        "styleClassName": "",
        "styleClassTag": "",
        "toolbarGroups": "",
        "useStyleClass": "true",
        "userText": "<div style=\"text-align:center\">COPYRIGHT \u00a9 2018<\/div>",
        "visible": true,
        "width": 400
      }
    },
    "a4055820-69e2-4a2b-a3ef-b01c3afb755e": {
      "type": "scs-componentgroup",
      "id": "StarterFooter",
      "data": {
        "className": "",
        "components": [
          "df24f884-503d-43fc-b996-a59010827fc5",
          "a824882b-1419-441b-95e6-f009617504b4"
        ],
        "grid": "<div class=\"scs-row\"><div class=\"scs-col\" style=\"width: 33.33%;\"><div id=\"df24f884-503d-43fc-b996-a59010827fc5\"><\/div><\/div><div class=\"scs-col\" style=\"width: 66.67%;\"><div id=\"a824882b-1419-441b-95e6-f009617504b4\"><\/div><\/div><\/div>"
      }
    }
  }
}