{"properties":{"title":"","pageLayout":"index.html","mobileLayout":"","pageDescription":"","keywords":"","hideFromSearchEngines":false,"header":"","footer":"","noIndex":false,"noFollow":false,"noArchive":false,"noSnippet":false,"isCobrowseEnabled":false,"overrideWebAnalytics":false,"webAnalyticsScript":null},"slots":{"slot-content":{"components":["fd63f71c-f5b2-4be8-b3e9-449a281f3aa4"],"grid":"<div class=\"scs-row\"><div class=\"scs-col\" style=\"width: 100%;\"><div id=\"fd63f71c-f5b2-4be8-b3e9-449a281f3aa4\"></div></div></div>"},"footer":{"components":["ae5daaeb-5247-4d59-b165-c27325d48e99","c91e777b-452a-40e4-9293-534c1fd1e533"],"grid":"<div class=\"scs-row\"><div class=\"scs-col\" style=\"width: 50%;\"><div id=\"ae5daaeb-5247-4d59-b165-c27325d48e99\"></div></div><div class=\"scs-col\" style=\"width: 50%;\"><div id=\"c91e777b-452a-40e4-9293-534c1fd1e533\"></div></div></div>"},"navMenu":{"components":["abd5c93a-c089-4f3f-bc7e-3738ae3516ea"],"grid":"<div class=\"scs-row\"><div class=\"scs-col\" style=\"width: 100%;\"><div id=\"abd5c93a-c089-4f3f-bc7e-3738ae3516ea\"></div></div></div>"},"logocontainer":{"components":["bd2276ce-03a7-4568-adc0-b4847f3824e6"],"grid":"<div class=\"scs-row\"><div class=\"scs-col\" style=\"width: 100%;\"><div id=\"bd2276ce-03a7-4568-adc0-b4847f3824e6\"></div></div></div>"}},"componentInstances":{"fd63f71c-f5b2-4be8-b3e9-449a281f3aa4":{"type":"scs-contentlist","id":"scs-contentlist","data":{"actions":"","additionalItems":2,"alignment":"fill","autoRefreshOnSearch":true,"backgroundColor":"","backgroundColorHover":"","borderColor":"black","borderColorHover":"","borderRadius":0,"borderStyle":"none","borderWidth":1,"contentTypes":["search_blog"],"customSettingsData":"","dateFilter":"all","dateFilterBegin":"","dateFilterEnd":"","dateFilterNumber":1,"dateFilterNumber2":1,"dateFilterUnits":"days","detailPageId":"","emptyListLayoutCategory":"None","firstItem":0,"firstLabel":"","fontColor":"#333333","fontColorHover":"","fontFamily":"'Helvetica Neue', Helvetica, Arial, sans-serif","fontSize":13,"language":"","lastLabel":"","layoutCategory":"","lazyLoadClickText":"Load More...","linkType":"scs-link-action","loadType":"none","marginBottom":5,"marginLeft":5,"marginRight":5,"marginTop":5,"maxResults":10,"nextLabel":"","paginationAlignment":"center","prevLabel":"","queryString":"","sectionLayout":"","sectionLayoutInstanceId":"","showFirstLast":"false","showPageNumbers":"true","showPagination":"false","showPrevNext":"true","sortOrder":"name:asc","styleClass":"","useStyleClass":"true","visible":true,"visibleOnMobile":"","width":""}},"ae5daaeb-5247-4d59-b165-c27325d48e99":{"type":"scs-socialbar","id":"scs-socialbar","data":{"alignment":"left","backgroundColor":"","borderColor":"#808080","borderRadius":0,"borderStyle":"none","borderWidth":1,"iconSize":24,"iconSpacing":5,"images":[{"id":"icon320382885","name":"COMP_ICON_FACEBOOK","class":"scs-facebook-icon","title":"","altText":""},{"id":"icon131811662","name":"COMP_ICON_LINKEDIN","class":"scs-linkedin-icon","title":"","altText":""},{"id":"icon486530998","name":"COMP_ICON_TWITTER","class":"scs-twitter-icon","title":"","altText":""},{"id":"icon263767943","name":"COMP_ICON_GOOGLEPLUS","class":"scs-googleplus-icon","title":"","altText":""},{"id":"icon737027322","name":"COMP_ICON_YOUTUBE","class":"scs-youtube-icon","title":"","altText":""}],"layout":"horizontal","marginBottom":5,"marginLeft":5,"marginRight":5,"marginTop":5,"styleClass":"","useStyleClass":"true","visible":true,"visibleOnMobile":""}},"c91e777b-452a-40e4-9293-534c1fd1e533":{"type":"scs-title","id":"scs-title","data":{"alignment":"fill","backgroundColor":"","borderColor":"#808080","borderRadius":0,"borderStyle":"none","borderWidth":1,"fontColor":"#333333","fontFamily":"'Helvetica Neue', Helvetica, Arial, sans-serif","fontSize":24,"marginBottom":5,"marginLeft":5,"marginRight":5,"marginTop":5,"placeholderText":"","styleClass":"","styleClassName":"","styleClassTag":"","toolbarGroups":"","useStyleClass":"true","userText":"<div style=\"text-align:left\">COPYRIGHT © 2018</div>","visible":true,"visibleOnMobile":"","width":400}},"bd2276ce-03a7-4568-adc0-b4847f3824e6":{"type":"scs-title","id":"scs-title","data":{"alignment":"fill","backgroundColor":"","borderColor":"#808080","borderRadius":0,"borderStyle":"none","borderWidth":1,"fontColor":"#333333","fontFamily":"'Helvetica Neue', Helvetica, Arial, sans-serif","fontSize":24,"marginBottom":5,"marginLeft":5,"marginRight":5,"marginTop":5,"placeholderText":"","styleClass":"","styleClassName":"","styleClassTag":"","toolbarGroups":"","useStyleClass":"true","userText":"<div>Starter Template</div>","visible":true,"visibleOnMobile":"","width":400}},"abd5c93a-c089-4f3f-bc7e-3738ae3516ea":{"type":"scs-component","id":"StarterNavMenu","data":{"actions":"","alignment":"fill","assets":"","borderColor":"#808080","borderRadius":0,"borderStyle":"none","borderWidth":1,"componentId":"starterNavMenu","componentName":"StarterNavMenu","componentFactory":"","componentLayout":"default","contentId":"","contentLayoutCategory":"","contentPlaceholder":false,"contentTypes":[],"contentViewing":"","customRenderComplete":false,"customSettingsData":{"externalSiteEnabled":false},"componentConfig":{"id":"StarterNavMenu-component","settingsData":{"settingsWidth":350,"settingsRenderOption":"dialog","componentLayouts":[],"actions":[]}},"description":"","detailPageId":"","height":"","initialized":true,"isCaaSLayout":false,"linkType":"scs-link-action","marginBottom":0,"marginLeft":0,"marginRight":0,"marginTop":0,"nestedComponents":[],"styleClass":"","styleClassName":"","seeded":true,"useStyleClass":"true","visible":true,"visibleOnMobile":"","visibleNestedComponents":[],"width":0}}}}