{"type":"componentgroup","initialData":{"className":"","components":["[!--$scsGenerateComponentId(1)--]","[!--$scsGenerateComponentId(2)--]"],"grid":"<div class=\"scs-row\"><div class=\"scs-col\" style=\"width: 28%;\"><div id=\"[!--$scsGenerateComponentId(1)--]\"></div></div><div class=\"scs-col\" style=\"width: 72%;\"><div id=\"[!--$scsGenerateComponentId(2)--]\"></div></div></div>","componentInstances":{"[!--$scsGenerateComponentId(1)--]":{"type":"scs-title","id":"scs-title","data":{"actions":"","alignment":"fill","backgroundColor":"","borderColor":"#808080","borderRadius":0,"borderStyle":"none","borderWidth":1,"fontColor":"#333333","fontFamily":"'Helvetica Neue', Helvetica, Arial, sans-serif","fontSize":24,"marginBottom":5,"marginLeft":10,"marginRight":5,"marginTop":5,"placeholderText":"","styleClass":"","styleClassName":"","styleClassTag":"","toolbarGroups":"","useStyleClass":"true","userText":"<div>Title</div>","visible":true,"width":400}},"[!--$scsGenerateComponentId(2)--]":{"type":"scs-paragraph","id":"scs-paragraph","data":{"actions":"","alignment":"fill","backgroundColor":"","borderColor":"#808080","borderRadius":0,"borderStyle":"none","borderWidth":1,"fontColor":"#333333","fontFamily":"'Helvetica Neue', Helvetica, Arial, sans-serif","fontSize":16,"marginBottom":5,"marginLeft":5,"marginRight":5,"marginTop":5,"placeholderText":"","styleClass":"","styleClassName":"","styleClassTag":"","toolbarGroups":"","useStyleClass":"true","userText":"<div>Click to edit description. Lorem ipsum dolor sit amet, consectetur adipiscing elit. Pellentesque scelerisque condimentum diam sit amet volutpat. Sed sit amet sapien at augue condimentum tincidunt at vitae nibh.</div>","visible":true,"width":400}}}}}