{
	"siteAuthor":"Oracle",
	"itemGUID":"SAC4A34A177D5D73CF9F1E961212FF6185DE32992716",
	"numUpdates":"0",
	"siteShortDescription":"This starter template contains all the basic elements you need to create new site templates.",
	"siteLongDescription":"This starter template provides a simple, yet fully functional example that you can explore and expand with components and interactions to provide ready-made site solutions. When you create a site from the starter template, instead of linking to the associated theme, a new theme is created making it easy to create a new, independent template from the site.\n\nThe starter template includes the site framework, a default site with sample pages and content, a theme with styling, resources such as images, and a custom component with trigger and action functionality.\n\nThe sample pages include information about creating templates with links to resources that provide more detailed information.",
	"siteName":"StarterTemplate",
	"isStarterTemplate":"true"
}