{
  "properties": {
    "themeName": "StarterTheme",
    "siteName": "SCSTEMPLATE_StarterTemplate",
    "siteRootPrefix": "\/SCSTEMPLATE_StarterTemplate\/",
    "isLive": null,
    "description": "",
    "keywords": "",
    "header": "",
	"footer": "<div class=\"scs-cookie-consent\" data-scs-consent-version=\"1\" style=\"display: none;\">This site uses cookies.  Please review our <a href=\"[!--$SCS_PAGE--]200[/!--$SCS_PAGE--]\">Privacy Policy</a>.  <a href=\"#\" alt=\"close\" class=\"scs-cookie-consent-close\"></a></div>",
    "hideFromSearchEngines": false,
    "errorPage": null,
    "siteURL": "",
    "noIndex": false,
    "noFollow": false,
    "noArchive": false,
    "noSnippet": false
  }
}