{"properties":{"title":"Blog Theme - About","pageLayout":"about.html","pageDescription":"","keywords":"","hideFromSearchEngines":false,"header":"","footer":"","noIndex":false,"noFollow":false,"noArchive":false,"noSnippet":false,"isCobrowseEnabled":false},"slots":{"blog-search1":{"components":["bb5f2400-a851-4c8c-b01b-e33a6ade2ae5"],"grid":"<div class=\"scs-row\"><div class=\"scs-col\" style=\"width: 100%;\"><div id=\"bb5f2400-a851-4c8c-b01b-e33a6ade2ae5\"></div></div></div>"}},"componentInstances":{"bb5f2400-a851-4c8c-b01b-e33a6ade2ae5":{"type":"scs-contentsearch","id":"scs-contentsearch","data":{"actions":"","alignment":"fill","backgroundColor":"","borderColor":"black","borderRadius":0,"borderStyle":"none","borderWidth":1,"contentTypes":["Starter-Blog-Post"],"fontColor":"","fontFamily":"","fontSize":16,"href":"[!--$SCS_PAGE--]402[/!--$SCS_PAGE--]","linkType":"scs-link-searchpage","marginBottom":5,"marginLeft":5,"marginRight":5,"marginTop":5,"placeholderText":"Search","showSearchIcon":true,"styleClass":"","target":"_self","useStyleClass":"true","visible":true,"width":0}}}}