{"summary":{"contentTypes":["search_content_type","search_blog"],"contentItems":["CORE1AF009CA28424AE58F1DB439985F8DB3","CORE22BBEE5B287E4D75999E74E24E120779","CORE3F89108A544D45CA92C408F910259018"]},"categoryLayoutMappings":[{"type":"search_content_type","categoryList":[{"categoryName":"Content List Default","layoutName":"search_content_type-overview"},{"categoryName":"Content Placeholder Default","layoutName":"search_content_type-overview"},{"categoryName":"Default","layoutName":"search_content_type-overview"},{"categoryName":"Empty Content List Default","layoutName":"search_content_type-overview"}]},{"type":"search_blog","categoryList":[{"categoryName":"Content List Default","layoutName":""},{"categoryName":"Content Placeholder Default","layoutName":""},{"categoryName":"Default","layoutName":""},{"categoryName":"Empty Content List Default","layoutName":""}]}],"layoutComponents":["search_content_type-overview"]}