{"properties":{"themeName":"BlogTempTheme","siteName":"SCSTEMPLATE_siteCompileTestTemplate","siteRootPrefix":"/SCSTEMPLATE_siteCompileTestTemplate/","isLive":null,"description":"","keywords":"","header":"","footer":"","hideFromSearchEngines":false,"errorPage":null,"siteURL":"","noIndex":false,"noFollow":false,"noArchive":false,"noSnippet":false,"collectionId":"","targetId":"","targetAccessTokens":[],"isCobrowseEnabled":false,"cobrowseId":null,"siteConnections":{},"conversationId":null,"mapProvider":null,"mapAPIKey":null,"isEnterprise":true,"repositoryId":"","channelId":"CHANNELF6C24C3E90CE83E3A4CFCD3EFFD478B00C36218D2FE4","channelAccessTokens":[],"arCollectionId":"O79BE18C7DC9F8D3BB763289385095A3A62D41A719FE","defaultLanguage":"en-US","localizationPolicy":"8F6253F2EF8B153BE0537E05C40A4FDA","availableLanguages":null,"isWebAnalyticsEnabled":false,"webAnalyticsScript":null}}