{"pages":[{"id":100,"name":"Home","parentId":null,"pageUrl":"index.html","hideInNavigation":false,"linkUrl":"","linkTarget":"","children":[410,429,430,431,432,433],"overrideUrl":null,"isDetailPage":false,"isSearchPage":false},{"id":410,"name":"Detail Page","parentId":100,"pageUrl":"detail-page.html","hideInNavigation":true,"linkUrl":"","linkTarget":"","children":[],"overrideUrl":false,"isDetailPage":true,"isSearchPage":false},{"id":411,"name":"searchcomponent","parentId":431,"pageUrl":"content-items/searchcomponent.html","hideInNavigation":false,"linkUrl":"","linkTarget":"","children":[],"overrideUrl":false,"isDetailPage":false,"isSearchPage":false},{"id":412,"name":"divider","parentId":430,"pageUrl":"structure/divider.html","hideInNavigation":false,"linkUrl":"","linkTarget":"","children":[],"overrideUrl":false,"isDetailPage":false,"isSearchPage":false},{"id":413,"name":"spacer","parentId":430,"pageUrl":"structure/spacer.html","hideInNavigation":false,"linkUrl":"","linkTarget":"","children":[],"overrideUrl":false,"isDetailPage":false,"isSearchPage":false},{"id":414,"name":"video","parentId":432,"pageUrl":"media/video.html","hideInNavigation":false,"linkUrl":"","linkTarget":"","children":[],"overrideUrl":false,"isDetailPage":false,"isSearchPage":false},{"id":415,"name":"title","parentId":429,"pageUrl":"basic/title.html","hideInNavigation":false,"linkUrl":"","linkTarget":"","children":[],"overrideUrl":false,"isDetailPage":false,"isSearchPage":false},{"id":416,"name":"paragraph","parentId":429,"pageUrl":"basic/paragraph.html","hideInNavigation":false,"linkUrl":"","linkTarget":"","children":[],"overrideUrl":false,"isDetailPage":false,"isSearchPage":false},{"id":417,"name":"text","parentId":429,"pageUrl":"basic/text.html","hideInNavigation":false,"linkUrl":"","linkTarget":"","children":[],"overrideUrl":false,"isDetailPage":false,"isSearchPage":false},{"id":418,"name":"image","parentId":432,"pageUrl":"media/image.html","hideInNavigation":false,"linkUrl":"","linkTarget":"","children":[],"overrideUrl":false,"isDetailPage":false,"isSearchPage":false},{"id":420,"name":"component","parentId":433,"pageUrl":"other/component.html","hideInNavigation":false,"linkUrl":"","linkTarget":"","children":[],"overrideUrl":false,"isDetailPage":false,"isSearchPage":false},{"id":421,"name":"article","parentId":433,"pageUrl":"other/article.html","hideInNavigation":false,"linkUrl":"","linkTarget":"","children":[],"overrideUrl":false,"isDetailPage":false,"isSearchPage":false},{"id":422,"name":"headline","parentId":433,"pageUrl":"other/headline.html","hideInNavigation":false,"linkUrl":"","linkTarget":"","children":[],"overrideUrl":false,"isDetailPage":false,"isSearchPage":false},{"id":423,"name":"imagetext","parentId":433,"pageUrl":"other/imagetext.html","hideInNavigation":false,"linkUrl":"","linkTarget":"","children":[],"overrideUrl":false,"isDetailPage":false,"isSearchPage":false},{"id":424,"name":"button","parentId":429,"pageUrl":"basic/button.html","hideInNavigation":false,"linkUrl":"","linkTarget":"","children":[],"overrideUrl":false,"isDetailPage":false,"isSearchPage":false},{"id":425,"name":"contentitem","parentId":431,"pageUrl":"content-items/contentitem.html","hideInNavigation":false,"linkUrl":"","linkTarget":"","children":[],"overrideUrl":false,"isDetailPage":false,"isSearchPage":false},{"id":426,"name":"contentlist","parentId":431,"pageUrl":"content-items/contentlist.html","hideInNavigation":false,"linkUrl":"","linkTarget":"","children":[],"overrideUrl":false,"isDetailPage":false,"isSearchPage":false},{"id":427,"name":"socialbar","parentId":433,"pageUrl":"other/socialbar.html","hideInNavigation":false,"linkUrl":"","linkTarget":"","children":[],"overrideUrl":false,"isDetailPage":false,"isSearchPage":false},{"id":428,"name":"gallerygrid","parentId":432,"pageUrl":"media/gallerygrid.html","hideInNavigation":false,"linkUrl":"","linkTarget":"","children":[],"overrideUrl":false,"isDetailPage":false,"isSearchPage":false},{"id":429,"name":"Basic","parentId":100,"pageUrl":"basic.html","hideInNavigation":false,"linkUrl":"","linkTarget":"","children":[424,417,416,415],"overrideUrl":false,"isDetailPage":false,"isSearchPage":false},{"id":430,"name":"Structure","parentId":100,"pageUrl":"structure.html","hideInNavigation":false,"linkUrl":"","linkTarget":"","children":[412,413],"overrideUrl":false,"isDetailPage":false,"isSearchPage":false},{"id":431,"name":"Content Items","parentId":100,"pageUrl":"content-items.html","hideInNavigation":false,"linkUrl":"","linkTarget":"","children":[426,425,411],"overrideUrl":false,"isDetailPage":false,"isSearchPage":false},{"id":432,"name":"Media","parentId":100,"pageUrl":"media.html","hideInNavigation":false,"linkUrl":"","linkTarget":"","children":[428,414,418,434,435],"overrideUrl":false,"isDetailPage":false,"isSearchPage":false},{"id":433,"name":"Other","parentId":100,"pageUrl":"other.html","hideInNavigation":false,"linkUrl":"","linkTarget":"","children":[423,421,422,427,420],"overrideUrl":false,"isDetailPage":false,"isSearchPage":false},{"id":434,"name":"gallery","parentId":432,"pageUrl":"media/gallery.html","hideInNavigation":false,"linkUrl":"","linkTarget":"","children":[],"overrideUrl":false,"isDetailPage":false,"isSearchPage":false},{"id":435,"name":"document","parentId":432,"pageUrl":"media/document.html","hideInNavigation":false,"linkUrl":"","linkTarget":"","children":[],"overrideUrl":false,"isDetailPage":false,"isSearchPage":false}]}