{"properties":{"title":"","pageLayout":"index.html","mobileLayout":"","pageDescription":"","keywords":"","hideFromSearchEngines":false,"header":"","footer":"","noIndex":false,"noFollow":false,"noArchive":false,"noSnippet":false,"isCobrowseEnabled":false,"overrideWebAnalytics":false,"webAnalyticsScript":null},"slots":{"overlay":{"components":[],"grid":""},"background":{"components":[],"grid":"","styles":["background-attachment:scroll","background-color:","background-position:left top","background-repeat:no-repeat","background-size:cover"]},"content2":{"components":["c6abd26d-28b4-4be1-930c-18370cf566d0"],"grid":"<div class=\"scs-row\"><div class=\"scs-col\" style=\"width: 100%;\"><div id=\"c6abd26d-28b4-4be1-930c-18370cf566d0\"></div></div></div>"},"content":{"components":["c39640a4-4084-4515-868f-03fbc9cd512f","dad71b2f-87c3-489d-b46b-6fe8b7e772de"],"grid":"<div class=\"scs-row\"><div class=\"scs-col\" style=\"width: 50%;\"><div id=\"c39640a4-4084-4515-868f-03fbc9cd512f\"></div></div><div class=\"scs-col\" style=\"width: 50%;\"><div id=\"dad71b2f-87c3-489d-b46b-6fe8b7e772de\"></div></div></div>"},"footer":{"components":["bf4f242f-1523-4b87-9104-9005e6aa30de"],"grid":"<div class=\"scs-row\"><div class=\"scs-col\" style=\"width: 100%;\"><div id=\"bf4f242f-1523-4b87-9104-9005e6aa30de\"></div></div></div>"},"logocontainer":{"components":["b62c5fce-b74a-49d4-a1f4-a0ceb853139f"],"grid":"<div class=\"scs-row\"><div class=\"scs-col\" style=\"width: 100%;\"><div id=\"b62c5fce-b74a-49d4-a1f4-a0ceb853139f\"></div></div></div>"},"contactinfo":{"components":["b19f2411-00cc-41f6-9b1a-c119d63af51f"],"grid":"<div class=\"scs-row\"><div class=\"scs-col\" style=\"width: 100%;\"><div id=\"b19f2411-00cc-41f6-9b1a-c119d63af51f\"></div></div></div>"},"header-banner":{"components":["bb01978e-5731-450b-a37e-118e447d0c79"],"grid":"<div class=\"scs-row\"><div class=\"scs-col\" style=\"width: 100%;\"><div id=\"bb01978e-5731-450b-a37e-118e447d0c79\"></div></div></div>"},"heading":{"components":["c8b7ae03-9756-4695-8b3c-602aa521e9a8"],"grid":"<div class=\"scs-row\"><div class=\"scs-col\" style=\"width: 100%;\"><div id=\"c8b7ae03-9756-4695-8b3c-602aa521e9a8\"></div></div></div>"}},"componentInstances":{"c39640a4-4084-4515-868f-03fbc9cd512f":{"type":"scs-componentgroup","id":"Summary-Vertical","data":{"components":["c0e92498-1427-41bb-8dea-0ce1bfaae8ef"],"grid":"<div class=\"scs-row\"><div class=\"scs-col\" style=\"width: 100%;\"><div id=\"c0e92498-1427-41bb-8dea-0ce1bfaae8ef\"></div></div></div>"}},"dad71b2f-87c3-489d-b46b-6fe8b7e772de":{"type":"scs-componentgroup","id":"Summary-Vertical","data":{"components":["b73e1242-94d9-4a39-bdb9-c3a5e1b29b65"],"grid":"<div class=\"scs-row\"><div class=\"scs-col\" style=\"width: 100%;\"><div id=\"b73e1242-94d9-4a39-bdb9-c3a5e1b29b65\"></div></div></div>"}},"305fa8fb-0079-49a1-9f46-66d05344cb6c":{"type":"scs-image","id":"scs-image","data":{"alignment":"fill","altText":"","borderColor":"#808080","borderRadius":0,"borderStyle":"none","borderWidth":1,"caption":"","imageHref":"","imageName":"Home_Header.jpg","imageTarget":"_self","imageUrl":"[!--$SCS_CONTENT_URL--]/Home_Header-6150650000005429.jpg","linkType":"scs-link-no-link","marginBottom":0,"marginLeft":0,"marginRight":0,"marginTop":0,"styleClass":"","title":"","useStyleClass":"true","visible":true,"width":300}},"074d1d7d-f14f-4f03-86ff-ed868727e3a2":{"type":"scs-title","id":"scs-title","data":{"alignment":"fill","backgroundColor":"","borderColor":"#808080","borderRadius":0,"borderStyle":"none","borderWidth":1,"fontColor":"#333333","fontFamily":"'Helvetica Neue', Helvetica, Arial, sans-serif","fontSize":24,"marginBottom":10,"marginLeft":15,"marginRight":15,"marginTop":25,"placeholderText":"","renderOnAccess":"","styleClass":"","styleClassName":"","styleClassTag":"","toolbarGroups":"","useStyleClass":"true","userText":"<p>Your Company Name</p>","visible":true,"visibleOnMobile":"","width":400}},"f367bf18-21ba-46b1-8f27-d3279ab3867b":{"type":"scs-paragraph","id":"scs-paragraph","data":{"alignment":"fill","backgroundColor":"","borderColor":"#808080","borderRadius":0,"borderStyle":"none","borderWidth":1,"fontColor":"#333333","fontFamily":"'Helvetica Neue', Helvetica, Arial, sans-serif","fontSize":16,"marginBottom":25,"marginLeft":15,"marginRight":15,"marginTop":10,"placeholderText":"","renderOnAccess":"","styleClass":"","styleClassName":"","styleClassTag":"","toolbarGroups":"","useStyleClass":"true","userText":"<p>Your company description</p>","visible":true,"visibleOnMobile":"","width":400}},"c8b7ae03-9756-4695-8b3c-602aa521e9a8":{"type":"scs-componentgroup","id":"Headline-Vertical","data":{"className":"","components":["074d1d7d-f14f-4f03-86ff-ed868727e3a2","f367bf18-21ba-46b1-8f27-d3279ab3867b","a6b27850-519a-4f84-9c16-1ffc67520a82"],"grid":"<div class=\"scs-row\"><div class=\"scs-col\" style=\"width: 100%;\"><div id=\"074d1d7d-f14f-4f03-86ff-ed868727e3a2\"></div><div id=\"f367bf18-21ba-46b1-8f27-d3279ab3867b\"></div><div id=\"a6b27850-519a-4f84-9c16-1ffc67520a82\"></div></div></div>","borderColor":"#808080","borderRadius":0,"borderStyle":"none","borderWidth":1,"styleClass":"","useStyleClass":"true","styles":["background-attachment:scroll","background-color:","background-position:left top","background-repeat:no-repeat","background-size:auto"]}},"865d7184-7a6e-4214-8490-05778135410e":{"type":"scs-socialbar","id":"scs-socialbar","data":{"alignment":"left","backgroundColor":"","borderColor":"#808080","borderRadius":0,"borderStyle":"none","borderWidth":1,"iconSize":28,"iconSpacing":10,"images":[{"source":"","name":"COMP_ICON_FACEBOOK","class":"scs-facebook-icon","title":"","altText":"","description":"","link":"http://www.facebook.com","target":["_blank"]},{"source":"","name":"COMP_ICON_LINKEDIN","class":"scs-linkedin-icon","title":"","altText":"","description":"","link":"http://www.linkedin.com","target":["_blank"]},{"source":"","name":"COMP_ICON_TWITTER","class":"scs-twitter-icon","title":"","altText":"","description":"","link":"http://www.twitter.com","target":["_blank"]},{"source":"","name":"COMP_ICON_GOOGLEPLUS","class":"scs-googleplus-icon","title":"","altText":"","description":"","link":"http://plus.google.com","target":["_blank"]},{"source":"","name":"COMP_ICON_YOUTUBE","class":"scs-youtube-icon","title":"","altText":"","description":"","link":"http://www.youtube.com","target":["_blank"]}],"layout":"horizontal","marginBottom":5,"marginLeft":"0","marginRight":"0","marginTop":5,"renderOnAccess":"","styleClass":"scs-socialbar-default-style","useStyleClass":"true","visible":true,"visibleOnMobile":""}},"240ed511-b299-4f2c-bc9c-7e53519235e5":{"type":"scs-title","id":"scs-title","data":{"alignment":"fill","backgroundColor":"","borderColor":"#808080","borderRadius":0,"borderStyle":"none","borderWidth":1,"fontColor":"#333333","fontFamily":"'Helvetica Neue', Helvetica, Arial, sans-serif","fontSize":24,"innerHTML":"<div><!-- ko if: visible --><div class=\"scs-title  scs-component scs-title-default-style\" style=\"margin-top:5px;margin-right:10px;margin-bottom:5px;margin-left:10px;\"><div class=\"scs-component-content\" data-bind=\"scsCompSetupLightbox\" style=\"text-align:left;width:100%;\"><div class=\"scs-title-text\" style=\"\"><div>COPYRIGHT © 2017 &lt;COMPANY NAME&gt;</div></div></div></div><!-- /ko --></div>","marginBottom":5,"marginLeft":10,"marginRight":10,"marginTop":5,"placeholderText":"","styleClass":"","styleClassName":"","styleClassTag":"","toolbarGroups":"","useStyleClass":"true","userText":"<div>COPYRIGHT © 2017 &lt;COMPANY NAME&gt;</div>","visible":true,"width":400}},"bf4f242f-1523-4b87-9104-9005e6aa30de":{"type":"scs-componentgroup","id":"FooterBar","data":{"className":"","components":["865d7184-7a6e-4214-8490-05778135410e","240ed511-b299-4f2c-bc9c-7e53519235e5"],"grid":"<div class=\"scs-row\"><div class=\"scs-col\" style=\"width: 50%;\"><div id=\"865d7184-7a6e-4214-8490-05778135410e\"></div></div><div class=\"scs-col\" style=\"width: 50%;\"><div id=\"240ed511-b299-4f2c-bc9c-7e53519235e5\"></div></div></div>"}},"a6b27850-519a-4f84-9c16-1ffc67520a82":{"type":"scs-paragraph","id":"scs-paragraph","data":{"alignment":"fill","backgroundColor":"","borderColor":"#808080","borderRadius":0,"borderStyle":"none","borderWidth":1,"fontColor":"#333333","fontFamily":"'Helvetica Neue', Helvetica, Arial, sans-serif","fontSize":16,"marginBottom":0,"marginLeft":"10","marginRight":0,"marginTop":0,"placeholderText":"","renderOnAccess":"","styleClass":"","styleClassName":"","styleClassTag":"","toolbarGroups":"","useStyleClass":"true","userText":"<div style=\"text-align: left;\"><a linktype=\"scs-link-email\" href=\"mailto:info@company.com\">info@company.com</a></div>\n<div><a linktype=\"scs-link-webpage\" href=\"tel:+1 (357) 123-5678\">+1 (357) 123 5678</a></div>","visible":true,"visibleOnMobile":"","width":400}},"b19f2411-00cc-41f6-9b1a-c119d63af51f":{"type":"scs-componentgroup","id":"Contact","data":{"className":"","components":[],"grid":""}},"c0e92498-1427-41bb-8dea-0ce1bfaae8ef":{"type":"scs-component","id":"scs-contentitem","data":{"actions":"","alignment":"fill","assets":"","borderColor":"#808080","borderRadius":0,"borderStyle":"none","borderWidth":1,"componentId":"","componentName":"HomePage-Banner-1","componentFactory":"","componentLayout":"","contentId":"CORE058F47F21C494367BAFBEA8C4D6DBA9B","contentLayoutCategory":"","contentPlaceholder":false,"contentTypes":["Knowledge-Banner"],"contentTypeDisplayName":"","contentTypeCategory":"ContentType","contentViewing":"draft","customRenderComplete":false,"customSettingsData":"","componentConfig":"","description":"HomePage-Banner-1 : Default","detailPageId":"","height":"","initialized":true,"isCaaSLayout":true,"linkType":"scs-link-action","marginBottom":5,"marginLeft":5,"marginRight":5,"marginTop":5,"nestedComponents":[],"renderOnAccess":"","styleClass":"","styleClassName":"","seeded":true,"useStyleClass":"true","visible":true,"visibleOnMobile":"","visibleNestedComponents":[],"width":0,"contentIds":["CORE058F47F21C494367BAFBEA8C4D6DBA9B"],"contentViewings":["draft"]}},"b73e1242-94d9-4a39-bdb9-c3a5e1b29b65":{"type":"scs-component","id":"scs-contentitem","data":{"actions":"","alignment":"fill","assets":"","borderColor":"#808080","borderRadius":0,"borderStyle":"none","borderWidth":1,"componentId":"","componentName":"HomePage-Banner-2","componentFactory":"","componentLayout":"","contentId":"CORE5CCF69E0FBDE4E3D859C8733A212C30B","contentLayoutCategory":"","contentPlaceholder":false,"contentTypes":["Knowledge-Banner"],"contentTypeDisplayName":"","contentTypeCategory":"ContentType","contentViewing":"draft","customRenderComplete":false,"customSettingsData":"","componentConfig":"","description":"HomePage-Banner-2 : Default","detailPageId":"","height":"","initialized":true,"isCaaSLayout":true,"linkType":"scs-link-action","marginBottom":5,"marginLeft":5,"marginRight":5,"marginTop":5,"nestedComponents":[],"renderOnAccess":"","styleClass":"","styleClassName":"","seeded":true,"useStyleClass":"true","visible":true,"visibleOnMobile":"","visibleNestedComponents":[],"width":0,"contentIds":["CORE5CCF69E0FBDE4E3D859C8733A212C30B"],"contentViewings":["draft"]}},"b62c5fce-b74a-49d4-a1f4-a0ceb853139f":{"type":"scs-component","id":"Knowledge-NavBar","data":{"actions":"","alignment":"fill","assets":"","borderColor":"#808080","borderRadius":0,"borderStyle":"none","borderWidth":1,"componentId":"templateComp","componentName":"Knowledge-NavBar","componentFactory":"","componentLayout":"default","contentId":"","contentLayoutCategory":"","contentPlaceholder":false,"contentTypes":[],"contentTypeDisplayName":"","contentTypeCategory":"ContentType","contentViewing":"","customRenderComplete":false,"customSettingsData":{"navWidth":"50%","nls":{"navAlign":"right"}},"componentConfig":{"id":"templateComp","settingsData":{"settingsHeight":500,"settingsWidth":300,"settingsRenderOption":"dialog","componentLayouts":[{"name":"default","displayName":"IMAGE_LEFT_LAYOUT"},{"name":"right","displayName":"IMAGE_RIGHT_LAYOUT"},{"name":"top","displayName":"IMAGE_TOP_LAYOUT"}],"triggers":[{"triggerName":"imageClicked","triggerDescription":"Image clicked","triggerPayload":[{"name":"payloadData","displayName":"Trigger Payload Data"}]}],"actions":[{"actionName":"setImageWidth","actionDescription":"Update the image width","actionPayload":[{"name":"imageWidth","description":"Image Width in pixels","type":{"ojComponent":{"component":"ojInputText"}},"value":""}]}]}},"description":"","detailPageId":"","height":"","initialized":true,"isCaaSLayout":false,"linkType":"scs-link-action","marginBottom":5,"marginLeft":5,"marginRight":5,"marginTop":5,"nestedComponents":[],"renderOnAccess":"","styleClass":"","styleClassName":"","seeded":false,"useStyleClass":"true","visible":true,"visibleOnMobile":"","visibleNestedComponents":[],"width":0}},"bb01978e-5731-450b-a37e-118e447d0c79":{"type":"scs-sectionlayout","id":"scs-sl-slider","data":{"componentFactory":"scs-slider","customSettingsData":{"autoPlay":false,"showIndexer":true,"showPrevNext":false,"transitionTime":0.5,"displayTime":3,"scaling":"","useAspectRatio":false,"aspectRatio":"4:1","responsiveShowIndexer":false,"responsiveShowPrevNext":false,"responsiveUseAspectRatio":false,"responsiveAspectRatio":"4:1","height":700},"components":["ca03800d-734a-426b-bbf7-a80a6a11b3ec","c68bee21-b099-48eb-aa79-349e5f6acc60"],"borderColor":"#808080","borderRadius":0,"borderStyle":"none","borderWidth":1,"renderOnAccess":"","styleClass":"","useStyleClass":"true","styles":["background-attachment:scroll","background-color:","background-position:left top","background-repeat:no-repeat","background-size:auto"],"tabData":{"c68bee21-b099-48eb-aa79-349e5f6acc60":{"label":"Slide 2"},"ca03800d-734a-426b-bbf7-a80a6a11b3ec":{"label":"Slide 1"}}}},"c68bee21-b099-48eb-aa79-349e5f6acc60":{"type":"scs-componentgroup","id":"scs-componentgroup","data":{"allowMove":false,"components":["b45b48e7-6ea7-44e9-be2e-9ba788ef65b3"],"grid":"<div class=\"scs-row\"><div class=\"scs-col\" style=\"width: 100%;\"><div id=\"b45b48e7-6ea7-44e9-be2e-9ba788ef65b3\"></div></div></div>"}},"ca03800d-734a-426b-bbf7-a80a6a11b3ec":{"type":"scs-componentgroup","id":"scs-componentgroup","data":{"allowMove":false,"components":["305fa8fb-0079-49a1-9f46-66d05344cb6c"],"grid":"<div class=\"scs-row\"><div class=\"scs-col\" style=\"width: 100%;\"><div id=\"305fa8fb-0079-49a1-9f46-66d05344cb6c\"></div></div></div>"}},"b45b48e7-6ea7-44e9-be2e-9ba788ef65b3":{"type":"scs-image","id":"scs-image","data":{"alignment":"fill","altText":"","ariaLabel":"","borderColor":"#808080","borderRadius":0,"borderStyle":"none","borderWidth":1,"caption":"","contentId":"CONTC54C104E03AE4D788EA9B95087B23E74","contentViewing":"draft","filePreviewShowDownload":"","imageHref":"","imageHrefContentViewing":"","imageHrefName":"","imageName":"Thumbnail_2-1235110000026275.jpg","imageTarget":"_self","imageUrl":"","initialized":true,"linkContentId":"","linkContentType":"","linkContentTypeDisplayName":"","linkContentViewing":"","linkContentName":"","linkType":"scs-link-no-link","linkRendition":"","marginBottom":0,"marginLeft":0,"marginRight":0,"marginTop":0,"rendition":"","renderOnAccess":"","styleClass":"","title":"","useStyleClass":"true","visible":true,"visibleOnMobile":"","width":300,"contentIds":["CONTC54C104E03AE4D788EA9B95087B23E74"],"contentViewings":["draft"]}}}}