{"properties":{"title":"","pageLayout":"content-slots.html","mobileLayout":"","pageDescription":"","keywords":"","hideFromSearchEngines":false,"header":"","footer":"","noIndex":false,"noFollow":false,"noArchive":false,"noSnippet":false,"isCobrowseEnabled":false,"overrideWebAnalytics":false,"webAnalyticsScript":null},"slots":{"person5":{"components":[],"grid":""},"footer":{"components":["a70ed70c-baf6-46f7-a247-74a6b51873b2"],"grid":"<div class=\"scs-row\"><div class=\"scs-col\" style=\"width: 100%;\"><div id=\"a70ed70c-baf6-46f7-a247-74a6b51873b2\"></div></div></div>"},"person3":{"components":[],"grid":""},"person6":{"components":[],"grid":""},"person4":{"components":[],"grid":""},"person1":{"components":[],"grid":""},"logocontainer":{"components":["d71a24d1-28ba-41f3-bc00-c9c1cb56a99e"],"grid":"<div class=\"scs-row\"><div class=\"scs-col\" style=\"width: 100%;\"><div id=\"d71a24d1-28ba-41f3-bc00-c9c1cb56a99e\"></div></div></div>"},"person2":{"components":[],"grid":""},"contactinfo":{"components":["a3aa2bbf-932a-4e59-8c90-f48d5572c33f"],"grid":"<div class=\"scs-row\"><div class=\"scs-col\" style=\"width: 100%;\"><div id=\"a3aa2bbf-932a-4e59-8c90-f48d5572c33f\"></div></div></div>"},"header-banner":{"components":["96b1abcb-3fdd-4526-9271-6d38b65c431d","a536443f-3369-495e-aedf-000f27725500"],"grid":"<div class=\"scs-row\"><div class=\"scs-col\" style=\"width: 100%;\"><div id=\"a536443f-3369-495e-aedf-000f27725500\"></div></div></div><div class=\"scs-row\"><div class=\"scs-col\" style=\"width: 100%;\"><div id=\"96b1abcb-3fdd-4526-9271-6d38b65c431d\"></div></div></div>"},"heading":{"components":["b3b2d6f0-a5cc-44d7-a7d5-b040300e2bb4"],"grid":"<div class=\"scs-row\"><div class=\"scs-col\" style=\"width: 100%;\"><div id=\"b3b2d6f0-a5cc-44d7-a7d5-b040300e2bb4\"></div></div></div>"},"slot1":{"components":["db2235ac-d4ca-48fa-b0ea-34acba153fb4","076482b6-5fef-4667-8fc9-70c1dc94da8e","c78b0e64-8f4f-4647-8e04-e28e81a99b12"],"grid":"<div class=\"scs-row\"><div class=\"scs-col\" style=\"width: 100%;\"><div id=\"076482b6-5fef-4667-8fc9-70c1dc94da8e\"></div></div></div><div class=\"scs-row\"><div class=\"scs-col\" style=\"width: 100%;\"><div id=\"db2235ac-d4ca-48fa-b0ea-34acba153fb4\"></div><div id=\"c78b0e64-8f4f-4647-8e04-e28e81a99b12\"></div></div></div>"},"slot2":{"components":["3dfdd91e-d553-4d5a-9214-4847d0b5f156","2dd0b5f0-f633-42ad-8553-c0c8b2ff9a8b","e9b7a0af-b8b1-4584-8dc0-d0394fab4c9e"],"grid":"<div class=\"scs-row\"><div class=\"scs-col\" style=\"width: 100%;\"><div id=\"3dfdd91e-d553-4d5a-9214-4847d0b5f156\"></div><div id=\"e9b7a0af-b8b1-4584-8dc0-d0394fab4c9e\"></div></div></div><div class=\"scs-row\"><div class=\"scs-col\" style=\"width: 100%;\"><div id=\"2dd0b5f0-f633-42ad-8553-c0c8b2ff9a8b\"></div></div></div>"},"slot3":{"components":["98456a75-1fe0-4ccb-b0ac-ea6bc59a54f7","807d8cbf-0c08-46f1-a045-fd65773ddc96","fb44ab74-7b3b-472a-b666-2836b682c2ab"],"grid":"<div class=\"scs-row\"><div class=\"scs-col\" style=\"width: 100%;\"><div id=\"98456a75-1fe0-4ccb-b0ac-ea6bc59a54f7\"></div><div id=\"fb44ab74-7b3b-472a-b666-2836b682c2ab\"></div></div></div><div class=\"scs-row\"><div class=\"scs-col\" style=\"width: 100%;\"><div id=\"807d8cbf-0c08-46f1-a045-fd65773ddc96\"></div></div></div>"}},"componentInstances":{"28944b81-a93b-422a-9903-a38428cdcca4":{"type":"scs-title","id":"scs-title","data":{"alignment":"fill","backgroundColor":"","borderColor":"#808080","borderRadius":0,"borderStyle":"none","borderWidth":1,"fontColor":"#333333","fontFamily":"'Helvetica Neue', Helvetica, Arial, sans-serif","fontSize":24,"marginBottom":5,"marginLeft":5,"marginRight":5,"marginTop":5,"placeholderText":"","renderOnAccess":"","styleClass":"","styleClassName":"","styleClassTag":"","toolbarGroups":"","useStyleClass":"true","userText":"<p>Service 1</p>","visible":true,"visibleOnMobile":"","width":400}},"889be4ec-7826-4481-a94a-15dc91f05d28":{"type":"scs-paragraph","id":"scs-paragraph","data":{"alignment":"fill","backgroundColor":"","borderColor":"#808080","borderRadius":0,"borderStyle":"none","borderWidth":1,"fontColor":"#333333","fontFamily":"'Helvetica Neue', Helvetica, Arial, sans-serif","fontSize":16,"innerHTML":"<div><!-- ko if: visible --><div class=\"scs-paragraph  scs-component scs-paragraph-default-style\" style=\"margin-top:5px;margin-right:5px;margin-bottom:5px;margin-left:5px;\"><div class=\"scs-component-content\" data-bind=\"scsCompSetupLightbox\" style=\"text-align:left;width:100%;\"><div class=\"scs-paragraph-text\" style=\"\"><div>Click to edit description. Lorem ipsum dolor sit amet, consectetur adipiscing elit. Pellentesque scelerisque condimentum diam sit amet volutpat. Sed sit amet sapien at augue condimentum tincidunt at vitae nibh.</div></div></div></div><!-- /ko --></div>","marginBottom":5,"marginLeft":5,"marginRight":5,"marginTop":5,"placeholderText":"","styleClass":"","styleClassName":"","styleClassTag":"","toolbarGroups":"","useStyleClass":"true","userText":"<div>Click to edit description. Lorem ipsum dolor sit amet, consectetur adipiscing elit. Pellentesque scelerisque condimentum diam sit amet volutpat. Sed sit amet sapien at augue condimentum tincidunt at vitae nibh.</div>","visible":true,"width":400}},"db2235ac-d4ca-48fa-b0ea-34acba153fb4":{"type":"scs-componentgroup","id":"Summary-Horizontal-2","data":{"components":["fd21305e-97de-44f2-8ed5-196b84c2e330","28944b81-a93b-422a-9903-a38428cdcca4","889be4ec-7826-4481-a94a-15dc91f05d28"],"grid":"<div class=\"scs-row\"><div class=\"scs-col\" style=\"width: 28%;\"><div id=\"fd21305e-97de-44f2-8ed5-196b84c2e330\"></div></div><div class=\"scs-col\" style=\"width: 72%;\"><div id=\"28944b81-a93b-422a-9903-a38428cdcca4\"></div><div id=\"889be4ec-7826-4481-a94a-15dc91f05d28\"></div></div></div>"}},"96b1abcb-3fdd-4526-9271-6d38b65c431d":{"type":"scs-image","id":"scs-image","data":{"alignment":"fill","altText":"","borderColor":"#808080","borderRadius":0,"borderStyle":"none","borderWidth":1,"caption":"","imageHref":"","imageName":"Services_Header.jpg","imageTarget":"_self","imageUrl":"[!--$SCS_CONTENT_URL--]/Services_Header-6150650000005433.jpg","linkType":"scs-link-no-link","marginBottom":0,"marginLeft":0,"marginRight":0,"marginTop":0,"styleClass":"","title":"","useStyleClass":"true","visible":true,"width":300}},"fd21305e-97de-44f2-8ed5-196b84c2e330":{"type":"scs-image","id":"scs-image","data":{"actions":"","alignment":"left","altText":"","borderColor":"#808080","borderRadius":0,"borderStyle":"none","borderWidth":1,"caption":"","imageHref":"[!--$SCS_PAGE--]109[/!--$SCS_PAGE--]","imageName":"Service_Icon_1.png","imageTarget":"_self","imageUrl":"[!--$SCS_CONTENT_URL--]/Theme_2_Service_Icon_1-1235110000026410.png","linkType":"scs-link-sitepage","marginBottom":5,"marginLeft":5,"marginRight":5,"marginTop":5,"styleClass":"","title":"","useStyleClass":"true","visible":true,"width":150}},"076482b6-5fef-4667-8fc9-70c1dc94da8e":{"type":"scs-spacer","id":"scs-spacer","data":{"height":15,"styleClass":"","useStyleClass":"true","visible":true}},"3dfdd91e-d553-4d5a-9214-4847d0b5f156":{"type":"scs-spacer","id":"scs-spacer","data":{"height":15,"styleClass":"","useStyleClass":"true","visible":true}},"98456a75-1fe0-4ccb-b0ac-ea6bc59a54f7":{"type":"scs-spacer","id":"scs-spacer","data":{"height":15,"styleClass":"","useStyleClass":"true","visible":true}},"c78b0e64-8f4f-4647-8e04-e28e81a99b12":{"type":"scs-spacer","id":"scs-spacer","data":{"height":15,"styleClass":"","useStyleClass":"true","visible":true}},"2dd0b5f0-f633-42ad-8553-c0c8b2ff9a8b":{"type":"scs-spacer","id":"scs-spacer","data":{"height":15,"styleClass":"","useStyleClass":"true","visible":true}},"807d8cbf-0c08-46f1-a045-fd65773ddc96":{"type":"scs-spacer","id":"scs-spacer","data":{"height":15,"styleClass":"","useStyleClass":"true","visible":true}},"5a21ec15-4b81-4739-9489-a4136c145c76":{"type":"scs-socialbar","id":"scs-socialbar","data":{"alignment":"left","backgroundColor":"","borderColor":"#808080","borderRadius":0,"borderStyle":"none","borderWidth":1,"iconSize":28,"iconSpacing":10,"images":[{"source":"","name":"COMP_ICON_FACEBOOK","class":"scs-facebook-icon","title":"","altText":"","description":"","link":"http://www.facebook.com","target":["_blank"]},{"source":"","name":"COMP_ICON_LINKEDIN","class":"scs-linkedin-icon","title":"","altText":"","description":"","link":"http://www.linkedin.com","target":["_blank"]},{"source":"","name":"COMP_ICON_TWITTER","class":"scs-twitter-icon","title":"","altText":"","description":"","link":"http://www.twitter.com","target":["_blank"]},{"source":"","name":"COMP_ICON_GOOGLEPLUS","class":"scs-googleplus-icon","title":"","altText":"","description":"","link":"http://plus.google.com","target":["_blank"]},{"source":"","name":"COMP_ICON_YOUTUBE","class":"scs-youtube-icon","title":"","altText":"","description":"","link":"http://www.youtube.com","target":["_blank"]}],"layout":"horizontal","marginBottom":5,"marginLeft":0,"marginRight":0,"marginTop":5,"styleClass":"","useStyleClass":"true","visible":true}},"96b964f7-8ef6-48ee-9052-26cbcecb4e1e":{"type":"scs-title","id":"scs-title","data":{"alignment":"fill","backgroundColor":"","borderColor":"#808080","borderRadius":0,"borderStyle":"none","borderWidth":1,"fontColor":"#333333","fontFamily":"'Helvetica Neue', Helvetica, Arial, sans-serif","fontSize":24,"innerHTML":"<div><!-- ko if: visible --><div class=\"scs-title  scs-component scs-title-default-style\" style=\"margin-top:5px;margin-right:0px;margin-bottom:5px;margin-left:0px;\"><div class=\"scs-component-content\" data-bind=\"scsCompSetupLightbox\" style=\"text-align:left;width:100%;\"><div class=\"scs-title-text\" style=\"\"><div>COPYRIGHT © 2017 &lt;COMPANY NAME&gt;</div></div></div></div><!-- /ko --></div>","marginBottom":5,"marginLeft":0,"marginRight":0,"marginTop":5,"placeholderText":"","styleClass":"","styleClassName":"","styleClassTag":"","toolbarGroups":"","useStyleClass":"true","userText":"<div>COPYRIGHT © 2017 &lt;COMPANY NAME&gt;</div>","visible":true,"width":400}},"a70ed70c-baf6-46f7-a247-74a6b51873b2":{"type":"scs-componentgroup","id":"FooterBar","data":{"className":"","components":["5a21ec15-4b81-4739-9489-a4136c145c76","96b964f7-8ef6-48ee-9052-26cbcecb4e1e"],"grid":"<div class=\"scs-row\"><div class=\"scs-col\" style=\"width: 50%;\"><div id=\"5a21ec15-4b81-4739-9489-a4136c145c76\"></div></div><div class=\"scs-col\" style=\"width: 50%;\"><div id=\"96b964f7-8ef6-48ee-9052-26cbcecb4e1e\"></div></div></div>"}},"38ec30ac-c27c-44f9-9c0c-df5eae4a25a9":{"type":"scs-image","id":"scs-image","data":{"actions":"","alignment":"left","altText":"","borderColor":"#808080","borderRadius":0,"borderStyle":"none","borderWidth":1,"caption":"","imageHref":"[!--$SCS_PAGE--]135[/!--$SCS_PAGE--]","imageName":"Service_Icon_2.png","imageTarget":"_self","imageUrl":"[!--$SCS_CONTENT_URL--]/Theme_2_Service_Icon_2-1235110000027619.png","linkType":"scs-link-sitepage","marginBottom":5,"marginLeft":5,"marginRight":5,"marginTop":5,"styleClass":"","title":"","useStyleClass":"true","visible":true,"width":150}},"0ad4f39e-725a-471c-ad1e-c89bbb9053cf":{"type":"scs-title","id":"scs-title","data":{"alignment":"fill","backgroundColor":"","borderColor":"#808080","borderRadius":0,"borderStyle":"none","borderWidth":1,"fontColor":"#333333","fontFamily":"'Helvetica Neue', Helvetica, Arial, sans-serif","fontSize":24,"marginBottom":5,"marginLeft":5,"marginRight":5,"marginTop":5,"placeholderText":"","renderOnAccess":"","styleClass":"","styleClassName":"","styleClassTag":"","toolbarGroups":"","useStyleClass":"true","userText":"<p>Service 2</p>","visible":true,"visibleOnMobile":"","width":400}},"3a16af17-6dab-4962-867c-4eacd18a6d37":{"type":"scs-paragraph","id":"scs-paragraph","data":{"alignment":"fill","backgroundColor":"","borderColor":"#808080","borderRadius":0,"borderStyle":"none","borderWidth":1,"fontColor":"#333333","fontFamily":"'Helvetica Neue', Helvetica, Arial, sans-serif","fontSize":16,"innerHTML":"<div><!-- ko if: visible --><div class=\"scs-paragraph  scs-component scs-paragraph-default-style\" style=\"margin-top:5px;margin-right:5px;margin-bottom:5px;margin-left:5px;\"><div class=\"scs-component-content\" data-bind=\"scsCompSetupLightbox\" style=\"text-align:left;width:100%;\"><div class=\"scs-paragraph-text\" style=\"\"><div>Click to edit description. Lorem ipsum dolor sit amet, consectetur adipiscing elit. Pellentesque scelerisque condimentum diam sit amet volutpat. Sed sit amet sapien at augue condimentum tincidunt at vitae nibh.</div></div></div></div><!-- /ko --></div>","marginBottom":5,"marginLeft":5,"marginRight":5,"marginTop":5,"placeholderText":"","styleClass":"","styleClassName":"","styleClassTag":"","toolbarGroups":"","useStyleClass":"true","userText":"<div>Click to edit description. Lorem ipsum dolor sit amet, consectetur adipiscing elit. Pellentesque scelerisque condimentum diam sit amet volutpat. Sed sit amet sapien at augue condimentum tincidunt at vitae nibh.</div>","visible":true,"width":400}},"e9b7a0af-b8b1-4584-8dc0-d0394fab4c9e":{"type":"scs-componentgroup","id":"Summary-Horizontal-2","data":{"components":["38ec30ac-c27c-44f9-9c0c-df5eae4a25a9","0ad4f39e-725a-471c-ad1e-c89bbb9053cf","3a16af17-6dab-4962-867c-4eacd18a6d37"],"grid":"<div class=\"scs-row\"><div class=\"scs-col\" style=\"width: 28%;\"><div id=\"38ec30ac-c27c-44f9-9c0c-df5eae4a25a9\"></div></div><div class=\"scs-col\" style=\"width: 72%;\"><div id=\"0ad4f39e-725a-471c-ad1e-c89bbb9053cf\"></div><div id=\"3a16af17-6dab-4962-867c-4eacd18a6d37\"></div></div></div>"}},"7fb4c083-c55a-45fd-90de-826a1c49c534":{"type":"scs-image","id":"scs-image","data":{"actions":"","alignment":"left","altText":"","borderColor":"#808080","borderRadius":0,"borderStyle":"none","borderWidth":1,"caption":"","imageHref":"[!--$SCS_PAGE--]138[/!--$SCS_PAGE--]","imageName":"Service_Icon_3.png","imageTarget":"_self","imageUrl":"[!--$SCS_CONTENT_URL--]/Theme_2_Service_Icon_3-1235110000027622.png","linkType":"scs-link-sitepage","marginBottom":5,"marginLeft":5,"marginRight":5,"marginTop":5,"styleClass":"","title":"","useStyleClass":"true","visible":true,"width":150}},"80428abb-ba4f-44cf-a76a-15d0b1a3f4d2":{"type":"scs-title","id":"scs-title","data":{"alignment":"fill","backgroundColor":"","borderColor":"#808080","borderRadius":0,"borderStyle":"none","borderWidth":1,"fontColor":"#333333","fontFamily":"'Helvetica Neue', Helvetica, Arial, sans-serif","fontSize":24,"marginBottom":5,"marginLeft":5,"marginRight":5,"marginTop":5,"placeholderText":"","renderOnAccess":"","styleClass":"","styleClassName":"","styleClassTag":"","toolbarGroups":"","useStyleClass":"true","userText":"<p>Service 3</p>","visible":true,"visibleOnMobile":"","width":400}},"204a6988-a00e-4f34-98f0-7644f78323ee":{"type":"scs-paragraph","id":"scs-paragraph","data":{"alignment":"fill","backgroundColor":"","borderColor":"#808080","borderRadius":0,"borderStyle":"none","borderWidth":1,"fontColor":"#333333","fontFamily":"'Helvetica Neue', Helvetica, Arial, sans-serif","fontSize":16,"innerHTML":"<div><!-- ko if: visible --><div class=\"scs-paragraph  scs-component scs-paragraph-default-style\" style=\"margin-top:5px;margin-right:5px;margin-bottom:5px;margin-left:5px;\"><div class=\"scs-component-content\" data-bind=\"scsCompSetupLightbox\" style=\"text-align:left;width:100%;\"><div class=\"scs-paragraph-text\" style=\"\"><div>Click to edit description. Lorem ipsum dolor sit amet, consectetur adipiscing elit. Pellentesque scelerisque condimentum diam sit amet volutpat. Sed sit amet sapien at augue condimentum tincidunt at vitae nibh.</div></div></div></div><!-- /ko --></div>","marginBottom":5,"marginLeft":5,"marginRight":5,"marginTop":5,"placeholderText":"","styleClass":"","styleClassName":"","styleClassTag":"","toolbarGroups":"","useStyleClass":"true","userText":"<div>Click to edit description. Lorem ipsum dolor sit amet, consectetur adipiscing elit. Pellentesque scelerisque condimentum diam sit amet volutpat. Sed sit amet sapien at augue condimentum tincidunt at vitae nibh.</div>","visible":true,"width":400}},"fb44ab74-7b3b-472a-b666-2836b682c2ab":{"type":"scs-componentgroup","id":"Summary-Horizontal-2","data":{"components":["7fb4c083-c55a-45fd-90de-826a1c49c534","80428abb-ba4f-44cf-a76a-15d0b1a3f4d2","204a6988-a00e-4f34-98f0-7644f78323ee"],"grid":"<div class=\"scs-row\"><div class=\"scs-col\" style=\"width: 28%;\"><div id=\"7fb4c083-c55a-45fd-90de-826a1c49c534\"></div></div><div class=\"scs-col\" style=\"width: 72%;\"><div id=\"80428abb-ba4f-44cf-a76a-15d0b1a3f4d2\"></div><div id=\"204a6988-a00e-4f34-98f0-7644f78323ee\"></div></div></div>"}},"13a36398-5e2f-4c86-b646-f89125b07eb4":{"type":"scs-title","id":"scs-title","data":{"alignment":"fill","backgroundColor":"","borderColor":"#808080","borderRadius":0,"borderStyle":"none","borderWidth":1,"fontColor":"#333333","fontFamily":"'Helvetica Neue', Helvetica, Arial, sans-serif","fontSize":24,"innerHTML":"<div><!-- ko if: visible --><div class=\"scs-title  scs-component scs-title-default-style\" style=\"margin-top:5px;margin-right:5px;margin-bottom:5px;margin-left:15px;\"><div class=\"scs-component-content\" data-bind=\"scsCompSetupLightbox\" style=\"text-align:left;width:100%;\"><div class=\"scs-title-text\" style=\"\"><div>Services</div></div></div></div><!-- /ko --></div>","marginBottom":5,"marginLeft":15,"marginRight":5,"marginTop":5,"placeholderText":"","styleClass":"","styleClassName":"","styleClassTag":"","toolbarGroups":"","useStyleClass":"true","userText":"<div>Services</div>","visible":true,"width":400}},"bd5c335e-c9f7-4a1d-9382-dd7d81127675":{"type":"scs-paragraph","id":"scs-paragraph","data":{"alignment":"fill","backgroundColor":"","borderColor":"#808080","borderRadius":0,"borderStyle":"none","borderWidth":1,"fontColor":"#333333","fontFamily":"'Helvetica Neue', Helvetica, Arial, sans-serif","fontSize":16,"marginBottom":5,"marginLeft":5,"marginRight":5,"marginTop":5,"placeholderText":"","renderOnAccess":"","styleClass":"","styleClassName":"","styleClassTag":"","toolbarGroups":"","useStyleClass":"true","userText":"<div>Click to edit description. Lorem ipsum dolor sit amet, consectetur adipiscing elit. Pellentesque scelerisque condimentum diam sit amet volutpat. Sed sit amet sapien at augue condimentum tincidunt.</div>","visible":true,"visibleOnMobile":"","width":400}},"b3b2d6f0-a5cc-44d7-a7d5-b040300e2bb4":{"type":"scs-componentgroup","id":"Headline-Horizontal","data":{"className":"","components":["bd5c335e-c9f7-4a1d-9382-dd7d81127675","13a36398-5e2f-4c86-b646-f89125b07eb4"],"grid":"<div class=\"scs-row\"><div class=\"scs-col\" style=\"width: 100%;\"><div id=\"13a36398-5e2f-4c86-b646-f89125b07eb4\"></div><div id=\"bd5c335e-c9f7-4a1d-9382-dd7d81127675\"></div></div></div>"}},"a536443f-3369-495e-aedf-000f27725500":{"type":"scs-paragraph","id":"scs-paragraph","data":{"alignment":"fill","backgroundColor":"","borderColor":"#808080","borderRadius":0,"borderStyle":"none","borderWidth":1,"fontColor":"#333333","fontFamily":"'Helvetica Neue', Helvetica, Arial, sans-serif","fontSize":16,"marginBottom":0,"marginLeft":"10","marginRight":0,"marginTop":0,"placeholderText":"","renderOnAccess":"","styleClass":"","styleClassName":"","styleClassTag":"","toolbarGroups":"","useStyleClass":"true","userText":"<div><a linktype=\"scs-link-email\" href=\"mailto:info@company.com\">info@company.com</a></div>\n<div><a linktype=\"scs-link-webpage\" href=\"tel:+1 (357) 123-5678\">+1 (357) 123 5678</a></div>","visible":true,"visibleOnMobile":"","width":400}},"a3aa2bbf-932a-4e59-8c90-f48d5572c33f":{"type":"scs-componentgroup","id":"Contact","data":{"className":"","components":[],"grid":""}},"d71a24d1-28ba-41f3-bc00-c9c1cb56a99e":{"type":"scs-component","id":"Knowledge-NavBar","data":{"actions":"","alignment":"fill","assets":"","borderColor":"#808080","borderRadius":0,"borderStyle":"none","borderWidth":1,"componentId":"templateComp","componentName":"Knowledge-NavBar","componentFactory":"","componentLayout":"default","contentId":"","contentLayoutCategory":"","contentPlaceholder":false,"contentTypes":[],"contentTypeDisplayName":"","contentTypeCategory":"ContentType","contentViewing":"","customRenderComplete":false,"customSettingsData":{"navWidth":"50%","nls":{"navAlign":"right"}},"componentConfig":{"id":"templateComp","settingsData":{"settingsHeight":500,"settingsWidth":300,"settingsRenderOption":"dialog","componentLayouts":[{"name":"default","displayName":"IMAGE_LEFT_LAYOUT"},{"name":"right","displayName":"IMAGE_RIGHT_LAYOUT"},{"name":"top","displayName":"IMAGE_TOP_LAYOUT"}],"triggers":[{"triggerName":"imageClicked","triggerDescription":"Image clicked","triggerPayload":[{"name":"payloadData","displayName":"Trigger Payload Data"}]}],"actions":[{"actionName":"setImageWidth","actionDescription":"Update the image width","actionPayload":[{"name":"imageWidth","description":"Image Width in pixels","type":{"ojComponent":{"component":"ojInputText"}},"value":""}]}]}},"description":"","detailPageId":"","height":"","initialized":true,"isCaaSLayout":false,"linkType":"scs-link-action","marginBottom":5,"marginLeft":5,"marginRight":5,"marginTop":5,"nestedComponents":[],"renderOnAccess":"","styleClass":"","styleClassName":"","seeded":false,"useStyleClass":"true","visible":true,"visibleOnMobile":"","visibleNestedComponents":[],"width":0}}}}