{"properties":{"title":"","pageLayout":"content.html","mobileLayout":"","pageDescription":"","keywords":"","hideFromSearchEngines":false,"header":"","footer":"","noIndex":true,"noFollow":true,"noArchive":true,"noSnippet":true,"isCobrowseEnabled":false,"overrideWebAnalytics":false,"webAnalyticsScript":null},"slots":{"footer":{"components":["dd580ac5-a550-4d8c-9de6-1e638e888e3b"],"grid":"<div class=\"scs-row\"><div class=\"scs-col\" style=\"width: 100%;\"><div id=\"dd580ac5-a550-4d8c-9de6-1e638e888e3b\"></div></div></div>"},"content":{"components":["5dca13b0-b497-4c3b-b315-84b1e5ae4838"],"grid":"<div class=\"scs-row\"><div class=\"scs-col\" style=\"width: 100%;\"><div id=\"5dca13b0-b497-4c3b-b315-84b1e5ae4838\"></div></div></div>"},"logocontainer":{"components":["e4120ed6-761c-43f1-bb8b-7c45bac9efa9"],"grid":"<div class=\"scs-row\"><div class=\"scs-col\" style=\"width: 100%;\"><div id=\"e4120ed6-761c-43f1-bb8b-7c45bac9efa9\"></div></div></div>"},"contactinfo":{"components":["af4bd5db-349f-424d-aab3-cbb209887b5e"],"grid":"<div class=\"scs-row\"><div class=\"scs-col\" style=\"width: 100%;\"><div id=\"af4bd5db-349f-424d-aab3-cbb209887b5e\"></div></div></div>"},"header-banner":{"components":["b03d7851-f491-4be3-bf15-5379fc71882a"],"grid":"<div class=\"scs-row\"><div class=\"scs-col\" style=\"width: 100%;\"><div id=\"b03d7851-f491-4be3-bf15-5379fc71882a\"></div></div></div>"},"heading":{"components":[],"grid":""}},"componentInstances":{"7c1acde3-5043-4750-8c6f-0beff2bd28d5":{"type":"scs-socialbar","id":"scs-socialbar","data":{"alignment":"left","backgroundColor":"","borderColor":"#808080","borderRadius":0,"borderStyle":"none","borderWidth":1,"iconSize":28,"iconSpacing":10,"images":[{"source":"","name":"COMP_ICON_FACEBOOK","class":"scs-facebook-icon","title":"","altText":"","description":"","link":"http://www.facebook.com","target":["_blank"]},{"source":"","name":"COMP_ICON_LINKEDIN","class":"scs-linkedin-icon","title":"","altText":"","description":"","link":"http://www.linkedin.com","target":["_blank"]},{"source":"","name":"COMP_ICON_TWITTER","class":"scs-twitter-icon","title":"","altText":"","description":"","link":"http://www.twitter.com","target":["_blank"]},{"source":"","name":"COMP_ICON_GOOGLEPLUS","class":"scs-googleplus-icon","title":"","altText":"","description":"","link":"http://plus.google.com","target":["_blank"]},{"source":"","name":"COMP_ICON_YOUTUBE","class":"scs-youtube-icon","title":"","altText":"","description":"","link":"http://www.youtube.com","target":["_blank"]}],"layout":"horizontal","marginBottom":5,"marginLeft":0,"marginRight":0,"marginTop":5,"styleClass":"","useStyleClass":"true","visible":true}},"b03d7851-f491-4be3-bf15-5379fc71882a":{"type":"scs-image","id":"scs-image","data":{"alignment":"fill","altText":"","borderColor":"#808080","borderRadius":0,"borderStyle":"none","borderWidth":1,"caption":"","imageHref":"","imageName":"Services_Header.jpg","imageTarget":"_self","imageUrl":"[!--$SCS_CONTENT_URL--]/Services_Header-6150650000005449.jpg","linkType":"scs-link-no-link","marginBottom":0,"marginLeft":0,"marginRight":0,"marginTop":0,"styleClass":"","title":"","useStyleClass":"true","visible":true,"width":300}},"dd580ac5-a550-4d8c-9de6-1e638e888e3b":{"type":"scs-componentgroup","id":"FooterBar","data":{"className":"","components":["7c1acde3-5043-4750-8c6f-0beff2bd28d5","98fe37bb-24a7-4271-b852-664dfe7b273b"],"grid":"<div class=\"scs-row\"><div class=\"scs-col\" style=\"width: 50%;\"><div id=\"7c1acde3-5043-4750-8c6f-0beff2bd28d5\"></div></div><div class=\"scs-col\" style=\"width: 50%;\"><div id=\"98fe37bb-24a7-4271-b852-664dfe7b273b\"></div></div></div>"}},"98fe37bb-24a7-4271-b852-664dfe7b273b":{"type":"scs-title","id":"scs-title","data":{"alignment":"fill","backgroundColor":"","borderColor":"#808080","borderRadius":0,"borderStyle":"none","borderWidth":1,"fontColor":"#333333","fontFamily":"'Helvetica Neue', Helvetica, Arial, sans-serif","fontSize":24,"innerHTML":"<div><!-- ko if: visible --><div class=\"scs-title  scs-component scs-title-default-style\" style=\"margin-top:5px;margin-right:0px;margin-bottom:5px;margin-left:0px;\"><div class=\"scs-component-content\" data-bind=\"scsCompSetupLightbox\" style=\"text-align:left;width:100%;\"><div class=\"scs-title-text\" style=\"\"><div>COPYRIGHT © 2017 &lt;COMPANY NAME&gt;</div></div></div></div><!-- /ko --></div>","marginBottom":5,"marginLeft":0,"marginRight":0,"marginTop":5,"placeholderText":"","styleClass":"","styleClassName":"","styleClassTag":"","toolbarGroups":"","useStyleClass":"true","userText":"<div>COPYRIGHT © 2017 &lt;COMPANY NAME&gt;</div>","visible":true,"width":400}},"5dca13b0-b497-4c3b-b315-84b1e5ae4838":{"type":"scs-paragraph","id":"scs-paragraph","data":{"alignment":"fill","backgroundColor":"","borderColor":"#808080","borderRadius":0,"borderStyle":"none","borderWidth":1,"fontColor":"#333333","fontFamily":"'Helvetica Neue', Helvetica, Arial, sans-serif","fontSize":16,"innerHTML":"<div><!-- ko if: visible --><div class=\"scs-paragraph  scs-component scs-paragraph-default-style\" style=\"margin-top:5px;margin-right:5px;margin-bottom:5px;margin-left:5px;\"><div class=\"scs-component-content\" data-bind=\"scsCompSetupLightbox\" style=\"text-align:left;width:100%;\"><div class=\"scs-paragraph-text\" style=\"\"><div>This site uses cookies for identifying unique user visits, but not for tracking your personal information. By continuing to use our site you are accepting our use of cookies.</div></div></div></div><!-- /ko --></div>","marginBottom":5,"marginLeft":5,"marginRight":5,"marginTop":5,"placeholderText":"","styleClass":"","styleClassName":"","styleClassTag":"","toolbarGroups":"","useStyleClass":"true","userText":"<div>This site uses cookies for identifying unique user visits, but not for tracking your personal information. By continuing to use our site you are accepting our use of cookies.</div>","visible":true,"width":400}},"b91933e3-a0c7-47e5-a3dc-d38f66f8f626":{"type":"scs-paragraph","id":"scs-paragraph","data":{"alignment":"fill","backgroundColor":"","borderColor":"#808080","borderRadius":0,"borderStyle":"none","borderWidth":1,"fontColor":"#333333","fontFamily":"'Helvetica Neue', Helvetica, Arial, sans-serif","fontSize":16,"marginBottom":0,"marginLeft":0,"marginRight":0,"marginTop":0,"placeholderText":"","renderOnAccess":"","styleClass":"","styleClassName":"","styleClassTag":"","toolbarGroups":"","useStyleClass":"true","userText":"<div><a linktype=\"scs-link-email\" href=\"mailto:info@company.com\">info@company.com</a></div>\n<div><a linktype=\"scs-link-webpage\" href=\"tel:+1 (357) 123-5678\">+1 (357) 123 5678</a></div>","visible":true,"visibleOnMobile":"","width":400}},"af4bd5db-349f-424d-aab3-cbb209887b5e":{"type":"scs-componentgroup","id":"Contact","data":{"className":"","components":["b91933e3-a0c7-47e5-a3dc-d38f66f8f626"],"grid":"<div class=\"scs-row\"><div class=\"scs-col\" style=\"width: 100%;\"><div id=\"b91933e3-a0c7-47e5-a3dc-d38f66f8f626\"></div></div></div>"}},"e4120ed6-761c-43f1-bb8b-7c45bac9efa9":{"type":"scs-component","id":"Knowledge-NavBar","data":{"actions":"","alignment":"fill","assets":"","borderColor":"#808080","borderRadius":0,"borderStyle":"none","borderWidth":1,"componentId":"templateComp","componentName":"Knowledge-NavBar","componentFactory":"","componentLayout":"default","contentId":"","contentLayoutCategory":"","contentPlaceholder":false,"contentTypes":[],"contentTypeDisplayName":"","contentTypeCategory":"ContentType","contentViewing":"","customRenderComplete":false,"customSettingsData":{"width":"260px","nls":{"paragraphText":"<p>As a page author, you can edit the content and settings for this component. To change settings, including triggers and actions, click the component menu and choose Settings.</p><p> As a component developer, you can change the component and its defaults (such as this text) either by working with the files directly through the components browser or by using the desktop app to work with the files on your local system.</p>"}},"componentConfig":{"id":"templateComp","settingsData":{"settingsHeight":500,"settingsWidth":300,"settingsRenderOption":"dialog","componentLayouts":[{"name":"default","displayName":"IMAGE_LEFT_LAYOUT"},{"name":"right","displayName":"IMAGE_RIGHT_LAYOUT"},{"name":"top","displayName":"IMAGE_TOP_LAYOUT"}],"triggers":[{"triggerName":"imageClicked","triggerDescription":"Image clicked","triggerPayload":[{"name":"payloadData","displayName":"Trigger Payload Data"}]}],"actions":[{"actionName":"setImageWidth","actionDescription":"Update the image width","actionPayload":[{"name":"imageWidth","description":"Image Width in pixels","type":{"ojComponent":{"component":"ojInputText"}},"value":""}]}]}},"description":"","detailPageId":"","height":"","initialized":true,"isCaaSLayout":false,"linkType":"scs-link-action","marginBottom":5,"marginLeft":5,"marginRight":5,"marginTop":5,"nestedComponents":[],"renderOnAccess":"","styleClass":"","styleClassName":"","seeded":false,"useStyleClass":"true","visible":true,"visibleOnMobile":"","visibleNestedComponents":[],"width":0}}}}