{"properties":{"title":"Service Detail","pageLayout":"index.html","mobileLayout":"","pageDescription":"","keywords":"","hideFromSearchEngines":false,"header":"","footer":"","noIndex":false,"noFollow":false,"noArchive":false,"noSnippet":false,"isCobrowseEnabled":false,"overrideWebAnalytics":false,"webAnalyticsScript":null},"slots":{"header-banner":{"components":["fcb11ea6-aa81-451b-9f1f-a52f5ef4b749"],"grid":"<div class=\"scs-row\"><div class=\"scs-col\" style=\"width: 100%;\"><div id=\"fcb11ea6-aa81-451b-9f1f-a52f5ef4b749\"></div></div></div>"},"content":{"components":["cf8963cf-adb5-4748-8661-6c02bdb03d13"],"grid":"<div class=\"scs-row\"><div class=\"scs-col\" style=\"width: 100%;\"><div id=\"cf8963cf-adb5-4748-8661-6c02bdb03d13\"></div></div></div>"},"logocontainer":{"components":["b4cba79d-f6d4-417e-8f74-81496c5ef914"],"grid":"<div class=\"scs-row\"><div class=\"scs-col\" style=\"width: 100%;\"><div id=\"b4cba79d-f6d4-417e-8f74-81496c5ef914\"></div></div></div>"},"footer":{"components":["fb64fbce-9d5c-44cf-9909-ad31e78404a8"],"grid":"<div class=\"scs-row\"><div class=\"scs-col\" style=\"width: 100%;\"><div id=\"fb64fbce-9d5c-44cf-9909-ad31e78404a8\"></div></div></div>"}},"componentInstances":{"cf8963cf-adb5-4748-8661-6c02bdb03d13":{"type":"scs-contentlist","id":"scs-contentlist","data":{"actions":"","additionalItems":2,"alignment":"fill","autoRefreshOnSearch":true,"backgroundColor":"","backgroundColorHover":"","borderColor":"black","borderColorHover":"","borderRadius":0,"borderStyle":"none","borderWidth":1,"categoryFilters":[],"contentTypes":["Knowledge-Employee-Detail"],"contentTypeDisplayName":"Knowledge Employee Detail","customSettingsData":{"sectionLayout":""},"dateFilter":"all","dateFilterBegin":"","dateFilterEnd":"","dateFilterNumber":1,"dateFilterNumber2":1,"dateFilterUnits":"days","detailPageId":"","emptyListLayoutCategory":"None","firstItem":0,"firstLabel":"","fontColor":"#333333","fontColorHover":"","fontFamily":"'Helvetica Neue', Helvetica, Arial, sans-serif","fontSize":13,"includeChildCategories":true,"language":"","lastLabel":"","layoutCategory":"","lazyLoadClickText":"Load More...","linkType":"scs-link-action","loadType":"none","marginBottom":5,"marginLeft":5,"marginRight":5,"marginTop":5,"maxResults":10,"nextLabel":"","paginationAlignment":"center","prevLabel":"","queryString":"","renderOnAccess":"","sectionLayout":"","sectionLayoutInstanceId":"a902c770-fbb8-47b7-b333-c98d1d9cec96","showFirstLast":"false","showPageNumbers":"true","showPagination":"false","showPrevNext":"true","sortOrder":"name:asc","styleClass":"","useStyleClass":"true","visible":true,"visibleOnMobile":"","width":""}},"fcb11ea6-aa81-451b-9f1f-a52f5ef4b749":{"type":"scs-sectionlayout","id":"scs-sl-two-columns","data":{"componentFactory":"scs-two-columns","customSettingsData":{"columnWidth1":70,"columnWidth2":30},"components":["f1711d1b-9b58-4d6e-984f-98fb5b97e443","b09f2136-6b5c-44c5-9492-2a39beef4ce9"],"borderColor":"#808080","borderRadius":0,"borderStyle":"none","borderWidth":1,"renderOnAccess":"","styleClass":"","useStyleClass":"true","styles":["background-attachment:scroll","background-color:","background-position:left top","background-repeat:no-repeat","background-size:auto"]}},"b09f2136-6b5c-44c5-9492-2a39beef4ce9":{"type":"scs-componentgroup","id":"scs-componentgroup","data":{"allowMove":false,"components":["c25a4866-3ff3-4cbf-982c-a54957640d99"],"grid":"<div class=\"scs-row\"><div class=\"scs-col\" style=\"width: 100%;\"><div id=\"c25a4866-3ff3-4cbf-982c-a54957640d99\"></div></div></div>"}},"c25a4866-3ff3-4cbf-982c-a54957640d99":{"type":"scs-contentlist","id":"scs-contentlist","data":{"actions":"","additionalItems":2,"alignment":"fill","autoRefreshOnSearch":true,"backgroundColor":"","backgroundColorHover":"","borderColor":"black","borderColorHover":"","borderRadius":0,"borderStyle":"none","borderWidth":1,"categoryFilters":[],"contentTypes":["Knowledge-Banner"],"contentTypeDisplayName":"Knowledge Banner","customSettingsData":{"sectionLayout":""},"dateFilter":"all","dateFilterBegin":"","dateFilterEnd":"","dateFilterNumber":1,"dateFilterNumber2":1,"dateFilterUnits":"days","detailPageId":"","emptyListLayoutCategory":"None","firstItem":0,"firstLabel":"","fontColor":"#333333","fontColorHover":"","fontFamily":"'Helvetica Neue', Helvetica, Arial, sans-serif","fontSize":13,"includeChildCategories":true,"language":"","lastLabel":"","layoutCategory":"","lazyLoadClickText":"Load More...","linkType":"scs-link-action","loadType":"none","marginBottom":5,"marginLeft":5,"marginRight":5,"marginTop":5,"maxResults":10,"nextLabel":"","paginationAlignment":"center","prevLabel":"","queryString":"","renderOnAccess":"","sectionLayout":"","sectionLayoutInstanceId":"a3496420-fcbc-4144-a1cc-23333d440c08","showFirstLast":"false","showPageNumbers":"true","showPagination":"false","showPrevNext":"true","sortOrder":"name:asc","styleClass":"","useStyleClass":"true","visible":true,"visibleOnMobile":"","width":""}},"f1711d1b-9b58-4d6e-984f-98fb5b97e443":{"type":"scs-componentgroup","id":"scs-componentgroup","data":{"allowMove":false,"components":["bf197bf9-8416-41a4-926a-bc2f37a9987b"],"grid":"<div class=\"scs-row\"><div class=\"scs-col\" style=\"width: 100%;\"><div id=\"bf197bf9-8416-41a4-926a-bc2f37a9987b\"></div></div></div>","borderColor":"#808080","borderRadius":0,"borderStyle":"none","borderWidth":1,"styleClass":"","useStyleClass":"true","styles":["background-attachment:scroll","background-color:","background-position:right center","background-repeat:no-repeat","background-size:auto"]}},"a902c770-fbb8-47b7-b333-c98d1d9cec96":{"type":"scs-component","id":"scs-sl-horizontal","data":{"componentFactory":"scs-horizontal"}},"bf197bf9-8416-41a4-926a-bc2f37a9987b":{"type":"scs-component","id":"scs-contentplaceholder","data":{"actions":"","alignment":"fill","assets":"","borderColor":"#808080","borderRadius":0,"borderStyle":"none","borderWidth":1,"componentId":"","componentName":"","componentFactory":"","componentLayout":"","contentId":"","contentLayoutCategory":"","contentPlaceholder":true,"contentTypes":["Knowledge-Banner"],"contentTypeDisplayName":"","contentTypeCategory":"ContentType","contentViewing":"","customRenderComplete":false,"customSettingsData":"","componentConfig":"","description":"* : Default","detailPageId":"","height":"","initialized":true,"isCaaSLayout":true,"linkType":"scs-link-action","marginBottom":5,"marginLeft":5,"marginRight":5,"marginTop":5,"nestedComponents":[],"renderOnAccess":"","styleClass":"","styleClassName":"","seeded":true,"useStyleClass":"true","visible":true,"visibleOnMobile":"","visibleNestedComponents":[],"width":0}},"a3496420-fcbc-4144-a1cc-23333d440c08":{"type":"scs-component","id":"scs-sl-vertical","data":{"componentFactory":"scs-vertical"}},"b4cba79d-f6d4-417e-8f74-81496c5ef914":{"type":"scs-component","id":"Knowledge-NavBar","data":{"actions":"","alignment":"fill","assets":"","borderColor":"#808080","borderRadius":0,"borderStyle":"none","borderWidth":1,"componentId":"templateComp","componentName":"Knowledge-NavBar","componentFactory":"","componentLayout":"default","contentId":"","contentLayoutCategory":"","contentPlaceholder":false,"contentTypes":[],"contentTypeDisplayName":"","contentTypeCategory":"ContentType","contentViewing":"","customRenderComplete":false,"customSettingsData":{"navWidth":"50%","nls":{"navAlign":"right"}},"componentConfig":{"id":"templateComp","settingsData":{"settingsHeight":500,"settingsWidth":300,"settingsRenderOption":"dialog","componentLayouts":[{"name":"default","displayName":"IMAGE_LEFT_LAYOUT"},{"name":"right","displayName":"IMAGE_RIGHT_LAYOUT"},{"name":"top","displayName":"IMAGE_TOP_LAYOUT"}],"triggers":[{"triggerName":"imageClicked","triggerDescription":"Image clicked","triggerPayload":[{"name":"payloadData","displayName":"Trigger Payload Data"}]}],"actions":[{"actionName":"setImageWidth","actionDescription":"Update the image width","actionPayload":[{"name":"imageWidth","description":"Image Width in pixels","type":{"ojComponent":{"component":"ojInputText"}},"value":""}]}]}},"description":"","detailPageId":"","height":"","initialized":true,"isCaaSLayout":false,"linkType":"scs-link-action","marginBottom":5,"marginLeft":5,"marginRight":5,"marginTop":5,"nestedComponents":[],"renderOnAccess":"","styleClass":"","styleClassName":"","seeded":false,"useStyleClass":"true","visible":true,"visibleOnMobile":"","visibleNestedComponents":[],"width":0}},"fb64fbce-9d5c-44cf-9909-ad31e78404a8":{"type":"scs-componentgroup","id":"FooterBar","data":{"components":["cee530b7-71a7-47cb-beb7-87c8cba487e9","b084cbcf-20e0-46e1-ae29-42b0ce5a8dd6"],"grid":"<div class=\"scs-row\"><div class=\"scs-col\" style=\"width: 50%;\"><div id=\"cee530b7-71a7-47cb-beb7-87c8cba487e9\"></div></div><div class=\"scs-col\" style=\"width: 50%;\"><div id=\"b084cbcf-20e0-46e1-ae29-42b0ce5a8dd6\"></div></div></div>"}},"cee530b7-71a7-47cb-beb7-87c8cba487e9":{"type":"scs-socialbar","id":"scs-socialbar","data":{"alignment":"left","backgroundColor":"","borderColor":"#808080","borderRadius":0,"borderStyle":"none","borderWidth":1,"iconSize":28,"iconSpacing":10,"images":[{"source":"","name":"COMP_ICON_FACEBOOK","class":"scs-facebook-icon","title":"","altText":"","description":"","link":"http://www.facebook.com","target":["_blank"]},{"source":"","name":"COMP_ICON_LINKEDIN","class":"scs-linkedin-icon","title":"","altText":"","description":"","link":"http://www.linkedin.com","target":["_blank"]},{"source":"","name":"COMP_ICON_TWITTER","class":"scs-twitter-icon","title":"","altText":"","description":"","link":"http://www.twitter.com","target":["_blank"]},{"source":"","name":"COMP_ICON_GOOGLEPLUS","class":"scs-googleplus-icon","title":"","altText":"","description":"","link":"http://plus.google.com","target":["_blank"]},{"source":"","name":"COMP_ICON_YOUTUBE","class":"scs-youtube-icon","title":"","altText":"","description":"","link":"http://www.youtube.com","target":["_blank"]}],"layout":"horizontal","marginBottom":5,"marginLeft":5,"marginRight":5,"marginTop":5,"styleClass":"","useStyleClass":"true","visible":true}},"b084cbcf-20e0-46e1-ae29-42b0ce5a8dd6":{"type":"scs-title","id":"scs-title","data":{"actions":"","alignment":"fill","backgroundColor":"","borderColor":"#808080","borderRadius":0,"borderStyle":"none","borderWidth":1,"fontColor":"#333333","fontFamily":"'Helvetica Neue', Helvetica, Arial, sans-serif","fontSize":24,"marginBottom":5,"marginLeft":5,"marginRight":5,"marginTop":5,"placeholderText":"","styleClass":"","styleClassName":"","styleClassTag":"","toolbarGroups":"","useStyleClass":"true","userText":"<div>COPYRIGHT &copy; 2017 &lt;COMPANY NAME&gt;</div>","visible":true,"width":400}}}}