{"properties":{"title":"","pageLayout":"content-slots.html","mobileLayout":"","pageDescription":"","keywords":"","hideFromSearchEngines":false,"header":"","footer":"","noIndex":false,"noFollow":false,"noArchive":false,"noSnippet":false,"isCobrowseEnabled":false,"overrideWebAnalytics":false,"webAnalyticsScript":null},"slots":{"person3":{"components":[],"grid":""},"person4":{"components":[],"grid":""},"person1":{"components":[],"grid":""},"person2":{"components":[],"grid":""},"heading":{"components":["ffb66ab5-617b-4253-9747-40dc434df7ea"],"grid":"<div class=\"scs-row\"><div class=\"scs-col\" style=\"width: 100%;\"><div id=\"ffb66ab5-617b-4253-9747-40dc434df7ea\"></div></div></div>"},"header-banner":{"components":["96b1abcb-3fdd-4526-9271-6d38b65c431d","bd671a24-afa3-4bae-969f-da73d29aef5f"],"grid":"<div class=\"scs-row\"><div class=\"scs-col\" style=\"width: 100%;\"><div id=\"bd671a24-afa3-4bae-969f-da73d29aef5f\"></div><div id=\"96b1abcb-3fdd-4526-9271-6d38b65c431d\"></div></div></div>"},"footer":{"components":["eae7e837-a97f-49a9-be20-4155bc9b1a84"],"grid":"<div class=\"scs-row\"><div class=\"scs-col\" style=\"width: 100%;\"><div id=\"eae7e837-a97f-49a9-be20-4155bc9b1a84\"></div></div></div>"},"person5":{"components":[],"grid":""},"person6":{"components":[],"grid":""},"logocontainer":{"components":["acf7870c-0a93-4f83-95a0-ae6bb654e318"],"grid":"<div class=\"scs-row\"><div class=\"scs-col\" style=\"width: 100%;\"><div id=\"acf7870c-0a93-4f83-95a0-ae6bb654e318\"></div></div></div>"},"contactinfo":{"components":["ebd22911-be92-4f49-bbc0-f589b35c7712"],"grid":"<div class=\"scs-row\"><div class=\"scs-col\" style=\"width: 100%;\"><div id=\"ebd22911-be92-4f49-bbc0-f589b35c7712\"></div></div></div>"},"slot1":{"components":["f5743096-70de-4e15-be0d-6001533e642b"],"grid":"<div class=\"scs-row\"><div class=\"scs-col\" style=\"width: 100%;\"><div id=\"f5743096-70de-4e15-be0d-6001533e642b\"></div></div></div>"},"slot2":{"components":["7242220a-4500-46f9-b4ed-5db1c324b8ea"],"grid":"<div class=\"scs-row\"><div class=\"scs-col\" style=\"width: 100%;\"><div id=\"7242220a-4500-46f9-b4ed-5db1c324b8ea\"></div></div></div>"},"slot3":{"components":["a4b81f73-1def-4d3b-baf1-c153d94826ff"],"grid":"<div class=\"scs-row\"><div class=\"scs-col\" style=\"width: 100%;\"><div id=\"a4b81f73-1def-4d3b-baf1-c153d94826ff\"></div></div></div>"},"slot4":{"components":["720b3cea-b4f0-4d66-99fd-0be166a3639c"],"grid":"<div class=\"scs-row\"><div class=\"scs-col\" style=\"width: 100%;\"><div id=\"720b3cea-b4f0-4d66-99fd-0be166a3639c\"></div></div></div>"},"slot5":{"components":["e507f982-60ce-43c2-84a1-d0f59668e41e"],"grid":"<div class=\"scs-row\"><div class=\"scs-col\" style=\"width: 100%;\"><div id=\"e507f982-60ce-43c2-84a1-d0f59668e41e\"></div></div></div>"}},"componentInstances":{"96b1abcb-3fdd-4526-9271-6d38b65c431d":{"type":"scs-image","id":"scs-image","data":{"alignment":"fill","altText":"","borderColor":"#808080","borderRadius":0,"borderStyle":"none","borderWidth":1,"caption":"","imageHref":"","imageName":"About_Header.jpg","imageTarget":"_self","imageUrl":"[!--$SCS_CONTENT_URL--]/About_Header-6150650000005445.jpg","linkType":"scs-link-no-link","marginBottom":0,"marginLeft":0,"marginRight":0,"marginTop":0,"styleClass":"","title":"","useStyleClass":"true","visible":true,"width":300}},"f5743096-70de-4e15-be0d-6001533e642b":{"type":"scs-spacer","id":"scs-spacer","data":{"height":15,"styleClass":"","useStyleClass":"true","visible":true}},"7242220a-4500-46f9-b4ed-5db1c324b8ea":{"type":"scs-spacer","id":"scs-spacer","data":{"height":15,"styleClass":"","useStyleClass":"true","visible":true}},"a4b81f73-1def-4d3b-baf1-c153d94826ff":{"type":"scs-spacer","id":"scs-spacer","data":{"height":15,"styleClass":"","useStyleClass":"true","visible":true}},"720b3cea-b4f0-4d66-99fd-0be166a3639c":{"type":"scs-spacer","id":"scs-spacer","data":{"height":15,"styleClass":"","useStyleClass":"true","visible":true}},"85a5e678-7742-47c9-adbe-540a1485cae6":{"type":"scs-socialbar","id":"scs-socialbar","data":{"alignment":"left","backgroundColor":"","borderColor":"#808080","borderRadius":0,"borderStyle":"none","borderWidth":1,"iconSize":28,"iconSpacing":10,"images":[{"source":"","name":"COMP_ICON_FACEBOOK","class":"scs-facebook-icon","title":"","altText":"","description":"","link":"http://www.facebook.com","target":["_blank"]},{"source":"","name":"COMP_ICON_LINKEDIN","class":"scs-linkedin-icon","title":"","altText":"","description":"","link":"http://www.linkedin.com","target":["_blank"]},{"source":"","name":"COMP_ICON_TWITTER","class":"scs-twitter-icon","title":"","altText":"","description":"","link":"http://www.twitter.com","target":["_blank"]},{"source":"","name":"COMP_ICON_GOOGLEPLUS","class":"scs-googleplus-icon","title":"","altText":"","description":"","link":"http://plus.google.com","target":["_blank"]},{"source":"","name":"COMP_ICON_YOUTUBE","class":"scs-youtube-icon","title":"","altText":"","description":"","link":"http://www.youtube.com","target":["_blank"]}],"layout":"horizontal","marginBottom":5,"marginLeft":0,"marginRight":0,"marginTop":5,"styleClass":"","useStyleClass":"true","visible":true}},"cab465bc-6d90-46de-a351-0d08ef5d51ec":{"type":"scs-title","id":"scs-title","data":{"alignment":"fill","backgroundColor":"","borderColor":"#808080","borderRadius":0,"borderStyle":"none","borderWidth":1,"fontColor":"#333333","fontFamily":"'Helvetica Neue', Helvetica, Arial, sans-serif","fontSize":24,"innerHTML":"<div><!-- ko if: visible --><div class=\"scs-title  scs-component scs-title-default-style\" style=\"margin-top:5px;margin-right:0px;margin-bottom:5px;margin-left:0px;\"><div class=\"scs-component-content\" data-bind=\"scsCompSetupLightbox\" style=\"text-align:left;width:100%;\"><div class=\"scs-title-text\" style=\"\"><div>COPYRIGHT © 2017 &lt;COMPANY NAME&gt;</div></div></div></div><!-- /ko --></div>","marginBottom":5,"marginLeft":0,"marginRight":0,"marginTop":5,"placeholderText":"","styleClass":"","styleClassName":"","styleClassTag":"","toolbarGroups":"","useStyleClass":"true","userText":"<div>COPYRIGHT © 2017 &lt;COMPANY NAME&gt;</div>","visible":true,"width":400}},"eae7e837-a97f-49a9-be20-4155bc9b1a84":{"type":"scs-componentgroup","id":"FooterBar","data":{"className":"","components":["85a5e678-7742-47c9-adbe-540a1485cae6","cab465bc-6d90-46de-a351-0d08ef5d51ec"],"grid":"<div class=\"scs-row\"><div class=\"scs-col\" style=\"width: 50%;\"><div id=\"85a5e678-7742-47c9-adbe-540a1485cae6\"></div></div><div class=\"scs-col\" style=\"width: 50%;\"><div id=\"cab465bc-6d90-46de-a351-0d08ef5d51ec\"></div></div></div>"}},"4f57cf3d-0846-45be-98ca-f308a9f9e091":{"type":"scs-title","id":"scs-title","data":{"alignment":"fill","backgroundColor":"","borderColor":"#808080","borderRadius":0,"borderStyle":"none","borderWidth":1,"fontColor":"#333333","fontFamily":"'Helvetica Neue', Helvetica, Arial, sans-serif","fontSize":24,"innerHTML":"<div><!-- ko if: visible --><div class=\"scs-title  scs-component scs-title-default-style\" style=\"margin-top:5px;margin-right:5px;margin-bottom:5px;margin-left:10px;\"><div class=\"scs-component-content\" data-bind=\"scsCompSetupLightbox\" style=\"text-align:left;width:100%;\"><div class=\"scs-title-text\" style=\"\"><div>About</div></div></div></div><!-- /ko --></div>","marginBottom":5,"marginLeft":10,"marginRight":5,"marginTop":5,"placeholderText":"","styleClass":"","styleClassName":"","styleClassTag":"","toolbarGroups":"","useStyleClass":"true","userText":"<div>About</div>","visible":true,"width":400}},"d0a586f6-66f9-485d-bac8-29134cfe94e4":{"type":"scs-paragraph","id":"scs-paragraph","data":{"alignment":"fill","backgroundColor":"","borderColor":"#808080","borderRadius":0,"borderStyle":"none","borderWidth":1,"fontColor":"#333333","fontFamily":"'Helvetica Neue', Helvetica, Arial, sans-serif","fontSize":16,"innerHTML":"<div><!-- ko if: visible --><div class=\"scs-paragraph  scs-component scs-paragraph-default-style\" style=\"margin-top:5px;margin-right:5px;margin-bottom:5px;margin-left:5px;\"><div class=\"scs-component-content\" data-bind=\"scsCompSetupLightbox\" style=\"text-align:left;width:100%;\"><div class=\"scs-paragraph-text\" style=\"\"><div>Click to edit description. Lorem ipsum dolor sit amet, consectetur adipiscing elit. Pellentesque scelerisque condimentum diam sit amet volutpat. Sed sit amet sapien at augue condimentum tincidunt.</div></div></div></div><!-- /ko --></div>","marginBottom":5,"marginLeft":5,"marginRight":5,"marginTop":5,"placeholderText":"","styleClass":"","styleClassName":"","styleClassTag":"","toolbarGroups":"","useStyleClass":"true","userText":"<div>Click to edit description. Lorem ipsum dolor sit amet, consectetur adipiscing elit. Pellentesque scelerisque condimentum diam sit amet volutpat. Sed sit amet sapien at augue condimentum tincidunt.</div>","visible":true,"width":400}},"ffb66ab5-617b-4253-9747-40dc434df7ea":{"type":"scs-componentgroup","id":"Headline-Horizontal","data":{"className":"","components":["4f57cf3d-0846-45be-98ca-f308a9f9e091","d0a586f6-66f9-485d-bac8-29134cfe94e4"],"grid":"<div class=\"scs-row\"><div class=\"scs-col\" style=\"width: 100%;\"><div id=\"4f57cf3d-0846-45be-98ca-f308a9f9e091\"></div><div id=\"d0a586f6-66f9-485d-bac8-29134cfe94e4\"></div></div></div>"}},"bd671a24-afa3-4bae-969f-da73d29aef5f":{"type":"scs-paragraph","id":"scs-paragraph","data":{"alignment":"fill","backgroundColor":"","borderColor":"#808080","borderRadius":0,"borderStyle":"none","borderWidth":1,"fontColor":"#333333","fontFamily":"'Helvetica Neue', Helvetica, Arial, sans-serif","fontSize":16,"marginBottom":0,"marginLeft":"10","marginRight":0,"marginTop":0,"placeholderText":"","renderOnAccess":"","styleClass":"","styleClassName":"","styleClassTag":"","toolbarGroups":"","useStyleClass":"true","userText":"<div><a linktype=\"scs-link-email\" href=\"mailto:info@company.com\">info@company.com</a></div>\n<div><a linktype=\"scs-link-webpage\" href=\"tel:+1 (357) 123-5678\">+1 (357) 123 5678</a></div>","visible":true,"visibleOnMobile":"","width":400}},"ebd22911-be92-4f49-bbc0-f589b35c7712":{"type":"scs-componentgroup","id":"Contact","data":{"className":"","components":[],"grid":""}},"e507f982-60ce-43c2-84a1-d0f59668e41e":{"type":"scs-contentlist","id":"scs-contentlist","data":{"actions":"","additionalItems":2,"alignment":"fill","autoRefreshOnSearch":true,"backgroundColor":"","backgroundColorHover":"","borderColor":"black","borderColorHover":"","borderRadius":0,"borderStyle":"none","borderWidth":1,"categoryFilters":[],"contentTypes":["Knowledge-Employee-Detail"],"contentTypeDisplayName":"Knowledge Employee Detail","customSettingsData":{"sectionLayout":""},"dateFilter":"all","dateFilterBegin":"","dateFilterEnd":"","dateFilterNumber":1,"dateFilterNumber2":1,"dateFilterUnits":"days","detailPageId":"","emptyListLayoutCategory":"None","firstItem":0,"firstLabel":"","fontColor":"#333333","fontColorHover":"","fontFamily":"'Helvetica Neue', Helvetica, Arial, sans-serif","fontSize":13,"includeChildCategories":true,"language":"","lastLabel":"","layoutCategory":"Content List Detailed","lazyLoadClickText":"Load More...","linkType":"scs-link-action","loadType":"none","marginBottom":5,"marginLeft":5,"marginRight":5,"marginTop":5,"maxResults":10,"nextLabel":"","paginationAlignment":"center","prevLabel":"","queryString":"","renderOnAccess":"","sectionLayout":"","sectionLayoutInstanceId":"d224648f-3980-4db8-8291-7617090c39d7","showFirstLast":"false","showPageNumbers":"true","showPagination":"false","showPrevNext":"true","sortOrder":"name:asc","styleClass":"","useStyleClass":"true","visible":true,"visibleOnMobile":"","width":""}},"d224648f-3980-4db8-8291-7617090c39d7":{"type":"scs-component","id":"scs-sl-vertical","data":{"componentFactory":"scs-vertical"}},"acf7870c-0a93-4f83-95a0-ae6bb654e318":{"type":"scs-component","id":"Knowledge-NavBar","data":{"actions":"","alignment":"fill","assets":"","borderColor":"#808080","borderRadius":0,"borderStyle":"none","borderWidth":1,"componentId":"templateComp","componentName":"Knowledge-NavBar","componentFactory":"","componentLayout":"default","contentId":"","contentLayoutCategory":"","contentPlaceholder":false,"contentTypes":[],"contentTypeDisplayName":"","contentTypeCategory":"ContentType","contentViewing":"","customRenderComplete":false,"customSettingsData":{"navWidth":"50%","nls":{"navAlign":"right"}},"componentConfig":{"id":"templateComp","settingsData":{"settingsHeight":500,"settingsWidth":300,"settingsRenderOption":"dialog","componentLayouts":[{"name":"default","displayName":"IMAGE_LEFT_LAYOUT"},{"name":"right","displayName":"IMAGE_RIGHT_LAYOUT"},{"name":"top","displayName":"IMAGE_TOP_LAYOUT"}],"triggers":[{"triggerName":"imageClicked","triggerDescription":"Image clicked","triggerPayload":[{"name":"payloadData","displayName":"Trigger Payload Data"}]}],"actions":[{"actionName":"setImageWidth","actionDescription":"Update the image width","actionPayload":[{"name":"imageWidth","description":"Image Width in pixels","type":{"ojComponent":{"component":"ojInputText"}},"value":""}]}]}},"description":"","detailPageId":"","height":"","initialized":true,"isCaaSLayout":false,"linkType":"scs-link-action","marginBottom":5,"marginLeft":5,"marginRight":5,"marginTop":5,"nestedComponents":[],"renderOnAccess":"","styleClass":"","styleClassName":"","seeded":false,"useStyleClass":"true","visible":true,"visibleOnMobile":"","visibleNestedComponents":[],"width":0}}}}