{"properties":{"themeName":"VBCSSamplesSiteTheme","siteName":"VBCSSamplesTemplate","siteRootPrefix":"/SCSTEMPLATE_VBCSSamplesTemplate/","isLive":null,"description":"","keywords":"","header":"","footer":"<div class=\"scs-cookie-consent\" data-scs-consent-version=\"1\" style=\"display: none;\">This site uses cookies.  Please review our <a href=\"[!--$SCS_PAGE--]200[/!--$SCS_PAGE--]\">Privacy Policy.</a><a href=\"#\" alt=\"close\" class=\"scs-cookie-consent-close\"></a></div>","hideFromSearchEngines":false,"errorPage":null,"siteURL":"","noIndex":false,"noFollow":false,"noArchive":false,"noSnippet":false,"collectionId":"","targetId":"","targetAccessTokens":[],"isCobrowseEnabled":false,"cobrowseId":null,"siteConnections":{},"conversationId":"","mapProvider":null,"mapAPIKey":null,"isEnterprise":true,"repositoryId":"","channelId":"CHANNELF08604EA0E58C1D23238F0287B90F9AAF71207278EC7","channelAccessTokens":[],"arCollectionId":"O30BCCF591B01FEFE95BCBAA483B553E29F7315B0ECF","defaultLanguage":"","isWebAnalyticsEnabled":false,"webAnalyticsScript":null}}