{"pages":[{"id":10,"name":"Home","parentId":null,"pageUrl":"index.html","hideInNavigation":false,"linkUrl":"","linkTarget":"","children":[100,201,200],"overrideUrl":false,"isDetailPage":false,"isSearchPage":null},{"id":100,"name":"Samples","parentId":10,"pageUrl":"samples.html","hideInNavigation":false,"linkUrl":"","linkTarget":"","children":[110,120,130,140,150,205],"overrideUrl":false,"isDetailPage":false,"isSearchPage":false},{"id":110,"name":"Public Request Form","parentId":100,"pageUrl":"samples/public-request-form.html","hideInNavigation":false,"linkUrl":"","linkTarget":"","children":[],"overrideUrl":false,"isDetailPage":false,"isSearchPage":false},{"id":120,"name":"Secure Request Form","parentId":100,"pageUrl":"samples/secure-request-form.html","hideInNavigation":false,"linkUrl":"","linkTarget":"","children":[],"overrideUrl":false,"isDetailPage":false,"isSearchPage":false},{"id":130,"name":"Gated Form","parentId":100,"pageUrl":"samples/gated-form.html","hideInNavigation":false,"linkUrl":"","linkTarget":"","children":[],"overrideUrl":false,"isDetailPage":false,"isSearchPage":false},{"id":140,"name":"Request Data Chart","parentId":100,"pageUrl":"samples/request-data-chart.html","hideInNavigation":false,"linkUrl":"","linkTarget":"","children":[],"overrideUrl":false,"isDetailPage":false,"isSearchPage":false},{"id":150,"name":"Enroll Form","parentId":100,"pageUrl":"samples/enroll-form.html","hideInNavigation":false,"linkUrl":"","linkTarget":"","children":[],"overrideUrl":false,"isDetailPage":false,"isSearchPage":false},{"id":200,"name":"Privacy Policy","parentId":10,"pageUrl":"privacy-policy.html","hideInNavigation":false,"linkUrl":"","linkTarget":"","children":[],"overrideUrl":false,"isDetailPage":false,"isSearchPage":null},{"id":201,"name":"Detail Page","parentId":10,"pageUrl":"detail-page.html","hideInNavigation":true,"linkUrl":"","linkTarget":"","children":[],"overrideUrl":false,"isDetailPage":true,"isSearchPage":false},{"id":205,"name":"Event Registration Form","parentId":100,"pageUrl":"samples/event-registration-form.html","hideInNavigation":false,"linkUrl":"","linkTarget":"","children":[],"overrideUrl":false,"isDetailPage":false,"isSearchPage":false}]}