{"pages":[{"id":12,"name":"HOME","parentId":null,"pageUrl":"home.html","hideInNavigation":false,"linkUrl":"","linkTarget":"","children":[39,34,38,72],"overrideUrl":false,"isDetailPage":false,"isSearchPage":false},{"id":34,"name":"PRODUCT CATALOG","parentId":12,"pageUrl":"product-catalog.html","hideInNavigation":false,"linkUrl":"","linkTarget":"","children":[],"overrideUrl":false,"isDetailPage":false,"isSearchPage":false},{"id":38,"name":"SHOP","parentId":12,"pageUrl":"shop.html","hideInNavigation":false,"linkUrl":"","linkTarget":"","children":[],"overrideUrl":false,"isDetailPage":false,"isSearchPage":null},{"id":39,"name":"BLOG","parentId":12,"pageUrl":"blog.html","hideInNavigation":false,"linkUrl":"","linkTarget":"","children":[134,135,141],"overrideUrl":false,"isDetailPage":false,"isSearchPage":false},{"id":72,"name":"Privacy Policy","parentId":12,"pageUrl":"privacy-policy.html","hideInNavigation":true,"linkUrl":"","linkTarget":"","children":[],"overrideUrl":false,"isDetailPage":false,"isSearchPage":null},{"id":134,"name":"HOW TO","parentId":39,"pageUrl":"blog/how-to.html","hideInNavigation":false,"linkUrl":"","linkTarget":"","children":[138,140],"overrideUrl":false,"isDetailPage":false,"isSearchPage":false},{"id":135,"name":"DRINKS","parentId":39,"pageUrl":"blog/drinks.html","hideInNavigation":false,"linkUrl":"","linkTarget":"","children":[],"overrideUrl":false,"isDetailPage":false,"isSearchPage":false},{"id":138,"name":"Blog 1","parentId":134,"pageUrl":"blog/how-to/blog-1.html","hideInNavigation":false,"linkUrl":"","linkTarget":"","children":[],"overrideUrl":false,"isDetailPage":false,"isSearchPage":false},{"id":140,"name":"Blog 2","parentId":134,"pageUrl":"blog/how-to/blog-2.html","hideInNavigation":false,"linkUrl":"","linkTarget":"","children":[],"overrideUrl":false,"isDetailPage":false,"isSearchPage":false},{"id":141,"name":"RECIPES","parentId":39,"pageUrl":"blog/recipes.html","hideInNavigation":false,"linkUrl":"","linkTarget":"","children":[],"overrideUrl":false,"isDetailPage":false,"isSearchPage":false}]}