{"properties":{"title":"","pageLayout":"detail.html","pageDescription":"","keywords":"","hideFromSearchEngines":false,"header":"","footer":"","noIndex":false,"noFollow":false,"noArchive":false,"noSnippet":false,"isCobrowseEnabled":false},"slots":{"slot-content":{"components":["05aa1f60-c1e5-468e-945a-8ec8fc955da9"],"grid":"<div class=\"scs-row\"><div class=\"scs-col\" style=\"width: 100%;\"><div id=\"05aa1f60-c1e5-468e-945a-8ec8fc955da9\"></div></div></div>"}},"componentInstances":{"05aa1f60-c1e5-468e-945a-8ec8fc955da9":{"type":"scs-paragraph","id":"scs-paragraph","data":{"alignment":"fill","backgroundColor":"","borderColor":"#808080","borderRadius":0,"borderStyle":"none","borderWidth":1,"fontColor":"#333333","fontFamily":"'Helvetica Neue', Helvetica, Arial, sans-serif","fontSize":16,"innerHTML":"<div><!-- ko if: visible --><div class=\"scs-paragraph  scs-component scs-paragraph-default-style\" style=\"margin-top:5px;margin-right:5px;margin-bottom:5px;margin-left:5px;\"><div class=\"scs-component-content\" data-bind=\"scsCompSetupLightbox\" style=\"text-align:left;width:100%;\"><div class=\"scs-paragraph-text\" style=\"\"><div><div><p>This Oracle JET starter theme configures the two page layouts to use Oracle JET CDN JavaScript&nbsp;libraries. This allows usage of JET Composite Component Architecture (CCA) components on the page as well as JET within the page layout. For details on configuring Oracle JET in page layouts, refer to the following JavaScript file: assets/js/main.js&nbsp;file in the theme of this template.&nbsp;</p><p>&nbsp;</p><p>A theme defines the general look-and-feel of a site and includes the following:</p><ul><li><p><span name=\"OracleReview\" id=\"13\" class=\"segment\">Style settings for a site (CSS files)</span></p></li><li><p><span name=\"OracleReview\" id=\"14\" class=\"segment\">Layouts for pages (HTML files)</span></p></li><li><p><span name=\"OracleReview\" id=\"15\" class=\"segment\">Code to construct navigation for the site (JS files)</span></p></li><li><p><span name=\"OracleReview\" id=\"16\" class=\"segment\">Assets for background images or other content that are part of page layouts (images, JS files, and so on)</span></p></li><li><p><span name=\"OracleReview\" id=\"17\" class=\"segment\">A list of basic styles that can be used with the components (</span><code><span name=\"OracleReview\" id=\"18\" class=\"segment\">design.css</span></code><span name=\"OracleReview\" id=\"19\" class=\"segment\"> and </span><code><span name=\"OracleReview\" id=\"20\" class=\"segment\">design.json</span></code><span name=\"OracleReview\" id=\"21\" class=\"segment\"> files)</span></p></li></ul><p>&nbsp;</p><p>For more information about developing themes, see <a linktype=\"scs-link-webpage\" target=\"_blank\" href=\"https://docs.oracle.com/pls/topic/lookup?ctx=cloud&amp;id=CECCE-GUID-41521968-8E06-413A-8845-5C0311AC16E1\">Developing Themes</a> in <em>Developing for Oracle Content Management</em>.</p></div></div></div></div></div><!-- /ko --></div>","marginBottom":5,"marginLeft":5,"marginRight":5,"marginTop":5,"placeholderText":"","styleClass":"","styleClassName":"","styleClassTag":"","toolbarGroups":"","useStyleClass":"true","userText":"<div><div><p>This Oracle JET starter theme configures the two page layouts to use Oracle JET CDN JavaScript&nbsp;libraries. This allows usage of JET Composite Component Architecture (CCA) components on the page as well as JET within the page layout. For details on configuring Oracle JET in page layouts, refer to the following JavaScript file: assets/js/main.js&nbsp;file in the theme of this template.&nbsp;</p><p>&nbsp;</p><p>A theme defines the general look-and-feel of a site and includes the following:</p><ul><li><p><span name=\"OracleReview\" id=\"13\" class=\"segment\">Style settings for a site (CSS files)</span></p></li><li><p><span name=\"OracleReview\" id=\"14\" class=\"segment\">Layouts for pages (HTML files)</span></p></li><li><p><span name=\"OracleReview\" id=\"15\" class=\"segment\">Code to construct navigation for the site (JS files)</span></p></li><li><p><span name=\"OracleReview\" id=\"16\" class=\"segment\">Assets for background images or other content that are part of page layouts (images, JS files, and so on)</span></p></li><li><p><span name=\"OracleReview\" id=\"17\" class=\"segment\">A list of basic styles that can be used with the components (</span><code><span name=\"OracleReview\" id=\"18\" class=\"segment\">design.css</span></code><span name=\"OracleReview\" id=\"19\" class=\"segment\"> and </span><code><span name=\"OracleReview\" id=\"20\" class=\"segment\">design.json</span></code><span name=\"OracleReview\" id=\"21\" class=\"segment\"> files)</span></p></li></ul><p>&nbsp;</p><p>For more information about developing themes, see <a linktype=\"scs-link-webpage\" target=\"_blank\" href=\"https://docs.oracle.com/pls/topic/lookup?ctx=cloud&amp;id=CECCE-GUID-41521968-8E06-413A-8845-5C0311AC16E1\">Developing Themes</a> in <em>Developing for Oracle Content Management</em>.</p></div></div>","visible":true,"width":400}}}}