{"properties":{"title":"","pageLayout":"detail.html","pageDescription":"","keywords":"","hideFromSearchEngines":false,"header":"","footer":"","noIndex":false,"noFollow":false,"noArchive":false,"noSnippet":false,"isCobrowseEnabled":false},"slots":{"slot-content":{"components":["41da0775-1802-4fd5-ab9c-5704f827042f"],"grid":"<div class=\"scs-row\"><div style=\"width: 100%;\" class=\"scs-col\"><div id=\"41da0775-1802-4fd5-ab9c-5704f827042f\"></div></div></div>"}},"componentInstances":{"41da0775-1802-4fd5-ab9c-5704f827042f":{"type":"scs-paragraph","id":"scs-paragraph","data":{"alignment":"fill","backgroundColor":"","borderColor":"#808080","borderRadius":0,"borderStyle":"none","borderWidth":1,"fontColor":"#333333","fontFamily":"'Helvetica Neue', Helvetica, Arial, sans-serif","fontSize":16,"innerHTML":"<div><!-- ko if: visible --><div class=\"scs-paragraph  scs-component scs-paragraph-default-style\" style=\"margin-top:5px;margin-right:5px;margin-bottom:5px;margin-left:5px;\"><div class=\"scs-component-content\" data-bind=\"scsCompSetupLightbox\" style=\"text-align:left;width:100%;\"><div class=\"scs-paragraph-text\" style=\"\"><div>This&nbsp;starter template uses Oracle JET Navigation List and Navigation Drawer samples, but you can use the same coding technique to produce other types of dynamic navigation menus.&nbsp;When you add a page to the site, the page is dynamically added to a menu as described below.</div><div>&nbsp;</div><div>This template contains the following menu features:&nbsp;</div><div>&nbsp;</div><div><span style=\"font-size:18px\"><strong>Top Level Menus</strong></span></div><div>A menu at the top of each page provides links to the home page and to each of the top-level pages.</div><div>&nbsp;</div><div><span style=\"font-size:18px\"><strong>Sub-Level Menus</strong></span></div><div>A menu in the footer of each page provides links to secondary pages located beneath the top-level pages.</div><div>&nbsp;</div><div><span style=\"font-size:18px\"><strong>Global Links</strong></span></div><div>A menu at the footer of each page includes a list of pages specified in the globalLinks object located in the JavaScript file below. If the pages exist in the site, they are included in the menu.<br>Themes/JETStarterTheme/assets/js/appController.js</div><div>The default list of page names is:&nbsp;</div><div><ul><li>About Us</li><li>Contact Us</li><li>Legal Notices</li><li>Terms Of Use</li><li>Privacy Policy</li></ul></div><div>&nbsp;</div><div><span style=\"font-size:18px\"><strong>Responsive Menu</strong></span></div><div>When the page size is reduced or rendered on a&nbsp;mobile device, the top-level menu disappears and an icon is displayed to open the Oracle JET Navigation Drawer. This, again, displays the top-level menu items as it scroll out from the left hand side of the page.&nbsp;</div><div>&nbsp;</div><div><span style=\"font-size:18px\"><strong>Menu Model</strong></span></div><div>The&nbsp; menu structure in this template supports two levels of pages.&nbsp; You can design any additional menu structure to suit your purposes using the menu model created for the site.&nbsp;</div><div>&nbsp;</div><div>&nbsp;</div><div>For more information about navigation menus, see <a target=\"_blank\" linktype=\"scs-link-webpage\" href=\"https://docs.oracle.com/pls/topic/lookup?ctx=cloud&amp;id=CECCE-GUID-0D633DFA-5B6B-46A5-8021-E2DBFB50D056\">Site Navigation</a> in <em>Developing for Oracle Content Management</em>.</div></div></div></div><!-- /ko --></div>","marginBottom":5,"marginLeft":5,"marginRight":5,"marginTop":5,"placeholderText":"","styleClass":"","styleClassName":"","styleClassTag":"","toolbarGroups":"","useStyleClass":"true","userText":"<div>This&nbsp;starter template uses Oracle JET Navigation List and Navigation Drawer samples, but you can use the same coding technique to produce other types of dynamic navigation menus.&nbsp;When you add a page to the site, the page is dynamically added to a menu as described below.</div><div>&nbsp;</div><div>This template contains the following menu features:&nbsp;</div><div>&nbsp;</div><div><span style=\"font-size:18px\"><strong>Top Level Menus</strong></span></div><div>A menu at the top of each page provides links to the home page and to each of the top-level pages.</div><div>&nbsp;</div><div><span style=\"font-size:18px\"><strong>Sub-Level Menus</strong></span></div><div>A menu in the footer of each page provides links to secondary pages located beneath the top-level pages.</div><div>&nbsp;</div><div><span style=\"font-size:18px\"><strong>Global Links</strong></span></div><div>A menu at the footer of each page includes a list of pages specified in the globalLinks object located in the JavaScript file below. If the pages exist in the site, they are included in the menu.<br>Themes/JETStarterTheme/assets/js/appController.js</div><div>The default list of page names is:&nbsp;</div><div><ul><li>About Us</li><li>Contact Us</li><li>Legal Notices</li><li>Terms Of Use</li><li>Privacy Policy</li></ul></div><div>&nbsp;</div><div><span style=\"font-size:18px\"><strong>Responsive Menu</strong></span></div><div>When the page size is reduced or rendered on a&nbsp;mobile device, the top-level menu disappears and an icon is displayed to open the Oracle JET Navigation Drawer. This, again, displays the top-level menu items as it scroll out from the left hand side of the page.&nbsp;</div><div>&nbsp;</div><div><span style=\"font-size:18px\"><strong>Menu Model</strong></span></div><div>The&nbsp; menu structure in this template supports two levels of pages.&nbsp; You can design any additional menu structure to suit your purposes using the menu model created for the site.&nbsp;</div><div>&nbsp;</div><div>&nbsp;</div><div>For more information about navigation menus, see <a target=\"_blank\" linktype=\"scs-link-webpage\" href=\"https://docs.oracle.com/pls/topic/lookup?ctx=cloud&amp;id=CECCE-GUID-0D633DFA-5B6B-46A5-8021-E2DBFB50D056\">Site Navigation</a> in <em>Developing for Oracle Content Management</em>.</div>","visible":true,"width":400}}}}