{"id":"CONT88AF5641FDD048849109D5E215DA55E6","type":"DigitalAsset","name":"Author 3(437412).jpg","description":"","createdBy":"swebcli.SitesAdmin1.admin","createdDate":{"value":"2018-08-29T17:13:48.000Z","timezone":"UTC"},"updatedBy":"swebcli.SitesAdmin1.admin","updatedDate":{"value":"2018-08-29T17:13:48.000Z","timezone":"UTC"},"fields":{"metadata":{},"size":98903,"native":{"links":[{"href":"http://swebcli-oracle.slc07haq.osn.oraclecorp.com:8080/content/management/api/v1.1/assets/CONT88AF5641FDD048849109D5E215DA55E6/native/Author 3(437412).jpg","rel":"self","method":"GET","mediaType":"image/jpg"}]},"renditions":[{"name":"ImageMedium","formats":[{"format":"jpg","metadata":{"width":"0","height":"-1"},"links":[{"href":"http://swebcli-oracle.slc07haq.osn.oraclecorp.com:8080/content/management/api/v1.1/assets/CONT88AF5641FDD048849109D5E215DA55E6/ImageMedium/Author 3(437412).jpg?format=jpg&type=responsiveimage","rel":"self","method":"GET","mediaType":"image/jpg"}]},{"format":"webp","metadata":{"width":"0","height":"-1"},"links":[{"href":"http://swebcli-oracle.slc07haq.osn.oraclecorp.com:8080/content/management/api/v1.1/assets/CONT88AF5641FDD048849109D5E215DA55E6/ImageMedium/Author 3(437412).jpg?format=webp&type=responsiveimage","rel":"self","method":"GET","mediaType":"image/webp"}]}],"type":"responsiveimage"},{"name":"thumbnail1","formats":[{"format":"jpg","metadata":{"width":"0","height":"0"},"links":[{"href":"http://swebcli-oracle.slc07haq.osn.oraclecorp.com:8080/content/management/api/v1.1/assets/CONT88AF5641FDD048849109D5E215DA55E6/thumbnail1/Author 3(437412).jpg?format=jpg&type=imagepreview","rel":"self","method":"GET","mediaType":"image/jpg"}]}],"type":"imagepreview"},{"name":"ImageThumbnail","formats":[{"format":"jpg","metadata":{"width":"0","height":"-1"},"links":[{"href":"http://swebcli-oracle.slc07haq.osn.oraclecorp.com:8080/content/management/api/v1.1/assets/CONT88AF5641FDD048849109D5E215DA55E6/ImageThumbnail/Author 3(437412).jpg?format=jpg&type=responsiveimage","rel":"self","method":"GET","mediaType":"image/jpg"}]},{"format":"webp","metadata":{"width":"0","height":"-1"},"links":[{"href":"http://swebcli-oracle.slc07haq.osn.oraclecorp.com:8080/content/management/api/v1.1/assets/CONT88AF5641FDD048849109D5E215DA55E6/ImageThumbnail/Author 3(437412).jpg?format=webp&type=responsiveimage","rel":"self","method":"GET","mediaType":"image/webp"}]}],"type":"responsiveimage"},{"name":"page1","formats":[{"format":"jpg","metadata":{"width":"0","height":"0"},"links":[{"href":"http://swebcli-oracle.slc07haq.osn.oraclecorp.com:8080/content/management/api/v1.1/assets/CONT88AF5641FDD048849109D5E215DA55E6/page1/Author 3(437412).jpg?format=jpg&type=imagepreview","rel":"self","method":"GET","mediaType":"image/jpg"}]}],"type":"imagepreview"},{"name":"thumbnail","formats":[{"format":"jpg","metadata":{"width":"256","height":"256"},"links":[{"href":"http://swebcli-oracle.slc07haq.osn.oraclecorp.com:8080/content/management/api/v1.1/assets/CONT88AF5641FDD048849109D5E215DA55E6/thumbnail/Author 3(437412).jpg?format=jpg&type=uithumbnail","rel":"self","method":"GET","mediaType":"image/jpg"}]}],"type":"uithumbnail"},{"name":"ImageLarge","formats":[{"format":"jpg","metadata":{"width":"0","height":"-1"},"links":[{"href":"http://swebcli-oracle.slc07haq.osn.oraclecorp.com:8080/content/management/api/v1.1/assets/CONT88AF5641FDD048849109D5E215DA55E6/ImageLarge/Author 3(437412).jpg?format=jpg&type=responsiveimage","rel":"self","method":"GET","mediaType":"image/jpg"}]},{"format":"webp","metadata":{"width":"0","height":"-1"},"links":[{"href":"http://swebcli-oracle.slc07haq.osn.oraclecorp.com:8080/content/management/api/v1.1/assets/CONT88AF5641FDD048849109D5E215DA55E6/ImageLarge/Author 3(437412).jpg?format=webp&type=responsiveimage","rel":"self","method":"GET","mediaType":"image/webp"}]}],"type":"responsiveimage"},{"name":"ImageSmall","formats":[{"format":"jpg","metadata":{"width":"0","height":"-1"},"links":[{"href":"http://swebcli-oracle.slc07haq.osn.oraclecorp.com:8080/content/management/api/v1.1/assets/CONT88AF5641FDD048849109D5E215DA55E6/ImageSmall/Author 3(437412).jpg?format=jpg&type=responsiveimage","rel":"self","method":"GET","mediaType":"image/jpg"}]},{"format":"webp","metadata":{"width":"0","height":"-1"},"links":[{"href":"http://swebcli-oracle.slc07haq.osn.oraclecorp.com:8080/content/management/api/v1.1/assets/CONT88AF5641FDD048849109D5E215DA55E6/ImageSmall/Author 3(437412).jpg?format=webp&type=responsiveimage","rel":"self","method":"GET","mediaType":"image/webp"}]}],"type":"responsiveimage"}],"mimeType":"image/jpg","version":"1","fileType":"jpg"},"links":null,"repositoryId":"FBD1AE084FD599ACECF449D44B8F66C0A3B7C5DF0706","externalFile":{"fileId":"DFDE9551BC1814C9512E3CD196B053DB0E689C38CA4F","version":"1"}}
