{"id":"CONT63AB88292A514B6D95AE8684CCC49298","type":"DigitalAsset","name":"Header 1(417688).jpg","description":"","createdBy":"swebcli.SitesAdmin1.admin","createdDate":{"value":"2018-08-29T17:13:34.000Z","timezone":"UTC"},"updatedBy":"swebcli.SitesAdmin1.admin","updatedDate":{"value":"2018-08-29T17:13:34.000Z","timezone":"UTC"},"fields":{"metadata":{},"size":1377766,"native":{"links":[{"href":"http://swebcli-oracle.slc07haq.osn.oraclecorp.com:8080/content/management/api/v1.1/assets/CONT63AB88292A514B6D95AE8684CCC49298/native/Header 1(417688).jpg","rel":"self","method":"GET","mediaType":"image/jpg"}]},"renditions":[{"name":"ImageMedium","formats":[{"format":"jpg","metadata":{"width":"0","height":"-1"},"links":[{"href":"http://swebcli-oracle.slc07haq.osn.oraclecorp.com:8080/content/management/api/v1.1/assets/CONT63AB88292A514B6D95AE8684CCC49298/ImageMedium/Header 1(417688).jpg?format=jpg&type=responsiveimage","rel":"self","method":"GET","mediaType":"image/jpg"}]},{"format":"webp","metadata":{"width":"0","height":"-1"},"links":[{"href":"http://swebcli-oracle.slc07haq.osn.oraclecorp.com:8080/content/management/api/v1.1/assets/CONT63AB88292A514B6D95AE8684CCC49298/ImageMedium/Header 1(417688).jpg?format=webp&type=responsiveimage","rel":"self","method":"GET","mediaType":"image/webp"}]}],"type":"responsiveimage"},{"name":"thumbnail1","formats":[{"format":"jpg","metadata":{"width":"0","height":"0"},"links":[{"href":"http://swebcli-oracle.slc07haq.osn.oraclecorp.com:8080/content/management/api/v1.1/assets/CONT63AB88292A514B6D95AE8684CCC49298/thumbnail1/Header 1(417688).jpg?format=jpg&type=imagepreview","rel":"self","method":"GET","mediaType":"image/jpg"}]}],"type":"imagepreview"},{"name":"ImageThumbnail","formats":[{"format":"jpg","metadata":{"width":"0","height":"-1"},"links":[{"href":"http://swebcli-oracle.slc07haq.osn.oraclecorp.com:8080/content/management/api/v1.1/assets/CONT63AB88292A514B6D95AE8684CCC49298/ImageThumbnail/Header 1(417688).jpg?format=jpg&type=responsiveimage","rel":"self","method":"GET","mediaType":"image/jpg"}]},{"format":"webp","metadata":{"width":"0","height":"-1"},"links":[{"href":"http://swebcli-oracle.slc07haq.osn.oraclecorp.com:8080/content/management/api/v1.1/assets/CONT63AB88292A514B6D95AE8684CCC49298/ImageThumbnail/Header 1(417688).jpg?format=webp&type=responsiveimage","rel":"self","method":"GET","mediaType":"image/webp"}]}],"type":"responsiveimage"},{"name":"page1","formats":[{"format":"jpg","metadata":{"width":"0","height":"0"},"links":[{"href":"http://swebcli-oracle.slc07haq.osn.oraclecorp.com:8080/content/management/api/v1.1/assets/CONT63AB88292A514B6D95AE8684CCC49298/page1/Header 1(417688).jpg?format=jpg&type=imagepreview","rel":"self","method":"GET","mediaType":"image/jpg"}]}],"type":"imagepreview"},{"name":"thumbnail","formats":[{"format":"jpg","metadata":{"width":"300","height":"189"},"links":[{"href":"http://swebcli-oracle.slc07haq.osn.oraclecorp.com:8080/content/management/api/v1.1/assets/CONT63AB88292A514B6D95AE8684CCC49298/thumbnail/Header 1(417688).jpg?format=jpg&type=uithumbnail","rel":"self","method":"GET","mediaType":"image/jpg"}]}],"type":"uithumbnail"},{"name":"ImageLarge","formats":[{"format":"jpg","metadata":{"width":"0","height":"-1"},"links":[{"href":"http://swebcli-oracle.slc07haq.osn.oraclecorp.com:8080/content/management/api/v1.1/assets/CONT63AB88292A514B6D95AE8684CCC49298/ImageLarge/Header 1(417688).jpg?format=jpg&type=responsiveimage","rel":"self","method":"GET","mediaType":"image/jpg"}]},{"format":"webp","metadata":{"width":"0","height":"-1"},"links":[{"href":"http://swebcli-oracle.slc07haq.osn.oraclecorp.com:8080/content/management/api/v1.1/assets/CONT63AB88292A514B6D95AE8684CCC49298/ImageLarge/Header 1(417688).jpg?format=webp&type=responsiveimage","rel":"self","method":"GET","mediaType":"image/webp"}]}],"type":"responsiveimage"},{"name":"ImageSmall","formats":[{"format":"jpg","metadata":{"width":"0","height":"-1"},"links":[{"href":"http://swebcli-oracle.slc07haq.osn.oraclecorp.com:8080/content/management/api/v1.1/assets/CONT63AB88292A514B6D95AE8684CCC49298/ImageSmall/Header 1(417688).jpg?format=jpg&type=responsiveimage","rel":"self","method":"GET","mediaType":"image/jpg"}]},{"format":"webp","metadata":{"width":"0","height":"-1"},"links":[{"href":"http://swebcli-oracle.slc07haq.osn.oraclecorp.com:8080/content/management/api/v1.1/assets/CONT63AB88292A514B6D95AE8684CCC49298/ImageSmall/Header 1(417688).jpg?format=webp&type=responsiveimage","rel":"self","method":"GET","mediaType":"image/webp"}]}],"type":"responsiveimage"}],"mimeType":"image/jpg","version":"1","fileType":"jpg"},"links":null,"repositoryId":"FBD1AE084FD599ACECF449D44B8F66C0A3B7C5DF0706","externalFile":{"fileId":"D1B8B93D56ADE9666033195EF807A6ED6C22C5C9295B","version":"1"}}
