{"id":"CONTB40F935F6C094BF6A98978C7C10BABC3","type":"DigitalAsset","name":"Header 3(425392).jpg","description":"","createdBy":"swebcli.SitesAdmin1.admin","createdDate":{"value":"2018-08-29T17:13:45.000Z","timezone":"UTC"},"updatedBy":"swebcli.SitesAdmin1.admin","updatedDate":{"value":"2018-08-29T17:13:45.000Z","timezone":"UTC"},"fields":{"metadata":{},"size":1836789,"native":{"links":[{"href":"http://swebcli-oracle.slc07haq.osn.oraclecorp.com:8080/content/management/api/v1.1/assets/CONTB40F935F6C094BF6A98978C7C10BABC3/native/Header 3(425392).jpg","rel":"self","method":"GET","mediaType":"image/jpg"}]},"renditions":[{"name":"ImageMedium","formats":[{"format":"jpg","metadata":{"width":"0","height":"-1"},"links":[{"href":"http://swebcli-oracle.slc07haq.osn.oraclecorp.com:8080/content/management/api/v1.1/assets/CONTB40F935F6C094BF6A98978C7C10BABC3/ImageMedium/Header 3(425392).jpg?format=jpg&type=responsiveimage","rel":"self","method":"GET","mediaType":"image/jpg"}]},{"format":"webp","metadata":{"width":"0","height":"-1"},"links":[{"href":"http://swebcli-oracle.slc07haq.osn.oraclecorp.com:8080/content/management/api/v1.1/assets/CONTB40F935F6C094BF6A98978C7C10BABC3/ImageMedium/Header 3(425392).jpg?format=webp&type=responsiveimage","rel":"self","method":"GET","mediaType":"image/webp"}]}],"type":"responsiveimage"},{"name":"thumbnail1","formats":[{"format":"jpg","metadata":{"width":"0","height":"0"},"links":[{"href":"http://swebcli-oracle.slc07haq.osn.oraclecorp.com:8080/content/management/api/v1.1/assets/CONTB40F935F6C094BF6A98978C7C10BABC3/thumbnail1/Header 3(425392).jpg?format=jpg&type=imagepreview","rel":"self","method":"GET","mediaType":"image/jpg"}]}],"type":"imagepreview"},{"name":"ImageThumbnail","formats":[{"format":"jpg","metadata":{"width":"0","height":"-1"},"links":[{"href":"http://swebcli-oracle.slc07haq.osn.oraclecorp.com:8080/content/management/api/v1.1/assets/CONTB40F935F6C094BF6A98978C7C10BABC3/ImageThumbnail/Header 3(425392).jpg?format=jpg&type=responsiveimage","rel":"self","method":"GET","mediaType":"image/jpg"}]},{"format":"webp","metadata":{"width":"0","height":"-1"},"links":[{"href":"http://swebcli-oracle.slc07haq.osn.oraclecorp.com:8080/content/management/api/v1.1/assets/CONTB40F935F6C094BF6A98978C7C10BABC3/ImageThumbnail/Header 3(425392).jpg?format=webp&type=responsiveimage","rel":"self","method":"GET","mediaType":"image/webp"}]}],"type":"responsiveimage"},{"name":"page1","formats":[{"format":"jpg","metadata":{"width":"0","height":"0"},"links":[{"href":"http://swebcli-oracle.slc07haq.osn.oraclecorp.com:8080/content/management/api/v1.1/assets/CONTB40F935F6C094BF6A98978C7C10BABC3/page1/Header 3(425392).jpg?format=jpg&type=imagepreview","rel":"self","method":"GET","mediaType":"image/jpg"}]}],"type":"imagepreview"},{"name":"thumbnail","formats":[{"format":"jpg","metadata":{"width":"300","height":"189"},"links":[{"href":"http://swebcli-oracle.slc07haq.osn.oraclecorp.com:8080/content/management/api/v1.1/assets/CONTB40F935F6C094BF6A98978C7C10BABC3/thumbnail/Header 3(425392).jpg?format=jpg&type=uithumbnail","rel":"self","method":"GET","mediaType":"image/jpg"}]}],"type":"uithumbnail"},{"name":"ImageLarge","formats":[{"format":"jpg","metadata":{"width":"0","height":"-1"},"links":[{"href":"http://swebcli-oracle.slc07haq.osn.oraclecorp.com:8080/content/management/api/v1.1/assets/CONTB40F935F6C094BF6A98978C7C10BABC3/ImageLarge/Header 3(425392).jpg?format=jpg&type=responsiveimage","rel":"self","method":"GET","mediaType":"image/jpg"}]},{"format":"webp","metadata":{"width":"0","height":"-1"},"links":[{"href":"http://swebcli-oracle.slc07haq.osn.oraclecorp.com:8080/content/management/api/v1.1/assets/CONTB40F935F6C094BF6A98978C7C10BABC3/ImageLarge/Header 3(425392).jpg?format=webp&type=responsiveimage","rel":"self","method":"GET","mediaType":"image/webp"}]}],"type":"responsiveimage"},{"name":"ImageSmall","formats":[{"format":"jpg","metadata":{"width":"0","height":"-1"},"links":[{"href":"http://swebcli-oracle.slc07haq.osn.oraclecorp.com:8080/content/management/api/v1.1/assets/CONTB40F935F6C094BF6A98978C7C10BABC3/ImageSmall/Header 3(425392).jpg?format=jpg&type=responsiveimage","rel":"self","method":"GET","mediaType":"image/jpg"}]},{"format":"webp","metadata":{"width":"0","height":"-1"},"links":[{"href":"http://swebcli-oracle.slc07haq.osn.oraclecorp.com:8080/content/management/api/v1.1/assets/CONTB40F935F6C094BF6A98978C7C10BABC3/ImageSmall/Header 3(425392).jpg?format=webp&type=responsiveimage","rel":"self","method":"GET","mediaType":"image/webp"}]}],"type":"responsiveimage"}],"mimeType":"image/jpg","version":"1","fileType":"jpg"},"links":null,"repositoryId":"FBD1AE084FD599ACECF449D44B8F66C0A3B7C5DF0706","externalFile":{"fileId":"DDCACC607160D5C3A342391F2FC268909BBD22C66849","version":"1"}}
