{"id":"CONT35459B7D65244EBA90641D9E49ACE193","type":"DigitalAsset","name":"Header 14(434686).jpg","description":"","createdBy":"swebcli.SitesAdmin1.admin","createdDate":{"value":"2018-08-29T17:13:38.000Z","timezone":"UTC"},"updatedBy":"swebcli.SitesAdmin1.admin","updatedDate":{"value":"2018-08-29T17:13:38.000Z","timezone":"UTC"},"fields":{"metadata":{},"size":2293062,"native":{"links":[{"href":"http://swebcli-oracle.slc07haq.osn.oraclecorp.com:8080/content/management/api/v1.1/assets/CONT35459B7D65244EBA90641D9E49ACE193/native/Header 14(434686).jpg","rel":"self","method":"GET","mediaType":"image/jpg"}]},"renditions":[{"name":"ImageMedium","formats":[{"format":"jpg","metadata":{"width":"0","height":"-1"},"links":[{"href":"http://swebcli-oracle.slc07haq.osn.oraclecorp.com:8080/content/management/api/v1.1/assets/CONT35459B7D65244EBA90641D9E49ACE193/ImageMedium/Header 14(434686).jpg?format=jpg&type=responsiveimage","rel":"self","method":"GET","mediaType":"image/jpg"}]},{"format":"webp","metadata":{"width":"0","height":"-1"},"links":[{"href":"http://swebcli-oracle.slc07haq.osn.oraclecorp.com:8080/content/management/api/v1.1/assets/CONT35459B7D65244EBA90641D9E49ACE193/ImageMedium/Header 14(434686).jpg?format=webp&type=responsiveimage","rel":"self","method":"GET","mediaType":"image/webp"}]}],"type":"responsiveimage"},{"name":"thumbnail1","formats":[{"format":"jpg","metadata":{"width":"0","height":"0"},"links":[{"href":"http://swebcli-oracle.slc07haq.osn.oraclecorp.com:8080/content/management/api/v1.1/assets/CONT35459B7D65244EBA90641D9E49ACE193/thumbnail1/Header 14(434686).jpg?format=jpg&type=imagepreview","rel":"self","method":"GET","mediaType":"image/jpg"}]}],"type":"imagepreview"},{"name":"ImageThumbnail","formats":[{"format":"jpg","metadata":{"width":"0","height":"-1"},"links":[{"href":"http://swebcli-oracle.slc07haq.osn.oraclecorp.com:8080/content/management/api/v1.1/assets/CONT35459B7D65244EBA90641D9E49ACE193/ImageThumbnail/Header 14(434686).jpg?format=jpg&type=responsiveimage","rel":"self","method":"GET","mediaType":"image/jpg"}]},{"format":"webp","metadata":{"width":"0","height":"-1"},"links":[{"href":"http://swebcli-oracle.slc07haq.osn.oraclecorp.com:8080/content/management/api/v1.1/assets/CONT35459B7D65244EBA90641D9E49ACE193/ImageThumbnail/Header 14(434686).jpg?format=webp&type=responsiveimage","rel":"self","method":"GET","mediaType":"image/webp"}]}],"type":"responsiveimage"},{"name":"page1","formats":[{"format":"jpg","metadata":{"width":"0","height":"0"},"links":[{"href":"http://swebcli-oracle.slc07haq.osn.oraclecorp.com:8080/content/management/api/v1.1/assets/CONT35459B7D65244EBA90641D9E49ACE193/page1/Header 14(434686).jpg?format=jpg&type=imagepreview","rel":"self","method":"GET","mediaType":"image/jpg"}]}],"type":"imagepreview"},{"name":"thumbnail","formats":[{"format":"jpg","metadata":{"width":"300","height":"189"},"links":[{"href":"http://swebcli-oracle.slc07haq.osn.oraclecorp.com:8080/content/management/api/v1.1/assets/CONT35459B7D65244EBA90641D9E49ACE193/thumbnail/Header 14(434686).jpg?format=jpg&type=uithumbnail","rel":"self","method":"GET","mediaType":"image/jpg"}]}],"type":"uithumbnail"},{"name":"ImageLarge","formats":[{"format":"jpg","metadata":{"width":"0","height":"-1"},"links":[{"href":"http://swebcli-oracle.slc07haq.osn.oraclecorp.com:8080/content/management/api/v1.1/assets/CONT35459B7D65244EBA90641D9E49ACE193/ImageLarge/Header 14(434686).jpg?format=jpg&type=responsiveimage","rel":"self","method":"GET","mediaType":"image/jpg"}]},{"format":"webp","metadata":{"width":"0","height":"-1"},"links":[{"href":"http://swebcli-oracle.slc07haq.osn.oraclecorp.com:8080/content/management/api/v1.1/assets/CONT35459B7D65244EBA90641D9E49ACE193/ImageLarge/Header 14(434686).jpg?format=webp&type=responsiveimage","rel":"self","method":"GET","mediaType":"image/webp"}]}],"type":"responsiveimage"},{"name":"ImageSmall","formats":[{"format":"jpg","metadata":{"width":"0","height":"-1"},"links":[{"href":"http://swebcli-oracle.slc07haq.osn.oraclecorp.com:8080/content/management/api/v1.1/assets/CONT35459B7D65244EBA90641D9E49ACE193/ImageSmall/Header 14(434686).jpg?format=jpg&type=responsiveimage","rel":"self","method":"GET","mediaType":"image/jpg"}]},{"format":"webp","metadata":{"width":"0","height":"-1"},"links":[{"href":"http://swebcli-oracle.slc07haq.osn.oraclecorp.com:8080/content/management/api/v1.1/assets/CONT35459B7D65244EBA90641D9E49ACE193/ImageSmall/Header 14(434686).jpg?format=webp&type=responsiveimage","rel":"self","method":"GET","mediaType":"image/webp"}]}],"type":"responsiveimage"}],"mimeType":"image/jpg","version":"1","fileType":"jpg"},"links":null,"repositoryId":"FBD1AE084FD599ACECF449D44B8F66C0A3B7C5DF0706","externalFile":{"fileId":"D372FD1C1090D270367B780C115736D7BE117FDB1883","version":"1"}}
