{"id":"CONT69C25DC7AA07411B80B1DDF24E8D424B","type":"DigitalAsset","name":"Header 7(414538).jpg","description":"","createdBy":"swebcli.SitesAdmin1.admin","createdDate":{"value":"2018-08-29T17:13:31.000Z","timezone":"UTC"},"updatedBy":"swebcli.SitesAdmin1.admin","updatedDate":{"value":"2018-08-29T17:13:31.000Z","timezone":"UTC"},"fields":{"metadata":{},"size":2986709,"native":{"links":[{"href":"http://swebcli-oracle.slc07haq.osn.oraclecorp.com:8080/content/management/api/v1.1/assets/CONT69C25DC7AA07411B80B1DDF24E8D424B/native/Header 7(414538).jpg","rel":"self","method":"GET","mediaType":"image/jpg"}]},"renditions":[{"name":"ImageMedium","formats":[{"format":"jpg","metadata":{"width":"0","height":"-1"},"links":[{"href":"http://swebcli-oracle.slc07haq.osn.oraclecorp.com:8080/content/management/api/v1.1/assets/CONT69C25DC7AA07411B80B1DDF24E8D424B/ImageMedium/Header 7(414538).jpg?format=jpg&type=responsiveimage","rel":"self","method":"GET","mediaType":"image/jpg"}]},{"format":"webp","metadata":{"width":"0","height":"-1"},"links":[{"href":"http://swebcli-oracle.slc07haq.osn.oraclecorp.com:8080/content/management/api/v1.1/assets/CONT69C25DC7AA07411B80B1DDF24E8D424B/ImageMedium/Header 7(414538).jpg?format=webp&type=responsiveimage","rel":"self","method":"GET","mediaType":"image/webp"}]}],"type":"responsiveimage"},{"name":"thumbnail1","formats":[{"format":"jpg","metadata":{"width":"0","height":"0"},"links":[{"href":"http://swebcli-oracle.slc07haq.osn.oraclecorp.com:8080/content/management/api/v1.1/assets/CONT69C25DC7AA07411B80B1DDF24E8D424B/thumbnail1/Header 7(414538).jpg?format=jpg&type=imagepreview","rel":"self","method":"GET","mediaType":"image/jpg"}]}],"type":"imagepreview"},{"name":"ImageThumbnail","formats":[{"format":"jpg","metadata":{"width":"0","height":"-1"},"links":[{"href":"http://swebcli-oracle.slc07haq.osn.oraclecorp.com:8080/content/management/api/v1.1/assets/CONT69C25DC7AA07411B80B1DDF24E8D424B/ImageThumbnail/Header 7(414538).jpg?format=jpg&type=responsiveimage","rel":"self","method":"GET","mediaType":"image/jpg"}]},{"format":"webp","metadata":{"width":"0","height":"-1"},"links":[{"href":"http://swebcli-oracle.slc07haq.osn.oraclecorp.com:8080/content/management/api/v1.1/assets/CONT69C25DC7AA07411B80B1DDF24E8D424B/ImageThumbnail/Header 7(414538).jpg?format=webp&type=responsiveimage","rel":"self","method":"GET","mediaType":"image/webp"}]}],"type":"responsiveimage"},{"name":"page1","formats":[{"format":"jpg","metadata":{"width":"0","height":"0"},"links":[{"href":"http://swebcli-oracle.slc07haq.osn.oraclecorp.com:8080/content/management/api/v1.1/assets/CONT69C25DC7AA07411B80B1DDF24E8D424B/page1/Header 7(414538).jpg?format=jpg&type=imagepreview","rel":"self","method":"GET","mediaType":"image/jpg"}]}],"type":"imagepreview"},{"name":"thumbnail","formats":[{"format":"jpg","metadata":{"width":"300","height":"189"},"links":[{"href":"http://swebcli-oracle.slc07haq.osn.oraclecorp.com:8080/content/management/api/v1.1/assets/CONT69C25DC7AA07411B80B1DDF24E8D424B/thumbnail/Header 7(414538).jpg?format=jpg&type=uithumbnail","rel":"self","method":"GET","mediaType":"image/jpg"}]}],"type":"uithumbnail"},{"name":"ImageLarge","formats":[{"format":"jpg","metadata":{"width":"0","height":"-1"},"links":[{"href":"http://swebcli-oracle.slc07haq.osn.oraclecorp.com:8080/content/management/api/v1.1/assets/CONT69C25DC7AA07411B80B1DDF24E8D424B/ImageLarge/Header 7(414538).jpg?format=jpg&type=responsiveimage","rel":"self","method":"GET","mediaType":"image/jpg"}]},{"format":"webp","metadata":{"width":"0","height":"-1"},"links":[{"href":"http://swebcli-oracle.slc07haq.osn.oraclecorp.com:8080/content/management/api/v1.1/assets/CONT69C25DC7AA07411B80B1DDF24E8D424B/ImageLarge/Header 7(414538).jpg?format=webp&type=responsiveimage","rel":"self","method":"GET","mediaType":"image/webp"}]}],"type":"responsiveimage"},{"name":"ImageSmall","formats":[{"format":"jpg","metadata":{"width":"0","height":"-1"},"links":[{"href":"http://swebcli-oracle.slc07haq.osn.oraclecorp.com:8080/content/management/api/v1.1/assets/CONT69C25DC7AA07411B80B1DDF24E8D424B/ImageSmall/Header 7(414538).jpg?format=jpg&type=responsiveimage","rel":"self","method":"GET","mediaType":"image/jpg"}]},{"format":"webp","metadata":{"width":"0","height":"-1"},"links":[{"href":"http://swebcli-oracle.slc07haq.osn.oraclecorp.com:8080/content/management/api/v1.1/assets/CONT69C25DC7AA07411B80B1DDF24E8D424B/ImageSmall/Header 7(414538).jpg?format=webp&type=responsiveimage","rel":"self","method":"GET","mediaType":"image/webp"}]}],"type":"responsiveimage"}],"mimeType":"image/jpg","version":"1","fileType":"jpg"},"links":null,"repositoryId":"FBD1AE084FD599ACECF449D44B8F66C0A3B7C5DF0706","externalFile":{"fileId":"DBA8A2D6D231A864DD7D7C0752354EF2802397123D8E","version":"1"}}
