{
	"id": "sample-component",
	"settingsData": {
		"settingsHeight": 490,
		"settingsWidth": 300,
		"settingsRenderOption": "panel",
		"triggers": [
			{
				"triggerName": "selectCard",
				"triggerDescription": "Card Selected",
				"triggerPayload": [
					{
						"name": "name",
						"displayName": "The employee's full name."
								},
					{
						"name": "avatar",
						"displayName": "The url of the employee's image."
								},
					{
						"name": "workTitle",
						"displayName": "The employee's job title."
								},
					{
						"name": "workNumber",
						"displayName": "The employee's work number."
								},
					{
						"name": "email",
						"displayName": "The employee's email."
								},
					{
						"name": "backgroundImage",
						"displayName": "The url of the background to use for the employee's card"
					}
                   ]
            }
        ],
		"actions": [
			{
				"actionName": "flipCards",
				"actionDescription": "Flip the cards",
				"actionPayload": []
            }
        ]

	},
	"initialData": {
		"componentId": "sampleComp",
		"componentLayout": "default",
		"customSettingsData": {
			"name": "Deb Raphaely",
			"avatar": "debraphaely.png",
			"title": "Purchasing Director",
			"work": 5171278899,
			"email": "deb.raphaely@oracle.com",
			"backgroundImage": "card-background_1.png"
		}
	}
}
