{"export-version":"1.1","template-id":"8FCF307C134440F6B7FEB87962C78002","template-name":"contentexport","template-description":"","count":25,"varsetcount":46,"groups":2,"group0":["Starter_Blog_Post","Starter_Blog_Author","DigitalAsset"],"group1":["DigitalAsset:CONTFA560204C7D34FA1B02EFDA6D468046A","Starter_Blog_Post:CORE815728A599BF43C6BFF2503CBADDDDBF","DigitalAsset:CONT7C4E893D0C124895B7D5B344F3556B96","Starter_Blog_Author:CORE8B870F2AC6FB4BB895FBE061311D1148","Starter_Blog_Post:CORE864039350D07464FB3134C2A20B1AFA1","DigitalAsset:CONTB40F935F6C094BF6A98978C7C10BABC3","Starter_Blog_Post:CORE24030F3EB03E45809FAE06A1D89E8328","DigitalAsset:CONTCB432C945DD74135B2E7034EEDEEB871","Starter_Blog_Post:COREEEB94055FC3945029955A351CA20FDC8","Starter_Blog_Post:CORE3E836BD745A046A3AAE519CEC33D6F74","DigitalAsset:CONT35459B7D65244EBA90641D9E49ACE193","DigitalAsset:CONT69C25DC7AA07411B80B1DDF24E8D424B","Starter_Blog_Post:CORE15F4964739944A9D9DADDB7CDD879FBF","Starter_Blog_Author:CORE421222EE3E1A4066BE930836D04EBAE4","DigitalAsset:CONTD6247A8379B44CFB87A31FAF97E4F783","Starter_Blog_Author:CORED4416D976BDD40D388684237AE72BC8C","Starter_Blog_Author:COREAF070E35B0E543F19EFE97591A6386E2","DigitalAsset:CONT707FBFD7D0314B6E9DFD84EAF13BFB3A","DigitalAsset:CONT416CC571EA814323A00454ACE1F466CB","DigitalAsset:CONT88AF5641FDD048849109D5E215DA55E6","DigitalAsset:CONT63AB88292A514B6D95AE8684CCC49298","Starter_Blog_Post:CORE03AF6ACE0803436DBC7DCC4263025C24"]}