{"itemOwner":"","numUpdates":"0","siteLongDescription":"This template illustrates a hierarchical representation of materials with a correspondingly capable navigation bar. The template includes multiple sample page organizations that all adhere to a consistent visual theme. Use this template as starting point to present resources of any kind. Copy the existing pages and replace the demo content to quickly create a portal through which to share content internally or externally.","secureSiteLevel":"0","itemGUID":"SD617BA43969B1413D010F37F2E7D0BBFD2A38DA1466","secureSitePolicy":"-1","onlyAllowCDNRequest":"false","siteName":"KnowledgeTemplate","isEnterprise":"true","CDNSafeHeader":"","slugPrefix":"knowledgesite","siteAuthor":"Oracle"}