{"siteName":"KnowledgeTemplate","themeName":"KnowledgeTheme","components":[{"name":"Knowledge-Banner-detail","type":"contentlayout"},{"name":"Headline-Vertical","type":"componentgroup"},{"name":"Knowledge-Banner-overview","type":"contentlayout"},{"name":"FooterBar","type":"componentgroup"},{"name":"Headline-Horizontal","type":"componentgroup"},{"name":"Summary-Vertical","type":"componentgroup"},{"name":"Knowledge-Employee-overview","type":"contentlayout"},{"name":"Summary-Horizontal-2","type":"componentgroup"},{"name":"Knowledge-Employee-Detail","type":"contentlayout"},{"name":"Knowledge-NavBar","type":"templatecomponent"},{"name":"Contact","type":"componentgroup"}]}