{"properties":{"themeName":"KnowledgeTheme","siteName":"KnowledgeTemplate (3)","siteRootPrefix":"/SCSTEMPLATE_KnowledgeTemplate/","isLive":null,"description":null,"keywords":"","header":"","footer":"<div class=\"scs-cookie-consent\" data-scs-consent-version=\"1\" style=\"display: none;\">This site uses cookies.  Please review our <a href=\"[!--$SCS_PAGE--]160[/!--$SCS_PAGE--]\">Privacy Policy</a>.  <a href=\"#\" alt=\"close\" class=\"scs-cookie-consent-close\"></a></div>","hideFromSearchEngines":false,"errorPage":null,"siteURL":"","noIndex":false,"noFollow":false,"noArchive":false,"noSnippet":false,"collectionId":"","targetId":"","targetAccessTokens":[],"isCobrowseEnabled":false,"cobrowseId":null,"siteConnections":{},"conversationId":null,"mapProvider":null,"mapAPIKey":null,"isEnterprise":true,"repositoryId":"","channelId":"CHANNELFD617BA43969B1413D010F37F2E7D0BBFD2A38DA1466","channelAccessTokens":[],"arCollectionId":"COLL158AC68832AC42198DC0A2BA6201FA5D","defaultLanguage":"en-US","localizationPolicy":"F79A918F43A90D31E053020011AC3B58","availableLanguages":null,"isJSModuleEnabled":false,"isAssetAnalyticsEnabled":false,"useStandardAnalyticsScript":false,"isWebAnalyticsEnabled":false,"webAnalyticsScript":null,"customProperties":{},"localeAliases":{}}}