{"pages":[{"id":12,"name":"HOME","parentId":null,"pageUrl":"home.html","hideInNavigation":false,"linkUrl":"","linkTarget":"","children":[150,69,76,160,162],"overrideUrl":false,"isDetailPage":null,"isSearchPage":null,"isPageTemplate":null},{"id":69,"name":"ABOUT","parentId":12,"pageUrl":"about.html","hideInNavigation":false,"linkUrl":"","linkTarget":"","children":[],"overrideUrl":false,"isDetailPage":null,"isSearchPage":null,"isPageTemplate":null},{"id":76,"name":"CONTACT","parentId":12,"pageUrl":"contact.html","hideInNavigation":false,"linkUrl":"","linkTarget":"","children":[],"overrideUrl":false,"isDetailPage":null,"isSearchPage":null,"isPageTemplate":null},{"id":150,"name":"SERVICES","parentId":12,"pageUrl":"services.html","hideInNavigation":false,"linkUrl":"","linkTarget":"","children":[],"overrideUrl":false,"isDetailPage":null,"isSearchPage":null,"isPageTemplate":null},{"id":160,"name":"Privacy Policy","parentId":12,"pageUrl":"privacy_policy.html","hideInNavigation":true,"linkUrl":"","linkTarget":"","children":[],"overrideUrl":false,"isDetailPage":null,"isSearchPage":null,"isPageTemplate":null},{"id":162,"name":"Service-Detail","parentId":12,"pageUrl":"service-detail.html","hideInNavigation":true,"linkUrl":"","linkTarget":"","children":[],"overrideUrl":false,"isDetailPage":true,"isSearchPage":false,"isPageTemplate":null}]}