{"properties":{"title":"Blog Theme - Home","pageLayout":"home.html","mobileLayout":"","pageDescription":"","keywords":"","hideFromSearchEngines":false,"header":"","footer":"","noIndex":false,"noFollow":false,"noArchive":false,"noSnippet":false,"isCobrowseEnabled":false,"overrideWebAnalytics":false,"webAnalyticsScript":null},"slots":{"slot100":{"components":["6cf17959-b488-4c7d-9e00-a13515ad4ca2100"],"grid":"<div class=\"scs-row\"><div class=\"scs-col\" style=\"width: 100%;\"><div id=\"6cf17959-b488-4c7d-9e00-a13515ad4ca2100\"></div></div></div>"},"post-list-id":{"components":["e7f028eb-46de-45ea-bb47-a9a7baf278ac"],"grid":"<div class=\"scs-row\"><div class=\"scs-col\" style=\"width: 100%;\"><div id=\"e7f028eb-46de-45ea-bb47-a9a7baf278ac\"></div></div></div>"},"blog-search2":{"components":[],"grid":""},"blog-search1":{"components":["cc16602b-4c03-4831-8c20-a3457cd851af"],"grid":"<div class=\"scs-row\"><div class=\"scs-col\" style=\"width: 100%;\"><div id=\"cc16602b-4c03-4831-8c20-a3457cd851af\"></div></div></div>"}},"componentInstances":{"6cf17959-b488-4c7d-9e00-a13515ad4ca2100":{"type":"scs-title","data":{"userText":"Hello Home Page"}},"cc16602b-4c03-4831-8c20-a3457cd851af":{"type":"scs-contentsearch","id":"scs-contentsearch","data":{"actions":"","alignment":"fill","backgroundColor":"","borderColor":"black","borderRadius":0,"borderStyle":"none","borderWidth":1,"contentTypes":["Starter-Blog-Post"],"fontColor":"","fontFamily":"","fontSize":16,"href":"[!--$SCS_PAGE--]402[/!--$SCS_PAGE--]","linkType":"scs-link-searchpage","marginBottom":5,"marginLeft":5,"marginRight":5,"marginTop":5,"placeholderText":"Search","showSearchIcon":true,"styleClass":"","target":"_self","useStyleClass":"true","visible":true,"width":0}},"site-heading-id":{"type":"scs-inline-text","isInlineComponent":true,"data":{"innerHTML":"Site Compile Tests"}},"site-subheading-id":{"type":"scs-inline-text","isInlineComponent":true,"data":{"innerHTML":"Test pages for validation component compilation"}},"e7f028eb-46de-45ea-bb47-a9a7baf278ac":{"type":"scs-paragraph","id":"scs-paragraph","data":{"alignment":"fill","backgroundColor":"","borderColor":"#808080","borderRadius":0,"borderStyle":"none","borderWidth":1,"fontColor":"#333333","fontFamily":"'Helvetica Neue', Helvetica, Arial, sans-serif","fontSize":16,"marginBottom":5,"marginLeft":5,"marginRight":5,"marginTop":5,"placeholderText":"","styleClass":"","styleClassName":"","styleClassTag":"","toolbarGroups":"","useStyleClass":"true","userText":"<div>Steps:</div><div>1) Update the \"siteCompileTestSite\"</div><ul><li>Create a page for each component called &lt;pageName&gt;</li><li>Add the component multiple times for each combination of properties</li><li>Run the page in preview (or publish) and store the &lt;body&gt; tag generated output under test/components/data/runtime/&lt;pageName&gt;.html</li><li>Save the site as template as \"siteCompileTestTemplate\" and update under developer/test/site-compiler</li></ul><div>2) Update the component compiler tests</div><ul><li>Update the test/components/componentsSpec.js file to include your page</li></ul><div>3) Run the tests</div><ul><li>npm run test<ul><li>will create a template and compile the pages in the template</li><li>will validate the compiled pages with currently stored runtime page output</li></ul></li></ul>","visible":true,"visibleOnMobile":"","width":400}}}}