{"properties":{"title":"","pageLayout":"about.html","mobileLayout":"","pageDescription":"","keywords":"","hideFromSearchEngines":false,"header":"","footer":"","noIndex":false,"noFollow":false,"noArchive":false,"noSnippet":false,"isCobrowseEnabled":false,"overrideWebAnalytics":false,"webAnalyticsScript":null},"slots":{"slot-content":{"components":["ef046f16-4a39-46f0-a440-9dc6e9a511b5","c41cc6f3-9e91-4657-a700-00714906bfb7","c0e91a88-cfb1-45fb-bd83-aa73e3c7de79","c259d410-8639-4efe-9bfb-77a56068f740","a4c736f3-3fa4-4adf-a93a-e480d31e3790","d9a518e4-516a-45ac-9389-c3176319d6e5","b12654f4-06e1-4876-9ac5-3004a9ff8510","abab63a4-40d6-469e-91a4-5197b8a0b0bb"],"grid":"<div class=\"scs-row\"><div class=\"scs-col\" style=\"width: 100%;\"><div id=\"ef046f16-4a39-46f0-a440-9dc6e9a511b5\"></div></div></div><div class=\"scs-row\"><div class=\"scs-col\" style=\"width: 100%;\"><div id=\"c41cc6f3-9e91-4657-a700-00714906bfb7\"></div><div id=\"c0e91a88-cfb1-45fb-bd83-aa73e3c7de79\"></div><div id=\"d9a518e4-516a-45ac-9389-c3176319d6e5\"></div><div id=\"c259d410-8639-4efe-9bfb-77a56068f740\"></div><div id=\"a4c736f3-3fa4-4adf-a93a-e480d31e3790\"></div><div id=\"b12654f4-06e1-4876-9ac5-3004a9ff8510\"></div></div></div><div class=\"scs-row\"><div class=\"scs-col\" style=\"width: 100%;\"><div id=\"abab63a4-40d6-469e-91a4-5197b8a0b0bb\"></div></div></div>"},"non-atf-content":{"components":["d3d72850-9acf-4b65-b60d-6911858b668d"],"grid":"<div class=\"scs-row\"><div class=\"scs-col\" style=\"width: 100%;\"><div id=\"d3d72850-9acf-4b65-b60d-6911858b668d\"></div></div></div>"}},"componentInstances":{"c41cc6f3-9e91-4657-a700-00714906bfb7":{"type":"scs-contentsearch","id":"scs-contentsearch","data":{"actions":"","alignment":"fill","backgroundColor":"","borderColor":"black","borderRadius":0,"borderStyle":"none","borderWidth":1,"contentTypes":[],"fontColor":"","fontFamily":"","fontSize":16,"href":"","linkType":"scs-link-action","marginBottom":5,"marginLeft":5,"marginRight":5,"marginTop":5,"placeholderText":"My Placeholder","showSearchIcon":false,"styleClass":"","target":"_self","useStyleClass":"true","visible":true,"visibleOnMobile":"","width":0}},"c259d410-8639-4efe-9bfb-77a56068f740":{"type":"scs-contentsearch","id":"scs-contentsearch","data":{"actions":"","alignment":"fill","backgroundColor":"#800000","borderColor":"#ff8c00","borderRadius":12,"borderStyle":"solid","borderWidth":5,"contentTypes":[],"fontColor":"#a52a2a","fontFamily":"Comic Sans MS, cursive","fontSize":23,"href":"","linkType":"scs-link-action","marginBottom":5,"marginLeft":5,"marginRight":5,"marginTop":5,"placeholderText":"Search","showSearchIcon":true,"styleClass":"","target":"_self","useStyleClass":"false","visible":true,"visibleOnMobile":"","width":0}},"c0e91a88-cfb1-45fb-bd83-aa73e3c7de79":{"type":"scs-contentsearch","id":"scs-contentsearch","data":{"actions":"","alignment":"center","backgroundColor":"","borderColor":"black","borderRadius":0,"borderStyle":"none","borderWidth":1,"contentTypes":[],"fontColor":"","fontFamily":"","fontSize":16,"href":"","linkType":"scs-link-action","marginBottom":"4","marginLeft":"3","marginRight":"2","marginTop":5,"placeholderText":"Search","showSearchIcon":true,"styleClass":"","target":"_self","useStyleClass":"true","visible":true,"visibleOnMobile":"","width":"200"}},"a4c736f3-3fa4-4adf-a93a-e480d31e3790":{"type":"scs-contentsearch","id":"scs-contentsearch","data":{"actions":"","alignment":"fill","backgroundColor":"","borderColor":"black","borderRadius":0,"borderStyle":"none","borderWidth":1,"contentTypes":["Starter-Blog-Post"],"fontColor":"","fontFamily":"","fontSize":16,"href":"","linkType":"scs-link-searchpage","marginBottom":5,"marginLeft":5,"marginRight":5,"marginTop":5,"placeholderText":"Search","showSearchIcon":true,"styleClass":"","target":"_blank","useStyleClass":"true","visible":true,"visibleOnMobile":"","width":0}},"ef046f16-4a39-46f0-a440-9dc6e9a511b5":{"type":"scs-contentsearch","id":"scs-contentsearch","data":{"placeholderText":"Search"}},"d9a518e4-516a-45ac-9389-c3176319d6e5":{"type":"scs-contentsearch","id":"scs-contentsearch","data":{"actions":"","alignment":"right","backgroundColor":"","borderColor":"black","borderRadius":0,"borderStyle":"none","borderWidth":1,"contentTypes":[],"fontColor":"","fontFamily":"","fontSize":16,"href":"","linkType":"scs-link-action","marginBottom":5,"marginLeft":5,"marginRight":5,"marginTop":5,"placeholderText":"Search","showSearchIcon":true,"styleClass":"","target":"_self","useStyleClass":"true","visible":true,"visibleOnMobile":"","width":"10000"}},"if-copyright":{"type":"scs-inline-text","isInlineComponent":true,"data":{"innerHTML":"Copyright &copy; Your Starter Blog 2017"}},"b12654f4-06e1-4876-9ac5-3004a9ff8510":{"type":"scs-contentsearch","id":"scs-contentsearch","data":{"actions":"","alignment":"fill","backgroundColor":"","borderColor":"black","borderRadius":0,"borderStyle":"none","borderWidth":1,"contentTypes":[],"fontColor":"","fontFamily":"","fontSize":16,"href":"","linkType":"scs-link-action","marginBottom":5,"marginLeft":5,"marginRight":5,"marginTop":5,"placeholderText":"Search","showSearchIcon":true,"styleClass":"scs-contentsearch-style-2","target":"_self","useStyleClass":"true","visible":true,"visibleOnMobile":"","width":0}},"abab63a4-40d6-469e-91a4-5197b8a0b0bb":{"type":"scs-contentsearch","id":"scs-contentsearch","data":{"actions":"","alignment":"fill","backgroundColor":"","borderColor":"black","borderRadius":0,"borderStyle":"none","borderWidth":1,"contentTypes":[],"fontColor":"","fontFamily":"","fontSize":16,"href":"","linkType":"scs-link-action","marginBottom":5,"marginLeft":5,"marginRight":5,"marginTop":5,"placeholderText":"Search","showSearchIcon":true,"styleClass":"scs-contentsearch-style-2","target":"_self","useStyleClass":"true","visible":true,"visibleOnMobile":"","width":0}},"d3d72850-9acf-4b65-b60d-6911858b668d":{"type":"scs-title","id":"scs-title","data":{"alignment":"fill","backgroundColor":"","borderColor":"#808080","borderRadius":0,"borderStyle":"none","borderWidth":1,"fontColor":"#333333","fontFamily":"'Helvetica Neue', Helvetica, Arial, sans-serif","fontSize":24,"marginBottom":5,"marginLeft":5,"marginRight":5,"marginTop":5,"placeholderText":"","styleClass":"","styleClassName":"","styleClassTag":"","toolbarGroups":"","useStyleClass":"true","userText":"<pre>rendering complete</pre>","visible":true,"visibleOnMobile":"","width":400}},"id-heading":{"type":"scs-inline-text","isInlineComponent":true,"data":{"innerHTML":"Search Component"}}}}