{"properties":{"title":"","pageLayout":"about.html","mobileLayout":"","pageDescription":"","keywords":"","hideFromSearchEngines":false,"header":"","footer":"","noIndex":false,"noFollow":false,"noArchive":false,"noSnippet":false,"isCobrowseEnabled":false,"overrideWebAnalytics":false,"webAnalyticsScript":null},"slots":{"slot-content":{"components":["ba6d9aa5-d1a2-4bc8-b096-401307df8b72","dc808cc2-45d8-4074-8684-91e684ff296d","a48bc164-913b-457d-8559-25bbc83ad261","a4764b3c-5d4f-4e9c-ac81-9060234fd032"],"grid":"<div class=\"scs-row\"><div class=\"scs-col\" style=\"width: 100%;\"><div id=\"ba6d9aa5-d1a2-4bc8-b096-401307df8b72\"></div><div id=\"dc808cc2-45d8-4074-8684-91e684ff296d\"></div></div></div><div class=\"scs-row\"><div class=\"scs-col\" style=\"width: 100%;\"><div id=\"a48bc164-913b-457d-8559-25bbc83ad261\"></div><div id=\"a4764b3c-5d4f-4e9c-ac81-9060234fd032\"></div></div></div>"},"non-atf-content":{"components":["f1e829f0-d2fc-4a7c-870f-a99470136f05"],"grid":"<div class=\"scs-row\"><div class=\"scs-col\" style=\"width: 100%;\"><div id=\"f1e829f0-d2fc-4a7c-870f-a99470136f05\"></div></div></div>"}},"componentInstances":{"dc808cc2-45d8-4074-8684-91e684ff296d":{"type":"scs-divider","id":"scs-divider","data":{"dividerColor":"#d3d3d3","dividerRadius":0,"dividerStyle":"solid","height":1,"marginBottom":"2","marginLeft":"3","marginRight":"4","marginTop":"1","styleClass":"","useStyleClass":"true","visible":true,"visibleOnMobile":""}},"a4764b3c-5d4f-4e9c-ac81-9060234fd032":{"type":"scs-divider","id":"scs-divider","data":{"dividerColor":"#d3d3d3","dividerRadius":0,"dividerStyle":"solid","height":1,"marginBottom":5,"marginLeft":5,"marginRight":5,"marginTop":5,"styleClass":"scs-divider-style-4","useStyleClass":"true","visible":true,"visibleOnMobile":""}},"a48bc164-913b-457d-8559-25bbc83ad261":{"type":"scs-divider","id":"scs-divider","data":{"dividerColor":"#a52a2a","dividerRadius":12,"dividerStyle":"solid","height":8,"marginBottom":5,"marginLeft":5,"marginRight":5,"marginTop":5,"styleClass":"","useStyleClass":"false","visible":true,"visibleOnMobile":""}},"f1e829f0-d2fc-4a7c-870f-a99470136f05":{"type":"scs-title","id":"scs-title","data":{"alignment":"fill","backgroundColor":"","borderColor":"#808080","borderRadius":0,"borderStyle":"none","borderWidth":1,"fontColor":"#333333","fontFamily":"'Helvetica Neue', Helvetica, Arial, sans-serif","fontSize":24,"marginBottom":5,"marginLeft":5,"marginRight":5,"marginTop":5,"placeholderText":"","styleClass":"","styleClassName":"","styleClassTag":"","toolbarGroups":"","useStyleClass":"true","userText":"<pre>rendering complete</pre>","visible":true,"visibleOnMobile":"","width":400}},"ba6d9aa5-d1a2-4bc8-b096-401307df8b72":{"type":"scs-divider","id":"scs-divider","data":{}},"id-heading":{"type":"scs-inline-text","isInlineComponent":true,"data":{"innerHTML":"Divider"}}}}