{"properties":{"title":"","pageLayout":"about.html","mobileLayout":"","pageDescription":"","keywords":"","hideFromSearchEngines":false,"header":"","footer":"","noIndex":false,"noFollow":false,"noArchive":false,"noSnippet":false,"isCobrowseEnabled":false,"overrideWebAnalytics":false,"webAnalyticsScript":null},"slots":{"slot-content":{"components":["f25778e4-01e1-41e6-b4f7-14dacdfb01bf","c7340e00-3eb9-4dd7-88ba-7334250ce18d"],"grid":"<div class=\"scs-row\"><div class=\"scs-col\" style=\"width: 100%;\"><div id=\"f25778e4-01e1-41e6-b4f7-14dacdfb01bf\"></div><div id=\"c7340e00-3eb9-4dd7-88ba-7334250ce18d\"></div></div></div>"},"non-atf-content":{"components":["db2159d1-86f9-4a5a-92cf-62afd7f4cc3a"],"grid":"<div class=\"scs-row\"><div class=\"scs-col\" style=\"width: 100%;\"><div id=\"db2159d1-86f9-4a5a-92cf-62afd7f4cc3a\"></div></div></div>"}},"componentInstances":{"f25778e4-01e1-41e6-b4f7-14dacdfb01bf":{"type":"scs-spacer","id":"scs-spacer","data":{}},"db2159d1-86f9-4a5a-92cf-62afd7f4cc3a":{"type":"scs-title","id":"scs-title","data":{"alignment":"fill","backgroundColor":"","borderColor":"#808080","borderRadius":0,"borderStyle":"none","borderWidth":1,"fontColor":"#333333","fontFamily":"'Helvetica Neue', Helvetica, Arial, sans-serif","fontSize":24,"marginBottom":5,"marginLeft":5,"marginRight":5,"marginTop":5,"placeholderText":"","styleClass":"","styleClassName":"","styleClassTag":"","toolbarGroups":"","useStyleClass":"true","userText":"<pre>rendering complete</pre>","visible":true,"visibleOnMobile":"","width":400}},"c7340e00-3eb9-4dd7-88ba-7334250ce18d":{"type":"scs-spacer","id":"scs-spacer","data":{"height":"25","styleClass":"","useStyleClass":"true","visible":true,"visibleOnMobile":""}},"id-heading":{"type":"scs-inline-text","isInlineComponent":true,"data":{"innerHTML":"Spacer"}}}}