{"properties":{"title":"","pageLayout":"about.html","mobileLayout":"","pageDescription":"","keywords":"","hideFromSearchEngines":false,"header":"","footer":"","noIndex":false,"noFollow":false,"noArchive":false,"noSnippet":false,"isCobrowseEnabled":false,"overrideWebAnalytics":false,"webAnalyticsScript":null},"slots":{"slot-content":{"components":["b971ce55-0d5b-4e14-9324-88f40366eb12","bff89df6-cf21-423f-a608-bfaa2af4db83","dc511a47-f0d8-4550-abda-b0cdd2094636"],"grid":"<div class=\"scs-row\"><div class=\"scs-col\" style=\"width: 100%;\"><div id=\"b971ce55-0d5b-4e14-9324-88f40366eb12\"></div><div id=\"bff89df6-cf21-423f-a608-bfaa2af4db83\"></div><div id=\"dc511a47-f0d8-4550-abda-b0cdd2094636\"></div></div></div>"},"non-atf-content":{"components":["fcb0fb26-7ac0-4ddd-9233-a8d96e1dcaa9"],"grid":"<div class=\"scs-row\"><div class=\"scs-col\" style=\"width: 100%;\"><div id=\"fcb0fb26-7ac0-4ddd-9233-a8d96e1dcaa9\"></div></div></div>"}},"componentInstances":{"fcb0fb26-7ac0-4ddd-9233-a8d96e1dcaa9":{"type":"scs-title","id":"scs-title","data":{"alignment":"fill","backgroundColor":"","borderColor":"#808080","borderRadius":0,"borderStyle":"none","borderWidth":1,"fontColor":"#333333","fontFamily":"'Helvetica Neue', Helvetica, Arial, sans-serif","fontSize":24,"marginBottom":5,"marginLeft":5,"marginRight":5,"marginTop":5,"placeholderText":"","styleClass":"","styleClassName":"","styleClassTag":"","toolbarGroups":"","useStyleClass":"true","userText":"<pre>rendering complete</pre>","visible":true,"visibleOnMobile":"","width":400}},"b971ce55-0d5b-4e14-9324-88f40366eb12":{"type":"scs-video","id":"scs-video","data":{"alignment":"fill","autoplay":"false","borderColor":"black","borderRadius":0,"borderStyle":"none","borderWidth":1,"controls":"true","posterName":"","posterUrl":"","loop":"false","marginBottom":0,"marginLeft":0,"marginRight":0,"marginTop":0,"muted":"false","styleClass":"","useStyleClass":"true","videoName":"zoom_0.mp4","videoUrl":"/documents/link/web?IdcService=GET_FILE&dLinkID=LD8B4A13749D3F11A67150F8964096A1734C12CD0BC1&item=fFileGUID:D0921F4F31B49F840840CED94BCF39DD41F172BA584E&scsOriginalFileName=zoom_0.mp4","visible":true,"visibleOnMobile":"","width":320}},"bff89df6-cf21-423f-a608-bfaa2af4db83":{"type":"scs-video","id":"scs-video","data":{"alignment":"fill","autoplay":"true","borderColor":"black","borderRadius":0,"borderStyle":"none","borderWidth":1,"controls":"false","posterName":"home-bg.jpg","posterUrl":"[!--$SCS_CONTENT_URL--]/home-bg-2674360000005450.jpg","loop":"true","marginBottom":0,"marginLeft":0,"marginRight":0,"marginTop":0,"muted":"true","styleClass":"","useStyleClass":"true","videoName":"zoom_0.mp4","videoUrl":"/documents/link/web?IdcService=GET_FILE&dLinkID=LDA659B9BB479155FBD2E2E339A658691489A035001B&item=fFileGUID:D0921F4F31B49F840840CED94BCF39DD41F172BA584E&scsOriginalFileName=zoom_0.mp4","visible":true,"visibleOnMobile":"","width":320}},"dc511a47-f0d8-4550-abda-b0cdd2094636":{"type":"scs-video","id":"scs-video","data":{"alignment":"center","autoplay":"false","borderColor":"#ffff00","borderRadius":13,"borderStyle":"solid","borderWidth":8,"controls":"true","posterName":"","posterUrl":"","loop":"false","marginBottom":"2","marginLeft":"3","marginRight":"4","marginTop":"1","muted":"false","styleClass":"","useStyleClass":"false","videoName":"zoom_0.mp4","videoUrl":"/documents/link/web?IdcService=GET_FILE&dLinkID=LDCADF9D844F07E403923BABA8B6ECE9331E5BFA636B&item=fFileGUID:D0921F4F31B49F840840CED94BCF39DD41F172BA584E&scsOriginalFileName=zoom_0.mp4","visible":true,"visibleOnMobile":"","width":"400"}},"id-heading":{"type":"scs-inline-text","isInlineComponent":true,"data":{"innerHTML":"Video"}}}}