{"properties":{"title":"","pageLayout":"about.html","mobileLayout":"","pageDescription":"","keywords":"","hideFromSearchEngines":false,"header":"","footer":"","noIndex":false,"noFollow":false,"noArchive":false,"noSnippet":false,"isCobrowseEnabled":false,"overrideWebAnalytics":false,"webAnalyticsScript":null},"slots":{"slot-content":{"components":["fe37be5d-4439-401f-97f0-0402fbe6d084","ea8c2956-2a7b-4063-a167-92e15aca546c","f3848ecf-377f-43bb-aeca-990be9eae021","cac53e96-2d72-4780-82aa-3ae26e16f5f6","d6401621-9968-45b5-9214-d9edacb0b83b","dd4a98d3-ee4f-4daf-b0b5-87be62c224cb","e424d02a-6527-4f64-ae76-da9213d385f3","dfc741b1-4e92-4d3f-906f-20d711dd8491"],"grid":"<div class=\"scs-row\"><div class=\"scs-col\" style=\"width: 100%;\"><div id=\"fe37be5d-4439-401f-97f0-0402fbe6d084\"></div><div id=\"ea8c2956-2a7b-4063-a167-92e15aca546c\"></div><div id=\"f3848ecf-377f-43bb-aeca-990be9eae021\"></div></div></div><div class=\"scs-row\"><div class=\"scs-col\" style=\"width: 100%;\"><div id=\"cac53e96-2d72-4780-82aa-3ae26e16f5f6\"></div><div id=\"d6401621-9968-45b5-9214-d9edacb0b83b\"></div><div id=\"dd4a98d3-ee4f-4daf-b0b5-87be62c224cb\"></div><div id=\"e424d02a-6527-4f64-ae76-da9213d385f3\"></div><div id=\"dfc741b1-4e92-4d3f-906f-20d711dd8491\"></div></div></div>"},"non-atf-content":{"components":["eec338a3-d4d9-44d9-8166-27f848f9cb32"],"grid":"<div class=\"scs-row\"><div class=\"scs-col\" style=\"width: 100%;\"><div id=\"eec338a3-d4d9-44d9-8166-27f848f9cb32\"></div></div></div>"}},"componentInstances":{"cac53e96-2d72-4780-82aa-3ae26e16f5f6":{"type":"scs-title","id":"scs-title","data":{"alignment":"fill","backgroundColor":"#afeeee","borderColor":"#006400","borderRadius":15,"borderStyle":"solid","borderWidth":5,"fontColor":"#ffa500","fontFamily":"Comic Sans MS, cursive","fontSize":28,"marginBottom":5,"marginLeft":5,"marginRight":5,"marginTop":5,"placeholderText":"","styleClass":"","styleClassName":"","styleClassTag":"","toolbarGroups":"","useStyleClass":"false","userText":"<div>simple text custom style</div>","visible":true,"visibleOnMobile":"","width":400}},"e424d02a-6527-4f64-ae76-da9213d385f3":{"type":"scs-title","id":"scs-title","data":{"alignment":"fill","backgroundColor":"","borderColor":"#808080","borderRadius":0,"borderStyle":"none","borderWidth":1,"fontColor":"#333333","fontFamily":"'Helvetica Neue', Helvetica, Arial, sans-serif","fontSize":24,"marginBottom":5,"marginLeft":5,"marginRight":5,"marginTop":5,"placeholderText":"","styleClass":"","styleClassName":"","styleClassTag":"","toolbarGroups":"","useStyleClass":"true","userText":"<div>text with <a linktype=\"scs-link-file-preview\" data-mfp-src=\"/documents/embed/link/LD978F212421E325F4CE6A1989D2229C0F1A7C1B9623/fileview/D3653766D86ECFBE598D63A293E4A2BAEDD2BFCAABC3/home-bg.jpg\" filepreviewshowdownload=\"yes\" href=\"#\">preview</a> link</div>","visible":true,"visibleOnMobile":"","width":400}},"ea8c2956-2a7b-4063-a167-92e15aca546c":{"type":"scs-title","id":"scs-title","data":{"alignment":"fill","backgroundColor":"","borderColor":"#808080","borderRadius":0,"borderStyle":"none","borderWidth":1,"fontColor":"#333333","fontFamily":"'Helvetica Neue', Helvetica, Arial, sans-serif","fontSize":24,"marginBottom":"2","marginLeft":"3","marginRight":"4","marginTop":"1","placeholderText":"","styleClass":"","styleClassName":"","styleClassTag":"","toolbarGroups":"","useStyleClass":"true","userText":"<div>simple text spacing</div>","visible":true,"visibleOnMobile":"","width":400}},"f3848ecf-377f-43bb-aeca-990be9eae021":{"type":"scs-title","id":"scs-title","data":{"alignment":"fill","backgroundColor":"","borderColor":"#808080","borderRadius":0,"borderStyle":"none","borderWidth":1,"fontColor":"#333333","fontFamily":"'Helvetica Neue', Helvetica, Arial, sans-serif","fontSize":24,"marginBottom":5,"marginLeft":5,"marginRight":5,"marginTop":5,"placeholderText":"","styleClass":"scs-title-style-3","styleClassName":"","toolbarGroups":"","useStyleClass":"true","userText":"<div>simple text style</div>","visible":true,"visibleOnMobile":"","width":400}},"fe37be5d-4439-401f-97f0-0402fbe6d084":{"type":"scs-title","id":"scs-title","data":{"alignment":"fill","backgroundColor":"","borderColor":"#808080","borderRadius":0,"borderStyle":"none","borderWidth":1,"fontColor":"#333333","fontFamily":"'Helvetica Neue', Helvetica, Arial, sans-serif","fontSize":24,"marginBottom":5,"marginLeft":5,"marginRight":5,"marginTop":5,"placeholderText":"","styleClass":"","styleClassName":"","styleClassTag":"","toolbarGroups":"","useStyleClass":"true","userText":"<div>simple text</div>","visible":true,"visibleOnMobile":"","width":400}},"eec338a3-d4d9-44d9-8166-27f848f9cb32":{"type":"scs-title","id":"scs-title","data":{"alignment":"fill","backgroundColor":"","borderColor":"#808080","borderRadius":0,"borderStyle":"none","borderWidth":1,"fontColor":"#333333","fontFamily":"'Helvetica Neue', Helvetica, Arial, sans-serif","fontSize":24,"marginBottom":5,"marginLeft":5,"marginRight":5,"marginTop":5,"placeholderText":"","styleClass":"","styleClassName":"","styleClassTag":"","toolbarGroups":"","useStyleClass":"true","userText":"<pre>rendering complete</pre>","visible":true,"visibleOnMobile":"","width":400}},"d6401621-9968-45b5-9214-d9edacb0b83b":{"type":"scs-title","id":"scs-title","data":{"alignment":"fill","backgroundColor":"","borderColor":"#808080","borderRadius":0,"borderStyle":"none","borderWidth":1,"fontColor":"#333333","fontFamily":"'Helvetica Neue', Helvetica, Arial, sans-serif","fontSize":24,"marginBottom":5,"marginLeft":5,"marginRight":5,"marginTop":5,"placeholderText":"","styleClass":"","styleClassName":"","styleClassTag":"","toolbarGroups":"","useStyleClass":"true","userText":"<div>text with <a target=\"_blank\" linktype=\"scs-link-sitepage\" href=\"[!--$SCS_PAGE--]100|param1=firstParam&amp;param2=secondParam[/!--$SCS_PAGE--]\">page</a> link</div>","visible":true,"visibleOnMobile":"","width":400}},"dd4a98d3-ee4f-4daf-b0b5-87be62c224cb":{"type":"scs-title","id":"scs-title","data":{"alignment":"fill","backgroundColor":"","borderColor":"#808080","borderRadius":0,"borderStyle":"none","borderWidth":1,"fontColor":"#333333","fontFamily":"'Helvetica Neue', Helvetica, Arial, sans-serif","fontSize":24,"marginBottom":5,"marginLeft":5,"marginRight":5,"marginTop":5,"placeholderText":"","styleClass":"","styleClassName":"","styleClassTag":"","toolbarGroups":"","useStyleClass":"true","userText":"<div>text with <a target=\"_blank\" download=\"BlogSiteHome.pdf\" linktype=\"scs-link-file\" href=\"[!--$SCS_CONTENT_URL--]/BlogSiteHome-2674360000005476.pdf\">download</a>&nbsp;link</div>","visible":true,"visibleOnMobile":"","width":400}},"dfc741b1-4e92-4d3f-906f-20d711dd8491":{"type":"scs-title","id":"scs-title","data":{"alignment":"fill","backgroundColor":"","borderColor":"#808080","borderRadius":0,"borderStyle":"none","borderWidth":1,"fontColor":"#333333","fontFamily":"'Helvetica Neue', Helvetica, Arial, sans-serif","fontSize":24,"marginBottom":5,"marginLeft":5,"marginRight":5,"marginTop":5,"placeholderText":"","styleClass":"","styleClassName":"","styleClassTag":"","toolbarGroups":"","useStyleClass":"true","userText":"<div style=\"margin-left:80px; text-align:center\">lots of styled in text&nbsp;</div><ol><li>across mutiple lines</li></ol><h3><span style=\"color:#95a5a6\"><span style=\"font-size:14px\"><span style=\"font-family:Comic Sans MS,cursive\"><span style=\"background-color:#9b59b6\">...</span></span></span></span></h3>","visible":true,"visibleOnMobile":"","width":400}},"id-heading":{"type":"scs-inline-text","isInlineComponent":true,"data":{"innerHTML":"Title"}}}}