{"properties":{"title":"","pageLayout":"about.html","mobileLayout":"","pageDescription":"","keywords":"","hideFromSearchEngines":false,"header":"","footer":"","noIndex":false,"noFollow":false,"noArchive":false,"noSnippet":false,"isCobrowseEnabled":false,"overrideWebAnalytics":false,"webAnalyticsScript":null},"slots":{"slot-content":{"components":["cb030a25-9f22-4418-89bf-d19d99fcfba1","f7931f0b-feee-4498-a126-fc1c6855f6e5","bc0ab562-f1b4-43bb-aa1e-7d85a1167627","aacdbd28-5628-4f5b-9911-d457c830d210","bf2e1aae-53a1-4e94-a3a7-fa105cc8fba2"],"grid":"<div class=\"scs-row\"><div class=\"scs-col\" style=\"width: 100%;\"><div id=\"cb030a25-9f22-4418-89bf-d19d99fcfba1\"></div><div id=\"f7931f0b-feee-4498-a126-fc1c6855f6e5\"></div><div id=\"bc0ab562-f1b4-43bb-aa1e-7d85a1167627\"></div><div id=\"aacdbd28-5628-4f5b-9911-d457c830d210\"></div><div id=\"bf2e1aae-53a1-4e94-a3a7-fa105cc8fba2\"></div></div></div>"},"non-atf-content":{"components":["e2c060a4-8127-48cc-93fb-ac66b1cba87a"],"grid":"<div class=\"scs-row\"><div class=\"scs-col\" style=\"width: 100%;\"><div id=\"e2c060a4-8127-48cc-93fb-ac66b1cba87a\"></div></div></div>"}},"componentInstances":{"bc0ab562-f1b4-43bb-aa1e-7d85a1167627":{"type":"scs-paragraph","id":"scs-paragraph","data":{"alignment":"fill","backgroundColor":"","borderColor":"#808080","borderRadius":0,"borderStyle":"none","borderWidth":1,"fontColor":"#333333","fontFamily":"'Helvetica Neue', Helvetica, Arial, sans-serif","fontSize":16,"marginBottom":5,"marginLeft":5,"marginRight":5,"marginTop":5,"placeholderText":"","styleClass":"","styleClassName":"","styleClassTag":"","toolbarGroups":"","useStyleClass":"true","userText":"<div>Paragraph with table&nbsp;</div><div><table summary=\"summary\" border=\"1\" cellspacing=\"1\" cellpadding=\"1\" style=\"height:200px; width:500px\"><caption>caption</caption><thead><tr><th scope=\"col\">&nbsp;</th><th scope=\"col\">&nbsp;</th></tr></thead><tbody><tr><td>one</td><td>two</td></tr><tr><td>three</td><td>four</td></tr></tbody></table><div>&nbsp;</div></div>","visible":true,"visibleOnMobile":"","width":400}},"e2c060a4-8127-48cc-93fb-ac66b1cba87a":{"type":"scs-title","id":"scs-title","data":{"alignment":"fill","backgroundColor":"","borderColor":"#808080","borderRadius":0,"borderStyle":"none","borderWidth":1,"fontColor":"#333333","fontFamily":"'Helvetica Neue', Helvetica, Arial, sans-serif","fontSize":24,"marginBottom":5,"marginLeft":5,"marginRight":5,"marginTop":5,"placeholderText":"","styleClass":"","styleClassName":"","styleClassTag":"","toolbarGroups":"","useStyleClass":"true","userText":"<pre>rendering complete</pre>","visible":true,"visibleOnMobile":"","width":400}},"cb030a25-9f22-4418-89bf-d19d99fcfba1":{"type":"scs-paragraph","id":"scs-paragraph","data":{"alignment":"fill","backgroundColor":"","borderColor":"#808080","borderRadius":0,"borderStyle":"none","borderWidth":1,"fontColor":"#333333","fontFamily":"'Helvetica Neue', Helvetica, Arial, sans-serif","fontSize":16,"marginBottom":5,"marginLeft":5,"marginRight":5,"marginTop":5,"placeholderText":"","styleClass":"","styleClassName":"","styleClassTag":"","toolbarGroups":"","useStyleClass":"true","userText":"<div>basic paragraph text</div>","visible":true,"visibleOnMobile":"","width":400}},"f7931f0b-feee-4498-a126-fc1c6855f6e5":{"type":"scs-paragraph","id":"scs-paragraph","data":{"alignment":"fill","backgroundColor":"","borderColor":"#808080","borderRadius":0,"borderStyle":"none","borderWidth":1,"fontColor":"#333333","fontFamily":"'Helvetica Neue', Helvetica, Arial, sans-serif","fontSize":16,"marginBottom":5,"marginLeft":5,"marginRight":5,"marginTop":5,"placeholderText":"","styleClass":"","styleClassName":"","styleClassTag":"","toolbarGroups":"","useStyleClass":"true","userText":"<div>Paragraph text with image&nbsp;<img alt=\"alt ext\" data-scs-image-name=\"home-bg.jpg\" style=\"float:right; height:126px; margin:25px 20px; width:200px\" data-scs-src=\"[!--$SCS_CONTENT_URL--]/home-bg-2674360000005506.jpg\"></div>","visible":true,"visibleOnMobile":"","width":400}},"aacdbd28-5628-4f5b-9911-d457c830d210":{"type":"scs-paragraph","id":"scs-paragraph","data":{"alignment":"fill","backgroundColor":"#008000","borderColor":"#008000","borderRadius":13,"borderStyle":"dashed","borderWidth":5,"fontColor":"#00ffff","fontFamily":"Copperplate Gothic Light, sans-serif","fontSize":16,"marginBottom":"2","marginLeft":"3","marginRight":"4","marginTop":"1","placeholderText":"","styleClass":"","styleClassName":"","styleClassTag":"","toolbarGroups":"","useStyleClass":"false","userText":"","visible":true,"visibleOnMobile":"","width":400}},"bf2e1aae-53a1-4e94-a3a7-fa105cc8fba2":{"type":"scs-paragraph","id":"scs-paragraph","data":{"alignment":"fill","backgroundColor":"","borderColor":"#808080","borderRadius":0,"borderStyle":"none","borderWidth":1,"fontColor":"#333333","fontFamily":"'Helvetica Neue', Helvetica, Arial, sans-serif","fontSize":16,"marginBottom":5,"marginLeft":5,"marginRight":5,"marginTop":5,"placeholderText":"","styleClass":"","styleClassName":"","styleClassTag":"","toolbarGroups":"","useStyleClass":"true","userText":"<div><a linktype=\"scs-link-file-preview\" data-mfp-src=\"/documents/embed/link/LD66E14D0B031E431AEED92DF98B37E08365759B06D3/fileview/D503FEC1D5684FF98E256BDAC3F6199684FA6E13D254/BlogSiteHome.pdf\" filepreviewshowdownload=\"yes\" href=\"#\">Show Document</a></div>","visible":true,"visibleOnMobile":"","width":400}},"id-heading":{"type":"scs-inline-text","isInlineComponent":true,"data":{"innerHTML":"Paragraph"}}}}