{"properties":{"title":"","pageLayout":"about.html","mobileLayout":"","pageDescription":"","keywords":"","hideFromSearchEngines":false,"header":"","footer":"","noIndex":false,"noFollow":false,"noArchive":false,"noSnippet":false,"isCobrowseEnabled":false,"overrideWebAnalytics":false,"webAnalyticsScript":null},"slots":{"slot-content":{"components":["d206cba1-6828-42cf-9a16-f0eac9305c5f"],"grid":"<div class=\"scs-row\"><div class=\"scs-col\" style=\"width: 100%;\"><div id=\"d206cba1-6828-42cf-9a16-f0eac9305c5f\"></div></div></div>"},"non-atf-content":{"components":["da4fb2b0-24e9-4940-b6f8-35d901d2a5a8"],"grid":"<div class=\"scs-row\"><div class=\"scs-col\" style=\"width: 100%;\"><div id=\"da4fb2b0-24e9-4940-b6f8-35d901d2a5a8\"></div></div></div>"}},"componentInstances":{"da4fb2b0-24e9-4940-b6f8-35d901d2a5a8":{"type":"scs-title","id":"scs-title","data":{"alignment":"fill","backgroundColor":"","borderColor":"#808080","borderRadius":0,"borderStyle":"none","borderWidth":1,"fontColor":"#333333","fontFamily":"'Helvetica Neue', Helvetica, Arial, sans-serif","fontSize":24,"marginBottom":5,"marginLeft":5,"marginRight":5,"marginTop":5,"placeholderText":"","styleClass":"","styleClassName":"","styleClassTag":"","toolbarGroups":"","useStyleClass":"true","userText":"<pre>rendering complete</pre>","visible":true,"visibleOnMobile":"","width":400}},"d206cba1-6828-42cf-9a16-f0eac9305c5f":{"type":"scs-title","id":"scs-text","data":{"alignment":"fill","backgroundColor":"","borderColor":"#808080","borderRadius":0,"borderStyle":"none","borderWidth":1,"fontColor":"#333333","fontFamily":"'Helvetica Neue', Helvetica, Arial, sans-serif","fontSize":24,"marginBottom":5,"marginLeft":5,"marginRight":5,"marginTop":5,"placeholderText":"Click to edit text","styleClass":"","styleClassName":"scs-text","styleClassTag":"","toolbarGroups":[],"useStyleClass":"true","userText":"<u><em><strong>Text Component</strong></em></u>","visible":true,"visibleOnMobile":"","width":400}},"id-heading":{"type":"scs-inline-text","isInlineComponent":true,"data":{"innerHTML":"Text"}}}}