{"properties":{"title":"","pageLayout":"about.html","mobileLayout":"","pageDescription":"","keywords":"","hideFromSearchEngines":false,"header":"","footer":"","noIndex":false,"noFollow":false,"noArchive":false,"noSnippet":false,"isCobrowseEnabled":false,"overrideWebAnalytics":false,"webAnalyticsScript":null},"slots":{"slot-content":{"components":["b5163d3d-7677-47cb-8376-d5f55952503d","e36509ad-49ff-412b-881f-ffa3a90593d4","b6f570ec-9701-4a1f-91fe-626e805a87ad","dc186290-3e3c-48ba-a109-ebeb61ae4d07","b3c035d9-ad57-441d-a0c5-f070354116ad","af1ce18c-bf0b-4bd2-9aa0-422b7131cf6e","e1bda63f-25f8-4d83-bcc2-05792c1c5454","f1fc9411-cf55-493a-9333-a9bc92391538"],"grid":"<div class=\"scs-row\"><div class=\"scs-col\" style=\"width: 50%;\"><div id=\"e36509ad-49ff-412b-881f-ffa3a90593d4\"></div></div><div class=\"scs-col\" style=\"width: 50%;\"><div id=\"b5163d3d-7677-47cb-8376-d5f55952503d\"></div></div></div><div class=\"scs-row\"><div class=\"scs-col\" style=\"width: 50%;\"><div id=\"dc186290-3e3c-48ba-a109-ebeb61ae4d07\"></div></div><div class=\"scs-col\" style=\"width: 50%;\"><div id=\"b6f570ec-9701-4a1f-91fe-626e805a87ad\"></div></div></div><div class=\"scs-row\"><div class=\"scs-col\" style=\"width: 50%;\"><div id=\"af1ce18c-bf0b-4bd2-9aa0-422b7131cf6e\"></div><div id=\"e1bda63f-25f8-4d83-bcc2-05792c1c5454\"></div></div><div class=\"scs-col\" style=\"width: 50%;\"><div id=\"b3c035d9-ad57-441d-a0c5-f070354116ad\"></div><div id=\"f1fc9411-cf55-493a-9333-a9bc92391538\"></div></div></div>"},"non-atf-content":{"components":["ee2aecdf-3a86-4d82-9284-03a9d45ea053"],"grid":"<div class=\"scs-row\"><div class=\"scs-col\" style=\"width: 100%;\"><div id=\"ee2aecdf-3a86-4d82-9284-03a9d45ea053\"></div></div></div>"}},"componentInstances":{"b3c035d9-ad57-441d-a0c5-f070354116ad":{"type":"scs-image","id":"scs-image","data":{"alignment":"fill","altText":"","borderColor":"#808080","borderRadius":0,"borderStyle":"none","borderWidth":1,"caption":"","contentViewing":"","imageHref":"","imageHrefContentViewing":"","imageHrefName":"","imageName":"home-bg.jpg","imageTarget":"_self","imageUrl":"[!--$SCS_CONTENT_URL--]/home-bg-2674360000005610.jpg","linkType":"scs-link-lightbox","linkRendition":"","marginBottom":0,"marginLeft":0,"marginRight":0,"marginTop":0,"rendition":"","styleClass":"","title":"","useStyleClass":"true","visible":true,"visibleOnMobile":"","width":300}},"e36509ad-49ff-412b-881f-ffa3a90593d4":{"type":"scs-image","id":"scs-image","data":{"alignment":"center","altText":"Alt Text","borderColor":"#808080","borderRadius":0,"borderStyle":"none","borderWidth":1,"caption":"","contentViewing":"","imageHref":"","imageHrefContentViewing":"","imageHrefName":"","imageName":"home-bg.jpg","imageTarget":"_self","imageUrl":"[!--$SCS_CONTENT_URL--]/home-bg-2674360000005606.jpg","linkType":"scs-link-no-link","linkRendition":"","marginBottom":"2","marginLeft":"3","marginRight":"4","marginTop":"1","rendition":"","styleClass":"","title":"Title","useStyleClass":"true","visible":true,"visibleOnMobile":"","width":"330"}},"f1fc9411-cf55-493a-9333-a9bc92391538":{"type":"scs-image","id":"scs-image","data":{"alignment":"fill","altText":"","borderColor":"#808080","borderRadius":0,"borderStyle":"none","borderWidth":1,"caption":"","contentViewing":"","imageHref":"[!--$SCS_GOOGLE_MAPS--]London, uk[/!--$SCS_GOOGLE_MAPS--]","imageHrefContentViewing":"","imageHrefName":"","imageName":"home-bg.jpg","imageTarget":"_self","imageUrl":"[!--$SCS_CONTENT_URL--]/home-bg-2674360000005612.jpg","linkType":"scs-link-map","linkRendition":"","marginBottom":0,"marginLeft":0,"marginRight":0,"marginTop":0,"rendition":"","styleClass":"","title":"","useStyleClass":"true","visible":true,"visibleOnMobile":"","width":300}},"e1bda63f-25f8-4d83-bcc2-05792c1c5454":{"type":"scs-image","id":"scs-image","data":{"alignment":"fill","altText":"","borderColor":"#808080","borderRadius":0,"borderStyle":"none","borderWidth":1,"caption":"","contentViewing":"","imageHref":"[!--$SCS_PAGE--]100|param1=on&param2=two[/!--$SCS_PAGE--]","imageHrefContentViewing":"","imageHrefName":"","imageName":"home-bg.jpg","imageTarget":"_self","imageUrl":"[!--$SCS_CONTENT_URL--]/home-bg-2674360000005611.jpg","linkType":"scs-link-sitepage","linkRendition":"","marginBottom":0,"marginLeft":0,"marginRight":0,"marginTop":0,"rendition":"","styleClass":"","title":"","useStyleClass":"true","visible":true,"visibleOnMobile":"","width":300}},"dc186290-3e3c-48ba-a109-ebeb61ae4d07":{"type":"scs-image","id":"scs-image","data":{"alignment":"fill","altText":"","borderColor":"#808080","borderRadius":0,"borderStyle":"none","borderWidth":1,"caption":"","contentViewing":"","imageHref":"","imageHrefContentViewing":"","imageHrefName":"","imageName":"home-bg.jpg","imageTarget":"_self","imageUrl":"[!--$SCS_CONTENT_URL--]/home-bg-2674360000005607.jpg","linkType":"scs-link-no-link","linkRendition":"","marginBottom":0,"marginLeft":0,"marginRight":0,"marginTop":0,"rendition":"","styleClass":"scs-image-style-9","title":"","useStyleClass":"true","visible":true,"visibleOnMobile":"","width":300}},"b5163d3d-7677-47cb-8376-d5f55952503d":{"type":"scs-image","id":"scs-image","data":{"alignment":"fill","altText":"","borderColor":"#808080","borderRadius":0,"borderStyle":"none","borderWidth":1,"caption":"","contentViewing":"","imageHref":"","imageHrefContentViewing":"","imageHrefName":"","imageName":"home-bg.jpg","imageTarget":"_self","imageUrl":"[!--$SCS_CONTENT_URL--]/home-bg-2674360000005605.jpg","linkType":"scs-link-no-link","linkRendition":"","marginBottom":0,"marginLeft":0,"marginRight":0,"marginTop":0,"rendition":"","styleClass":"","title":"","useStyleClass":"true","visible":true,"visibleOnMobile":"","width":300}},"ee2aecdf-3a86-4d82-9284-03a9d45ea053":{"type":"scs-title","id":"scs-title","data":{"alignment":"fill","backgroundColor":"","borderColor":"#808080","borderRadius":0,"borderStyle":"none","borderWidth":1,"fontColor":"#333333","fontFamily":"'Helvetica Neue', Helvetica, Arial, sans-serif","fontSize":24,"marginBottom":5,"marginLeft":5,"marginRight":5,"marginTop":5,"placeholderText":"","styleClass":"","styleClassName":"","styleClassTag":"","toolbarGroups":"","useStyleClass":"true","userText":"<pre>rendering complete</pre>","visible":true,"visibleOnMobile":"","width":400}},"b6f570ec-9701-4a1f-91fe-626e805a87ad":{"type":"scs-image","id":"scs-image","data":{"alignment":"fill","altText":"","borderColor":"#ffa500","borderRadius":17,"borderStyle":"solid","borderWidth":8,"caption":"","contentViewing":"","imageHref":"","imageHrefContentViewing":"","imageHrefName":"","imageName":"home-bg.jpg","imageTarget":"_self","imageUrl":"[!--$SCS_CONTENT_URL--]/home-bg-2674360000005608.jpg","linkType":"scs-link-no-link","linkRendition":"","marginBottom":0,"marginLeft":0,"marginRight":0,"marginTop":0,"rendition":"","styleClass":"","title":"","useStyleClass":"false","visible":true,"visibleOnMobile":"","width":300}},"af1ce18c-bf0b-4bd2-9aa0-422b7131cf6e":{"type":"scs-image","id":"scs-image","data":{"alignment":"fill","altText":"","borderColor":"#808080","borderRadius":0,"borderStyle":"none","borderWidth":1,"caption":"","contentViewing":"","imageHref":"http://www.google.com","imageHrefContentViewing":"","imageHrefName":"","imageName":"home-bg.jpg","imageTarget":"_blank","imageUrl":"[!--$SCS_CONTENT_URL--]/home-bg-2674360000005609.jpg","linkType":"scs-link-webpage","linkRendition":"","marginBottom":0,"marginLeft":0,"marginRight":0,"marginTop":0,"rendition":"","styleClass":"","title":"","useStyleClass":"true","visible":true,"visibleOnMobile":"","width":300}},"id-heading":{"type":"scs-inline-text","isInlineComponent":true,"data":{"innerHTML":"Image"}}}}