{"properties":{"title":"","pageLayout":"about.html","mobileLayout":"","pageDescription":"","keywords":"","hideFromSearchEngines":false,"header":"","footer":"","noIndex":false,"noFollow":false,"noArchive":false,"noSnippet":false,"isCobrowseEnabled":false,"overrideWebAnalytics":false,"webAnalyticsScript":null},"slots":{"slot-content":{"components":["cd2d1ab2-ed7c-4db4-b03b-9959ddb17283","f8d116cf-646e-4c9d-ab16-fe1d98619adb","dd33e3e3-9c68-4927-8d60-249c8e48e3c4","cb98f932-28f5-4b30-ad0c-738ab6d6f5e7","efba952b-83c2-4236-af25-36d26cc94198","e8216ae2-c0f6-4b9e-9050-02adf73e593a"],"grid":"<div class=\"scs-row\"><div class=\"scs-col\" style=\"width: 100%;\"><div id=\"cd2d1ab2-ed7c-4db4-b03b-9959ddb17283\"></div></div></div><div class=\"scs-row\"><div class=\"scs-col\" style=\"width: 100%;\"><div id=\"f8d116cf-646e-4c9d-ab16-fe1d98619adb\"></div></div></div><div class=\"scs-row\"><div class=\"scs-col\" style=\"width: 100%;\"><div id=\"dd33e3e3-9c68-4927-8d60-249c8e48e3c4\"></div><div id=\"cb98f932-28f5-4b30-ad0c-738ab6d6f5e7\"></div></div></div><div class=\"scs-row\"><div class=\"scs-col\" style=\"width: 100%;\"><div id=\"efba952b-83c2-4236-af25-36d26cc94198\"></div></div></div><div class=\"scs-row\"><div class=\"scs-col\" style=\"width: 100%;\"><div id=\"e8216ae2-c0f6-4b9e-9050-02adf73e593a\"></div></div></div>"},"non-atf-content":{"components":["a305bc43-c8ae-43eb-b237-241d123aba98"],"grid":"<div class=\"scs-row\"><div class=\"scs-col\" style=\"width: 100%;\"><div id=\"a305bc43-c8ae-43eb-b237-241d123aba98\"></div></div></div>"}},"componentInstances":{"a305bc43-c8ae-43eb-b237-241d123aba98":{"type":"scs-title","id":"scs-title","data":{"alignment":"fill","backgroundColor":"","borderColor":"#808080","borderRadius":0,"borderStyle":"none","borderWidth":1,"fontColor":"#333333","fontFamily":"'Helvetica Neue', Helvetica, Arial, sans-serif","fontSize":24,"marginBottom":5,"marginLeft":5,"marginRight":5,"marginTop":5,"placeholderText":"","styleClass":"","styleClassName":"","styleClassTag":"","toolbarGroups":"","useStyleClass":"true","userText":"<pre>rendering complete</pre>","visible":true,"visibleOnMobile":"","width":400}},"cd2d1ab2-ed7c-4db4-b03b-9959ddb17283":{"type":"scs-component","id":"CompileComponent","data":{"actions":"","alignment":"fill","assets":"","borderColor":"#808080","borderRadius":0,"borderStyle":"none","borderWidth":1,"componentId":"sampleComp","componentName":"CompileComponent","componentFactory":"","componentLayout":"default","contentId":"","contentLayoutCategory":"","contentPlaceholder":false,"contentTypes":[],"contentViewing":"","customRenderComplete":false,"customSettingsData":{"width":"260px","linkURL":"https://docs.oracle.com/en/cloud/paas/content-cloud/developer/develop-sites-toolkit.html","nls":{"linkText":"More..."}},"componentConfig":{"id":"sample-component","settingsData":{"settingsHeight":240,"settingsWidth":300,"settingsRenderOption":"dialog","componentLayouts":[{"name":"default","displayName":"IMAGE_LEFT_LAYOUT"},{"name":"right","displayName":"IMAGE_RIGHT_LAYOUT"},{"name":"top","displayName":"IMAGE_TOP_LAYOUT"}],"styles":[{"name":"Bold","class":"sample-component-bold-style"},{"name":"Italic","class":"sample-component-italic-style"}],"triggers":[{"triggerName":"imageClicked","triggerDescription":"Image clicked","triggerPayload":[{"name":"payloadData","displayName":"Trigger Payload Data"}]}],"actions":[{"actionName":"setImageWidth","actionDescription":"Update the image width","actionPayload":[{"name":"imageWidth","description":"Image Width in pixels","type":{"ojComponent":{"component":"ojInputText"}},"value":""}]}]}},"description":"","detailPageId":"","height":"","initialized":true,"isCaaSLayout":false,"linkType":"scs-link-action","marginBottom":5,"marginLeft":5,"marginRight":5,"marginTop":5,"nestedComponents":[{"id":"imageId","type":"scs-image","data":{"imageUrl":"[!--$SCS_DIST_FOLDER--]/renderer/app/sdk/images/sample-image.png","marginBottom":0,"marginLeft":0,"marginRight":20,"marginTop":0}},{"id":"titleId","type":"scs-title","data":{"userText":"<div>Local Component</div>","fontColor":"#000000","fontFamily":"'Helvetica Neue Light', Helvetica, Arial, sans-serif","fontSize":20,"marginBottom":14,"marginLeft":0,"marginRight":0,"marginTop":0,"useStyleClass":"false"}},{"id":"paragraphId","type":"scs-paragraph","data":{"userText":"<p style=\"line-height:1.4em;margin-bottom:4px;\">As a page author, you can edit the content and settings for this component. To change settings, including triggers and actions, click the component menu and choose Settings.</p><p style=\"line-height:1.4em;\">As a component developer, you can change the component and its defaults (such as this text) either by working with the files directly through the components browser or by using the desktop app to work with the files on your local system.</p>","fontColor":"#333333","fontFamily":"'Helvetica Neue Regular', Helvetica, Arial, sans-serif","fontSize":14,"marginBottom":10,"marginLeft":0,"marginRight":0,"marginTop":0,"useStyleClass":"false"}}],"styleClass":"","styleClassName":"","seeded":false,"useStyleClass":"true","visible":true,"visibleOnMobile":"","visibleNestedComponents":[],"width":0}},"f8d116cf-646e-4c9d-ab16-fe1d98619adb":{"type":"scs-component","id":"CompileComponent","data":{"actions":"","alignment":"center","assets":"","borderColor":"#808080","borderRadius":13,"borderStyle":"solid","borderWidth":8,"componentId":"sampleComp","componentName":"CompileComponent","componentFactory":"","componentLayout":"default","contentId":"","contentLayoutCategory":"","contentPlaceholder":false,"contentTypes":[],"contentViewing":"","customRenderComplete":false,"customSettingsData":{"width":"260px","linkURL":"https://docs.oracle.com/en/cloud/paas/content-cloud/developer/develop-sites-toolkit.html","nls":{"linkText":"More..."}},"componentConfig":{"id":"sample-component","settingsData":{"settingsHeight":240,"settingsWidth":300,"settingsRenderOption":"dialog","componentLayouts":[{"name":"default","displayName":"IMAGE_LEFT_LAYOUT"},{"name":"right","displayName":"IMAGE_RIGHT_LAYOUT"},{"name":"top","displayName":"IMAGE_TOP_LAYOUT"}],"styles":[{"name":"Bold","class":"sample-component-bold-style"},{"name":"Italic","class":"sample-component-italic-style"}],"triggers":[{"triggerName":"imageClicked","triggerDescription":"Image clicked","triggerPayload":[{"name":"payloadData","displayName":"Trigger Payload Data"}]}],"actions":[{"actionName":"setImageWidth","actionDescription":"Update the image width","actionPayload":[{"name":"imageWidth","description":"Image Width in pixels","type":{"ojComponent":{"component":"ojInputText"}},"value":""}]}]}},"description":"","detailPageId":"","height":"","initialized":true,"isCaaSLayout":false,"linkType":"scs-link-action","marginBottom":"2","marginLeft":"3","marginRight":"4","marginTop":"1","nestedComponents":[{"id":"imageId","type":"scs-image","data":{"imageUrl":"[!--$SCS_DIST_FOLDER--]/renderer/app/sdk/images/sample-image.png","marginBottom":0,"marginLeft":0,"marginRight":20,"marginTop":0}},{"id":"titleId","type":"scs-title","data":{"userText":"<div>Local Component</div>","fontColor":"#000000","fontFamily":"'Helvetica Neue Light', Helvetica, Arial, sans-serif","fontSize":20,"marginBottom":14,"marginLeft":0,"marginRight":0,"marginTop":0,"useStyleClass":"false"}},{"id":"paragraphId","type":"scs-paragraph","data":{"userText":"<p style=\"line-height:1.4em;margin-bottom:4px;\">As a page author, you can edit the content and settings for this component. To change settings, including triggers and actions, click the component menu and choose Settings.</p><p style=\"line-height:1.4em;\">As a component developer, you can change the component and its defaults (such as this text) either by working with the files directly through the components browser or by using the desktop app to work with the files on your local system.</p>","fontColor":"#333333","fontFamily":"'Helvetica Neue Regular', Helvetica, Arial, sans-serif","fontSize":14,"marginBottom":10,"marginLeft":0,"marginRight":0,"marginTop":0,"useStyleClass":"false"}}],"styleClass":"","styleClassName":"","seeded":false,"useStyleClass":"false","visible":true,"visibleOnMobile":"","visibleNestedComponents":[],"width":"500"}},"dd33e3e3-9c68-4927-8d60-249c8e48e3c4":{"type":"scs-component","id":"CompileComponent","data":{"actions":"","alignment":"fill","assets":"","borderColor":"#808080","borderRadius":0,"borderStyle":"none","borderWidth":1,"componentId":"sampleComp","componentName":"CompileComponent","componentFactory":"","componentLayout":"right","contentId":"","contentLayoutCategory":"","contentPlaceholder":false,"contentTypes":[],"contentViewing":"","customRenderComplete":false,"customSettingsData":{"width":"260px","linkURL":"https://docs.oracle.com/en/cloud/paas/content-cloud/developer/develop-sites-toolkit.html","nls":{"linkText":"More..."}},"componentConfig":{"id":"sample-component","settingsData":{"settingsHeight":240,"settingsWidth":300,"settingsRenderOption":"dialog","componentLayouts":[{"name":"default","displayName":"IMAGE_LEFT_LAYOUT"},{"name":"right","displayName":"IMAGE_RIGHT_LAYOUT"},{"name":"top","displayName":"IMAGE_TOP_LAYOUT"}],"styles":[{"name":"Bold","class":"sample-component-bold-style"},{"name":"Italic","class":"sample-component-italic-style"}],"triggers":[{"triggerName":"imageClicked","triggerDescription":"Image clicked","triggerPayload":[{"name":"payloadData","displayName":"Trigger Payload Data"}]}],"actions":[{"actionName":"setImageWidth","actionDescription":"Update the image width","actionPayload":[{"name":"imageWidth","description":"Image Width in pixels","type":{"ojComponent":{"component":"ojInputText"}},"value":""}]}]}},"description":"","detailPageId":"","height":"","initialized":true,"isCaaSLayout":false,"linkType":"scs-link-action","marginBottom":5,"marginLeft":5,"marginRight":5,"marginTop":5,"nestedComponents":[{"id":"imageId","type":"scs-image","data":{"imageUrl":"[!--$SCS_DIST_FOLDER--]/renderer/app/sdk/images/sample-image.png","marginBottom":0,"marginLeft":0,"marginRight":20,"marginTop":0}},{"id":"titleId","type":"scs-title","data":{"userText":"<div>Local Component</div>","fontColor":"#000000","fontFamily":"'Helvetica Neue Light', Helvetica, Arial, sans-serif","fontSize":20,"marginBottom":14,"marginLeft":0,"marginRight":0,"marginTop":0,"useStyleClass":"false"}},{"id":"paragraphId","type":"scs-paragraph","data":{"userText":"<p style=\"line-height:1.4em;margin-bottom:4px;\">As a page author, you can edit the content and settings for this component. To change settings, including triggers and actions, click the component menu and choose Settings.</p><p style=\"line-height:1.4em;\">As a component developer, you can change the component and its defaults (such as this text) either by working with the files directly through the components browser or by using the desktop app to work with the files on your local system.</p>","fontColor":"#333333","fontFamily":"'Helvetica Neue Regular', Helvetica, Arial, sans-serif","fontSize":14,"marginBottom":10,"marginLeft":0,"marginRight":0,"marginTop":0,"useStyleClass":"false"}}],"styleClass":"","styleClassName":"","seeded":false,"useStyleClass":"true","visible":true,"visibleOnMobile":"","visibleNestedComponents":[],"width":0}},"cb98f932-28f5-4b30-ad0c-738ab6d6f5e7":{"type":"scs-component","id":"CompileComponent","data":{"actions":[{"triggerName":"imageClicked","actionName":"scsActionShowAlert","actionDescription":"ACTION_SHOW_ALERT_DESCRIPTION","actionComponent":"comp","actionPayload":[{"name":"msgId","description":"ACTION_SHOW_ALERT_NAME_MESSAGE","type":{"ojComponent":{"component":"ojInputText"}},"value":"image clicked"}]}],"alignment":"center","assets":"","borderColor":"#808080","borderRadius":0,"borderStyle":"none","borderWidth":1,"componentId":"sampleComp","componentName":"CompileComponent","componentFactory":"","componentLayout":"top","contentId":"","contentLayoutCategory":"","contentPlaceholder":false,"contentTypes":[],"contentViewing":"","customRenderComplete":false,"customSettingsData":{"width":"260px","linkURL":"https://docs.oracle.com/en/cloud/paas/content-cloud/developer/develop-sites-toolkit.html","nls":{"linkText":"More..."}},"componentConfig":{"id":"sample-component","settingsData":{"settingsHeight":240,"settingsWidth":300,"settingsRenderOption":"dialog","componentLayouts":[{"name":"default","displayName":"IMAGE_LEFT_LAYOUT"},{"name":"right","displayName":"IMAGE_RIGHT_LAYOUT"},{"name":"top","displayName":"IMAGE_TOP_LAYOUT"}],"styles":[{"name":"Bold","class":"sample-component-bold-style"},{"name":"Italic","class":"sample-component-italic-style"}],"triggers":[{"triggerName":"imageClicked","triggerDescription":"Image clicked","triggerPayload":[{"name":"payloadData","displayName":"Trigger Payload Data"}]}],"actions":[{"actionName":"setImageWidth","actionDescription":"Update the image width","actionPayload":[{"name":"imageWidth","description":"Image Width in pixels","type":{"ojComponent":{"component":"ojInputText"}},"value":""}]}]}},"description":"","detailPageId":"","height":"","initialized":true,"isCaaSLayout":false,"linkType":"scs-link-action","marginBottom":5,"marginLeft":5,"marginRight":5,"marginTop":5,"nestedComponents":[{"id":"imageId","type":"scs-image","data":{"imageUrl":"[!--$SCS_DIST_FOLDER--]/renderer/app/sdk/images/sample-image.png","marginBottom":0,"marginLeft":0,"marginRight":20,"marginTop":0}},{"id":"titleId","type":"scs-title","data":{"userText":"<div>Local Component</div>","fontColor":"#000000","fontFamily":"'Helvetica Neue Light', Helvetica, Arial, sans-serif","fontSize":20,"marginBottom":14,"marginLeft":0,"marginRight":0,"marginTop":0,"useStyleClass":"false"}},{"id":"paragraphId","type":"scs-paragraph","data":{"userText":"<p style=\"line-height:1.4em;margin-bottom:4px;\">As a page author, you can edit the content and settings for this component. To change settings, including triggers and actions, click the component menu and choose Settings.</p><p style=\"line-height:1.4em;\">As a component developer, you can change the component and its defaults (such as this text) either by working with the files directly through the components browser or by using the desktop app to work with the files on your local system.</p>","fontColor":"#333333","fontFamily":"'Helvetica Neue Regular', Helvetica, Arial, sans-serif","fontSize":14,"marginBottom":10,"marginLeft":0,"marginRight":0,"marginTop":0,"useStyleClass":"false"}}],"styleClass":"","styleClassName":"","seeded":false,"useStyleClass":"true","visible":true,"visibleOnMobile":"","visibleNestedComponents":[],"width":"300"}},"efba952b-83c2-4236-af25-36d26cc94198":{"type":"scs-component","id":"CompileComponent","data":{"actions":[{"triggerName":"imageClicked","actionName":"setImageWidth","actionDescription":"Update the image width","actionComponent":"comp","actionAppId":"efba952b-83c2-4236-af25-36d26cc94198","actionPayload":[{"name":"imageWidth","description":"Image Width in pixels","type":{"ojComponent":{"component":"ojInputText"}},"value":"50"}]}],"alignment":"fill","assets":"","borderColor":"#808080","borderRadius":0,"borderStyle":"none","borderWidth":1,"componentId":"sampleComp","componentName":"CompileComponent","componentFactory":"","componentLayout":"default","contentId":"","contentLayoutCategory":"","contentPlaceholder":false,"contentTypes":[],"contentViewing":"","customRenderComplete":false,"customSettingsData":{"width":"300px","linkURL":"https://www.google.com","nls":{"linkText":"A different value"}},"componentConfig":{"id":"sample-component","settingsData":{"settingsHeight":240,"settingsWidth":300,"settingsRenderOption":"dialog","componentLayouts":[{"name":"default","displayName":"IMAGE_LEFT_LAYOUT"},{"name":"right","displayName":"IMAGE_RIGHT_LAYOUT"},{"name":"top","displayName":"IMAGE_TOP_LAYOUT"}],"styles":[{"name":"Bold","class":"sample-component-bold-style"},{"name":"Italic","class":"sample-component-italic-style"}],"triggers":[{"triggerName":"imageClicked","triggerDescription":"Image clicked","triggerPayload":[{"name":"payloadData","displayName":"Trigger Payload Data"}]}],"actions":[{"actionName":"setImageWidth","actionDescription":"Update the image width","actionPayload":[{"name":"imageWidth","description":"Image Width in pixels","type":{"ojComponent":{"component":"ojInputText"}},"value":""}]}]}},"description":"","detailPageId":"","height":"","initialized":true,"isCaaSLayout":false,"linkType":"scs-link-action","marginBottom":5,"marginLeft":5,"marginRight":5,"marginTop":5,"nestedComponents":[{"id":"imageId","type":"scs-image","data":{"imageUrl":"[!--$SCS_DIST_FOLDER--]/renderer/app/sdk/images/sample-image.png","marginBottom":0,"marginLeft":0,"marginRight":20,"marginTop":0}},{"id":"titleId","type":"scs-title","data":{"userText":"<div>Local Component</div>","fontColor":"#000000","fontFamily":"'Helvetica Neue Light', Helvetica, Arial, sans-serif","fontSize":20,"marginBottom":14,"marginLeft":0,"marginRight":0,"marginTop":0,"useStyleClass":"false"}},{"id":"paragraphId","type":"scs-paragraph","data":{"alignment":"fill","backgroundColor":"","borderColor":"#808080","borderRadius":0,"borderStyle":"none","borderWidth":1,"fontColor":"#333333","fontFamily":"'Helvetica Neue Regular', Helvetica, Arial, sans-serif","fontSize":14,"marginBottom":10,"marginLeft":0,"marginRight":0,"marginTop":0,"placeholderText":"","styleClass":"","styleClassName":"","styleClassTag":"","toolbarGroups":"","useStyleClass":"false","userText":"<p style=\"line-height:1.4em; margin-bottom:4px\">As a page author, you can edit the content and settings for this component. To change settings, including triggers and actions, click the component menu and choose Settings.</p><p style=\"line-height:1.4em\">As a component developer, you can change the component and its defaults (such as this text) either by working with the files directly through the components browser or by using the desktop app to work with the files on your local system.</p>","visible":true,"visibleOnMobile":"","width":400}}],"styleClass":"","styleClassName":"","seeded":false,"useStyleClass":"true","visible":true,"visibleOnMobile":"","visibleNestedComponents":[],"width":0}},"e8216ae2-c0f6-4b9e-9050-02adf73e593a":{"type":"scs-component","id":"CompileComponent","data":{"actions":"","alignment":"fill","assets":"","borderColor":"#808080","borderRadius":0,"borderStyle":"none","borderWidth":1,"componentId":"sampleComp","componentName":"CompileComponent","componentFactory":"","componentLayout":"default","contentId":"","contentLayoutCategory":"","contentPlaceholder":false,"contentTypes":[],"contentViewing":"","customRenderComplete":false,"customSettingsData":{"width":"260px","linkURL":"https://docs.oracle.com/en/cloud/paas/content-cloud/developer/develop-sites-toolkit.html","nls":{"linkText":"More..."}},"componentConfig":{"id":"sample-component","settingsData":{"settingsHeight":240,"settingsWidth":300,"settingsRenderOption":"dialog","componentLayouts":[{"name":"default","displayName":"IMAGE_LEFT_LAYOUT"},{"name":"right","displayName":"IMAGE_RIGHT_LAYOUT"},{"name":"top","displayName":"IMAGE_TOP_LAYOUT"}],"styles":[{"name":"Bold","class":"sample-component-bold-style"},{"name":"Italic","class":"sample-component-italic-style"}],"triggers":[{"triggerName":"imageClicked","triggerDescription":"Image clicked","triggerPayload":[{"name":"payloadData","displayName":"Trigger Payload Data"}]}],"actions":[{"actionName":"setImageWidth","actionDescription":"Update the image width","actionPayload":[{"name":"imageWidth","description":"Image Width in pixels","type":{"ojComponent":{"component":"ojInputText"}},"value":""}]}]}},"description":"","detailPageId":"","height":"","initialized":true,"isCaaSLayout":false,"linkType":"scs-link-action","marginBottom":5,"marginLeft":5,"marginRight":5,"marginTop":5,"nestedComponents":[{"id":"imageId","type":"scs-image","data":{"alignment":"fill","altText":"My Alt Text","borderColor":"#808080","borderRadius":0,"borderStyle":"none","borderWidth":1,"caption":"","contentId":"","contentViewing":"","imageHref":"","imageHrefContentViewing":"","imageHrefName":"","imageName":"","imageTarget":"_self","imageUrl":"[!--$SCS_DIST_FOLDER--]/renderer/app/sdk/images/sample-image.png","linkType":"scs-link-no-link","linkRendition":"","marginBottom":0,"marginLeft":0,"marginRight":20,"marginTop":0,"rendition":"","styleClass":"","title":"My Title","useStyleClass":"true","visible":true,"visibleOnMobile":"","width":300}},{"id":"titleId","type":"scs-title","data":{"userText":"<div>Local Component</div>","fontColor":"#000000","fontFamily":"'Helvetica Neue Light', Helvetica, Arial, sans-serif","fontSize":20,"marginBottom":14,"marginLeft":0,"marginRight":0,"marginTop":0,"useStyleClass":"false"}},{"id":"paragraphId","type":"scs-paragraph","data":{"alignment":"fill","backgroundColor":"","borderColor":"#808080","borderRadius":0,"borderStyle":"none","borderWidth":1,"fontColor":"#333333","fontFamily":"'Helvetica Neue Regular', Helvetica, Arial, sans-serif","fontSize":14,"marginBottom":10,"marginLeft":0,"marginRight":0,"marginTop":0,"placeholderText":"","styleClass":"","styleClassName":"","styleClassTag":"","toolbarGroups":"","useStyleClass":"false","userText":"<p style=\"line-height:1.4em; margin-bottom:4px\">As a page author, you can edit the content and settings for this component. To change settings, including triggers and actions, click the component menu and choose Settings.</p><p style=\"line-height:1.4em; margin-bottom:4px\"><a linktype=\"scs-link-file-preview\" data-mfp-src=\"/documents/embed/link/LDDBE9707906FA3329F56989880C33E5D7C562D94BA8/fileview/D503FEC1D5684FF98E256BDAC3F6199684FA6E13D254/BlogSiteHome.pdf\" filepreviewshowdownload=\"yes\" href=\"#\">Show document</a></p>","visible":true,"visibleOnMobile":"","width":400}}],"styleClass":"","styleClassName":"","seeded":false,"useStyleClass":"true","visible":true,"visibleOnMobile":"","visibleNestedComponents":[],"width":0}},"id-heading":{"type":"scs-inline-text","isInlineComponent":true,"data":{"innerHTML":"Custom Comp"}}}}