{"properties":{"title":"","pageLayout":"about.html","mobileLayout":"","pageDescription":"","keywords":"","hideFromSearchEngines":false,"header":"","footer":"","noIndex":false,"noFollow":false,"noArchive":false,"noSnippet":false,"isCobrowseEnabled":false,"overrideWebAnalytics":false,"webAnalyticsScript":null},"slots":{"slot-content":{"components":["a3dc9cf6-8a30-44f8-abb8-44ff30b5b555","b4712258-2ebb-4481-9a11-c6e64c834bb1","b26da023-bcd4-42b6-b782-2cdc645d9fde"],"grid":"<div class=\"scs-row\"><div class=\"scs-col\" style=\"width: 100%;\"><div id=\"a3dc9cf6-8a30-44f8-abb8-44ff30b5b555\"></div></div></div><div class=\"scs-row\"><div class=\"scs-col\" style=\"width: 100%;\"><div id=\"b4712258-2ebb-4481-9a11-c6e64c834bb1\"></div><div id=\"b26da023-bcd4-42b6-b782-2cdc645d9fde\"></div></div></div>"},"non-atf-content":{"components":["d3e31c3d-fcb4-4ef2-96e3-f1e6df1f4bcf"],"grid":"<div class=\"scs-row\"><div class=\"scs-col\" style=\"width: 100%;\"><div id=\"d3e31c3d-fcb4-4ef2-96e3-f1e6df1f4bcf\"></div></div></div>"}},"componentInstances":{"a3dc9cf6-8a30-44f8-abb8-44ff30b5b555":{"type":"scs-component","id":"scs-comp-article","data":{"actions":"","alignment":"fill","assets":"","borderColor":"#808080","borderRadius":0,"borderStyle":"none","borderWidth":1,"componentId":"scs-comp-article","componentName":"Article","componentFactory":"scs-article","componentLayout":"right","contentId":"","contentLayoutCategory":"","contentPlaceholder":false,"contentTypes":[],"contentViewing":"","customRenderComplete":true,"customSettingsData":{"width":"300px"},"componentConfig":"","description":"","detailPageId":"","height":"","initialized":true,"isCaaSLayout":false,"linkType":"scs-link-action","marginBottom":5,"marginLeft":5,"marginRight":5,"marginTop":5,"nestedComponents":[{"id":"image","type":"scs-image","data":{"alignment":"fill","altText":"","borderColor":"#808080","borderRadius":0,"borderStyle":"none","borderWidth":1,"caption":"","contentViewing":"","imageHref":"","imageHrefContentViewing":"","imageHrefName":"","imageName":"home-bg.jpg","imageTarget":"_self","imageUrl":"[!--$SCS_CONTENT_URL--]/home-bg-2674360000007122.jpg","linkType":"scs-link-no-link","linkRendition":"","marginBottom":0,"marginLeft":0,"marginRight":0,"marginTop":0,"rendition":"","styleClass":"","title":"","useStyleClass":"true","visible":true,"visibleOnMobile":"","width":300}},{"id":"title","type":"scs-title","data":{"alignment":"fill","backgroundColor":"","borderColor":"#808080","borderRadius":0,"borderStyle":"none","borderWidth":1,"fontColor":"#333333","fontFamily":"'Helvetica Neue', Helvetica, Arial, sans-serif","fontSize":24,"marginBottom":5,"marginLeft":0,"marginRight":0,"marginTop":0,"placeholderText":"","styleClass":"","styleClassName":"","styleClassTag":"","toolbarGroups":"","useStyleClass":"true","userText":"<div>image right</div>","visible":true,"visibleOnMobile":"","width":400}},{"id":"byLine","type":"scs-paragraph","data":{"alignment":"fill","backgroundColor":"","borderColor":"#808080","borderRadius":0,"borderStyle":"none","borderWidth":1,"fontColor":"#808080","fontFamily":"'Helvetica Neue', Helvetica, Arial, sans-serif","fontSize":16,"marginBottom":5,"marginLeft":0,"marginRight":0,"marginTop":0,"placeholderText":"Lorem ipsum dolor","styleClass":"","styleClassName":"","styleClassTag":"","toolbarGroups":"","useStyleClass":"false","userText":"<div>sub header</div>","visible":true,"visibleOnMobile":"","width":400}},{"id":"paragraph","type":"scs-paragraph","data":{"alignment":"fill","backgroundColor":"","borderColor":"#808080","borderRadius":0,"borderStyle":"none","borderWidth":1,"fontColor":"#333333","fontFamily":"'Helvetica Neue', Helvetica, Arial, sans-serif","fontSize":16,"marginBottom":0,"marginLeft":0,"marginRight":0,"marginTop":0,"placeholderText":"","styleClass":"","styleClassName":"","styleClassTag":"","toolbarGroups":"","useStyleClass":"true","userText":"<div>image right body</div>","visible":true,"visibleOnMobile":"","width":400}}],"styleClass":"","styleClassName":"","seeded":true,"useStyleClass":"true","visible":true,"visibleOnMobile":"","visibleNestedComponents":[],"width":0}},"d3e31c3d-fcb4-4ef2-96e3-f1e6df1f4bcf":{"type":"scs-title","id":"scs-title","data":{"alignment":"fill","backgroundColor":"","borderColor":"#808080","borderRadius":0,"borderStyle":"none","borderWidth":1,"fontColor":"#333333","fontFamily":"'Helvetica Neue', Helvetica, Arial, sans-serif","fontSize":24,"marginBottom":5,"marginLeft":5,"marginRight":5,"marginTop":5,"placeholderText":"","styleClass":"","styleClassName":"","styleClassTag":"","toolbarGroups":"","useStyleClass":"true","userText":"<pre>rendering complete</pre>","visible":true,"visibleOnMobile":"","width":400}},"b4712258-2ebb-4481-9a11-c6e64c834bb1":{"type":"scs-component","id":"scs-comp-article","data":{"actions":"","alignment":"fill","assets":"","borderColor":"#808080","borderRadius":0,"borderStyle":"none","borderWidth":1,"componentId":"scs-comp-article","componentName":"Article","componentFactory":"scs-article","componentLayout":"default","contentId":"","contentLayoutCategory":"","contentPlaceholder":false,"contentTypes":[],"contentViewing":"","customRenderComplete":true,"customSettingsData":{"width":"200px"},"componentConfig":"","description":"","detailPageId":"","height":"","initialized":true,"isCaaSLayout":false,"linkType":"scs-link-action","marginBottom":5,"marginLeft":5,"marginRight":5,"marginTop":5,"nestedComponents":[{"id":"image","type":"scs-image","data":{"alignment":"fill","altText":"","borderColor":"#808080","borderRadius":0,"borderStyle":"none","borderWidth":1,"caption":"","contentViewing":"","imageHref":"","imageHrefContentViewing":"","imageHrefName":"","imageName":"home-bg.jpg","imageTarget":"_self","imageUrl":"[!--$SCS_CONTENT_URL--]/home-bg-2674360000007125.jpg","linkType":"scs-link-no-link","linkRendition":"","marginBottom":0,"marginLeft":0,"marginRight":0,"marginTop":0,"rendition":"","styleClass":"","title":"","useStyleClass":"true","visible":true,"visibleOnMobile":"","width":300}},{"id":"title","type":"scs-title","data":{"alignment":"fill","backgroundColor":"","borderColor":"#808080","borderRadius":0,"borderStyle":"none","borderWidth":1,"fontColor":"#333333","fontFamily":"'Helvetica Neue', Helvetica, Arial, sans-serif","fontSize":24,"marginBottom":5,"marginLeft":0,"marginRight":0,"marginTop":0,"placeholderText":"","styleClass":"","styleClassName":"","styleClassTag":"","toolbarGroups":"","useStyleClass":"true","userText":"<div>image left</div>","visible":true,"visibleOnMobile":"","width":400}},{"id":"byLine","type":"scs-paragraph","data":{"alignment":"fill","backgroundColor":"","borderColor":"#808080","borderRadius":0,"borderStyle":"none","borderWidth":1,"fontColor":"#808080","fontFamily":"'Helvetica Neue', Helvetica, Arial, sans-serif","fontSize":16,"marginBottom":5,"marginLeft":0,"marginRight":0,"marginTop":0,"placeholderText":"Lorem ipsum dolor","styleClass":"","styleClassName":"","styleClassTag":"","toolbarGroups":"","useStyleClass":"false","userText":"<div>sub header</div>","visible":true,"visibleOnMobile":"","width":400}},{"id":"paragraph","type":"scs-paragraph","data":{"alignment":"fill","backgroundColor":"","borderColor":"#808080","borderRadius":0,"borderStyle":"none","borderWidth":1,"fontColor":"#333333","fontFamily":"'Helvetica Neue', Helvetica, Arial, sans-serif","fontSize":16,"marginBottom":0,"marginLeft":0,"marginRight":0,"marginTop":0,"placeholderText":"","styleClass":"","styleClassName":"","styleClassTag":"","toolbarGroups":"","useStyleClass":"true","userText":"<div>image left body</div>","visible":true,"visibleOnMobile":"","width":400}}],"styleClass":"","styleClassName":"","seeded":true,"useStyleClass":"true","visible":true,"visibleOnMobile":"","visibleNestedComponents":[],"width":0}},"b26da023-bcd4-42b6-b782-2cdc645d9fde":{"type":"scs-component","id":"scs-comp-article","data":{"actions":"","alignment":"center","assets":"","borderColor":"#808080","borderRadius":14,"borderStyle":"solid","borderWidth":8,"componentId":"scs-comp-article","componentName":"Article","componentFactory":"scs-article","componentLayout":"right","contentId":"","contentLayoutCategory":"","contentPlaceholder":false,"contentTypes":[],"contentViewing":"","customRenderComplete":true,"customSettingsData":{"width":"200px"},"componentConfig":"","description":"","detailPageId":"","height":"","initialized":true,"isCaaSLayout":false,"linkType":"scs-link-action","marginBottom":"2","marginLeft":"3","marginRight":"4","marginTop":"1","nestedComponents":[{"id":"image","type":"scs-image","data":{"alignment":"center","altText":"my alt text","borderColor":"#808080","borderRadius":0,"borderStyle":"none","borderWidth":1,"caption":"","contentViewing":"","imageHref":"[!--$SCS_CONTENT_URL--]/BlogSiteHome-2674360000007124.pdf","imageHrefContentViewing":"","imageHrefName":"","imageName":"home-bg.jpg","imageTarget":"_blank","imageUrl":"[!--$SCS_CONTENT_URL--]/home-bg-2674360000007123.jpg","linkType":"scs-link-file","linkRendition":"","marginBottom":"2","marginLeft":"3","marginRight":"4","marginTop":"1","rendition":"","styleClass":"scs-image-style-2","title":"my title","useStyleClass":"true","visible":true,"visibleOnMobile":"","width":"100"}},{"id":"title","type":"scs-title","data":{"alignment":"fill","backgroundColor":"#ffa500","borderColor":"#808080","borderRadius":11,"borderStyle":"solid","borderWidth":7,"fontColor":"#008000","fontFamily":"Copperplate Gothic Light, sans-serif","fontSize":30,"marginBottom":"2","marginLeft":"3","marginRight":"4","marginTop":"1","placeholderText":"","styleClass":"","styleClassName":"","styleClassTag":"","toolbarGroups":"","useStyleClass":"false","userText":"<div>custom styling</div>","visible":true,"visibleOnMobile":"","width":400}},{"id":"byLine","type":"scs-paragraph","data":{"alignment":"fill","backgroundColor":"#008000","borderColor":"#808080","borderRadius":11,"borderStyle":"solid","borderWidth":8,"fontColor":"#808080","fontFamily":"Georgia, serif","fontSize":20,"marginBottom":"2","marginLeft":"3","marginRight":"4","marginTop":"1","placeholderText":"Lorem ipsum dolor","styleClass":"","styleClassName":"","styleClassTag":"","toolbarGroups":"","useStyleClass":"false","userText":"<div>another sub heading</div>","visible":true,"visibleOnMobile":"","width":400}},{"id":"paragraph","type":"scs-paragraph","data":{"alignment":"fill","backgroundColor":"","borderColor":"#808080","borderRadius":0,"borderStyle":"none","borderWidth":1,"fontColor":"#333333","fontFamily":"'Helvetica Neue', Helvetica, Arial, sans-serif","fontSize":16,"marginBottom":"2","marginLeft":"3","marginRight":"4","marginTop":"1","placeholderText":"","styleClass":"","styleClassName":"","styleClassTag":"","toolbarGroups":"","useStyleClass":"true","userText":"<div>text below</div>","visible":true,"visibleOnMobile":"","width":400}}],"styleClass":"","styleClassName":"","seeded":true,"useStyleClass":"false","visible":true,"visibleOnMobile":"","visibleNestedComponents":[],"width":"300"}},"id-heading":{"type":"scs-inline-text","isInlineComponent":true,"data":{"innerHTML":"Article"}}}}