{"properties":{"title":"","pageLayout":"about.html","mobileLayout":"","pageDescription":"","keywords":"","hideFromSearchEngines":false,"header":"","footer":"","noIndex":false,"noFollow":false,"noArchive":false,"noSnippet":false,"isCobrowseEnabled":false,"overrideWebAnalytics":false,"webAnalyticsScript":null},"slots":{"slot-content":{"components":["d970cca0-ce5f-4975-ab26-d050db4395ce","b42fb4ca-acca-4fbf-9010-11a276ea9e8a","f4a42b97-99bb-4ae0-a6e0-73605be71d27"],"grid":"<div class=\"scs-row\"><div class=\"scs-col\" style=\"width: 100%;\"><div id=\"d970cca0-ce5f-4975-ab26-d050db4395ce\"></div><div id=\"b42fb4ca-acca-4fbf-9010-11a276ea9e8a\"></div><div id=\"f4a42b97-99bb-4ae0-a6e0-73605be71d27\"></div></div></div>"},"non-atf-content":{"components":["a10c224e-0356-4cb6-97d6-e022480bacc0"],"grid":"<div class=\"scs-row\"><div class=\"scs-col\" style=\"width: 100%;\"><div id=\"a10c224e-0356-4cb6-97d6-e022480bacc0\"></div></div></div>"}},"componentInstances":{"b42fb4ca-acca-4fbf-9010-11a276ea9e8a":{"type":"scs-component","id":"scs-comp-headline","data":{"actions":"","alignment":"fill","assets":"","borderColor":"#808080","borderRadius":0,"borderStyle":"none","borderWidth":1,"componentId":"scs-comp-headline","componentName":"Headline","componentFactory":"scs-headline","componentLayout":"right","contentId":"","contentLayoutCategory":"","contentPlaceholder":false,"contentTypes":[],"contentViewing":"","customRenderComplete":true,"customSettingsData":{"width":"300px"},"componentConfig":"","description":"","detailPageId":"","height":"","initialized":true,"isCaaSLayout":false,"linkType":"scs-link-action","marginBottom":5,"marginLeft":5,"marginRight":5,"marginTop":5,"nestedComponents":[{"id":"image","type":"scs-image","data":{"alignment":"fill","altText":"","borderColor":"#808080","borderRadius":0,"borderStyle":"none","borderWidth":1,"caption":"","contentViewing":"","imageHref":"","imageHrefContentViewing":"","imageHrefName":"","imageName":"home-bg.jpg","imageTarget":"_self","imageUrl":"[!--$SCS_CONTENT_URL--]/home-bg-2674360000007209.jpg","linkType":"scs-link-no-link","linkRendition":"","marginBottom":0,"marginLeft":0,"marginRight":5,"marginTop":0,"rendition":"","styleClass":"","title":"","useStyleClass":"true","visible":true,"visibleOnMobile":"","width":300}},{"id":"title","type":"scs-title","data":{"alignment":"fill","backgroundColor":"","borderColor":"#808080","borderRadius":0,"borderStyle":"none","borderWidth":1,"fontColor":"#333333","fontFamily":"'Helvetica Neue', Helvetica, Arial, sans-serif","fontSize":24,"marginBottom":0,"marginLeft":0,"marginRight":0,"marginTop":0,"placeholderText":"","styleClass":"","styleClassName":"","styleClassTag":"","toolbarGroups":"","useStyleClass":"true","userText":"<div>headline right</div>","visible":true,"visibleOnMobile":"","width":400}},{"id":"byLine","type":"scs-paragraph","data":{"alignment":"fill","backgroundColor":"","borderColor":"#808080","borderRadius":0,"borderStyle":"none","borderWidth":1,"fontColor":"#808080","fontFamily":"'Helvetica Neue', Helvetica, Arial, sans-serif","fontSize":16,"marginBottom":0,"marginLeft":0,"marginRight":0,"marginTop":5,"placeholderText":"Lorem ipsum dolor","styleClass":"","styleClassName":"","styleClassTag":"","toolbarGroups":"","useStyleClass":"false","userText":"<div>headline sub-title right</div>","visible":true,"visibleOnMobile":"","width":400}}],"styleClass":"","styleClassName":"","seeded":true,"useStyleClass":"true","visible":true,"visibleOnMobile":"","visibleNestedComponents":[],"width":0}},"a10c224e-0356-4cb6-97d6-e022480bacc0":{"type":"scs-title","id":"scs-title","data":{"alignment":"fill","backgroundColor":"","borderColor":"#808080","borderRadius":0,"borderStyle":"none","borderWidth":1,"fontColor":"#333333","fontFamily":"'Helvetica Neue', Helvetica, Arial, sans-serif","fontSize":24,"marginBottom":5,"marginLeft":5,"marginRight":5,"marginTop":5,"placeholderText":"","styleClass":"","styleClassName":"","styleClassTag":"","toolbarGroups":"","useStyleClass":"true","userText":"<pre>rendering complete</pre>","visible":true,"visibleOnMobile":"","width":400}},"d970cca0-ce5f-4975-ab26-d050db4395ce":{"type":"scs-component","id":"scs-comp-headline","data":{"actions":"","alignment":"fill","assets":"","borderColor":"#808080","borderRadius":0,"borderStyle":"none","borderWidth":1,"componentId":"scs-comp-headline","componentName":"Headline","componentFactory":"scs-headline","componentLayout":"","contentId":"","contentLayoutCategory":"","contentPlaceholder":false,"contentTypes":[],"contentViewing":"","customRenderComplete":true,"customSettingsData":{"width":"200px"},"componentConfig":"","description":"","detailPageId":"","height":"","initialized":true,"isCaaSLayout":false,"linkType":"scs-link-action","marginBottom":5,"marginLeft":5,"marginRight":5,"marginTop":5,"nestedComponents":[{"id":"image","type":"scs-image","data":{"alignment":"fill","altText":"","borderColor":"#808080","borderRadius":0,"borderStyle":"none","borderWidth":1,"caption":"","contentViewing":"","imageHref":"","imageHrefContentViewing":"","imageHrefName":"","imageName":"home-bg.jpg","imageTarget":"_self","imageUrl":"[!--$SCS_CONTENT_URL--]/home-bg-2674360000007208.jpg","linkType":"scs-link-no-link","linkRendition":"","marginBottom":0,"marginLeft":0,"marginRight":5,"marginTop":0,"rendition":"","styleClass":"","title":"","useStyleClass":"true","visible":true,"visibleOnMobile":"","width":300}},{"id":"title","type":"scs-title","data":{"alignment":"fill","backgroundColor":"","borderColor":"#808080","borderRadius":0,"borderStyle":"none","borderWidth":1,"fontColor":"#333333","fontFamily":"'Helvetica Neue', Helvetica, Arial, sans-serif","fontSize":24,"marginBottom":0,"marginLeft":0,"marginRight":0,"marginTop":0,"placeholderText":"","styleClass":"","styleClassName":"","styleClassTag":"","toolbarGroups":"","useStyleClass":"true","userText":"<div>header title</div>","visible":true,"visibleOnMobile":"","width":400}},{"id":"byLine","type":"scs-paragraph","data":{"alignment":"fill","backgroundColor":"","borderColor":"#808080","borderRadius":0,"borderStyle":"none","borderWidth":1,"fontColor":"#808080","fontFamily":"'Helvetica Neue', Helvetica, Arial, sans-serif","fontSize":16,"marginBottom":0,"marginLeft":0,"marginRight":0,"marginTop":5,"placeholderText":"Lorem ipsum dolor","styleClass":"","styleClassName":"","styleClassTag":"","toolbarGroups":"","useStyleClass":"false","userText":"<div>header subtitle</div>","visible":true,"visibleOnMobile":"","width":400}}],"styleClass":"","styleClassName":"","seeded":true,"useStyleClass":"true","visible":true,"visibleOnMobile":"","visibleNestedComponents":[],"width":0}},"f4a42b97-99bb-4ae0-a6e0-73605be71d27":{"type":"scs-component","id":"scs-comp-headline","data":{"actions":"","alignment":"center","assets":"","borderColor":"#008000","borderRadius":19,"borderStyle":"double","borderWidth":8,"componentId":"scs-comp-headline","componentName":"Headline","componentFactory":"scs-headline","componentLayout":"","contentId":"","contentLayoutCategory":"","contentPlaceholder":false,"contentTypes":[],"contentViewing":"","customRenderComplete":true,"customSettingsData":{"width":"200px"},"componentConfig":"","description":"","detailPageId":"","height":"","initialized":true,"isCaaSLayout":false,"linkType":"scs-link-action","marginBottom":"2","marginLeft":"3","marginRight":"4","marginTop":"1","nestedComponents":[{"id":"image","type":"scs-image","data":{"alignment":"center","altText":"alt text","borderColor":"#808080","borderRadius":0,"borderStyle":"none","borderWidth":1,"caption":"","contentViewing":"","imageHref":"","imageHrefContentViewing":"","imageHrefName":"","imageName":"home-bg.jpg","imageTarget":"_self","imageUrl":"[!--$SCS_CONTENT_URL--]/home-bg-2674360000007210.jpg","linkType":"scs-link-no-link","linkRendition":"","marginBottom":"2","marginLeft":"3","marginRight":"4","marginTop":"1","rendition":"","styleClass":"","title":"title","useStyleClass":"true","visible":true,"visibleOnMobile":"","width":"150"}},{"id":"title","type":"scs-title","data":{"alignment":"fill","backgroundColor":"#00ffff","borderColor":"#808080","borderRadius":12,"borderStyle":"solid","borderWidth":5,"fontColor":"#ffd700","fontFamily":"Copperplate Gothic Light, sans-serif","fontSize":24,"marginBottom":"2","marginLeft":"3","marginRight":"4","marginTop":"1","placeholderText":"","styleClass":"","styleClassName":"","styleClassTag":"","toolbarGroups":"","useStyleClass":"false","userText":"<div>some text</div>","visible":true,"visibleOnMobile":"","width":400}},{"id":"byLine","type":"scs-paragraph","data":{"alignment":"fill","backgroundColor":"#ffd700","borderColor":"#ffa500","borderRadius":12,"borderStyle":"solid","borderWidth":3,"fontColor":"#ffd700","fontFamily":"Copperplate Gothic Light, sans-serif","fontSize":16,"marginBottom":"2","marginLeft":"3","marginRight":"4","marginTop":"1","placeholderText":"Lorem ipsum dolor","styleClass":"","styleClassName":"","styleClassTag":"","toolbarGroups":"","useStyleClass":"false","userText":"<div>sub header</div>","visible":true,"visibleOnMobile":"","width":400}}],"styleClass":"","styleClassName":"","seeded":true,"useStyleClass":"false","visible":true,"visibleOnMobile":"","visibleNestedComponents":[],"width":"400"}},"id-heading":{"type":"scs-inline-text","isInlineComponent":true,"data":{"innerHTML":"Headline"}}}}