{"properties":{"title":"","pageLayout":"about.html","mobileLayout":"","pageDescription":"","keywords":"","hideFromSearchEngines":false,"header":"","footer":"","noIndex":false,"noFollow":false,"noArchive":false,"noSnippet":false,"isCobrowseEnabled":false,"overrideWebAnalytics":false,"webAnalyticsScript":null},"slots":{"slot-content":{"components":["b1e0f3cf-e836-41df-a848-8b5ba9b0f504","ee9024c0-58c1-4e86-b397-9655fc0bd1d0","af7bf357-f769-451e-ae81-38c1b1465539","b2e30b12-2f76-4bee-a822-e93302df6308"],"grid":"<div class=\"scs-row\"><div class=\"scs-col\" style=\"width: 100%;\"><div id=\"b1e0f3cf-e836-41df-a848-8b5ba9b0f504\"></div><div id=\"ee9024c0-58c1-4e86-b397-9655fc0bd1d0\"></div><div id=\"af7bf357-f769-451e-ae81-38c1b1465539\"></div><div id=\"b2e30b12-2f76-4bee-a822-e93302df6308\"></div></div></div>"},"non-atf-content":{"components":["dac0a67b-9136-474d-8189-76f98e597e3d"],"grid":"<div class=\"scs-row\"><div class=\"scs-col\" style=\"width: 100%;\"><div id=\"dac0a67b-9136-474d-8189-76f98e597e3d\"></div></div></div>"}},"componentInstances":{"ee9024c0-58c1-4e86-b397-9655fc0bd1d0":{"type":"scs-component","id":"scs-comp-image-text","data":{"actions":"","alignment":"fill","assets":"","borderColor":"#808080","borderRadius":0,"borderStyle":"none","borderWidth":1,"componentId":"scs-comp-image-text","componentName":"Image and Text","componentFactory":"scs-image-text","componentLayout":"right","contentId":"","contentLayoutCategory":"","contentPlaceholder":false,"contentTypes":[],"contentViewing":"","customRenderComplete":true,"customSettingsData":{"width":"300px"},"componentConfig":"","description":"","detailPageId":"","height":"","initialized":true,"isCaaSLayout":false,"linkType":"scs-link-action","marginBottom":5,"marginLeft":5,"marginRight":5,"marginTop":5,"nestedComponents":[{"id":"image","type":"scs-image","data":{"alignment":"fill","altText":"","borderColor":"#808080","borderRadius":0,"borderStyle":"none","borderWidth":1,"caption":"","contentViewing":"","imageHref":"","imageHrefContentViewing":"","imageHrefName":"","imageName":"home-bg.jpg","imageTarget":"_self","imageUrl":"[!--$SCS_CONTENT_URL--]/home-bg-2674360000007263.jpg","linkType":"scs-link-no-link","linkRendition":"","marginBottom":0,"marginLeft":0,"marginRight":0,"marginTop":0,"rendition":"","styleClass":"","title":"","useStyleClass":"true","visible":true,"visibleOnMobile":"","width":300}},{"id":"paragraph","type":"scs-paragraph","data":{"alignment":"fill","backgroundColor":"","borderColor":"#808080","borderRadius":0,"borderStyle":"none","borderWidth":1,"fontColor":"#333333","fontFamily":"'Helvetica Neue', Helvetica, Arial, sans-serif","fontSize":16,"marginBottom":0,"marginLeft":0,"marginRight":0,"marginTop":0,"placeholderText":"","styleClass":"","styleClassName":"","styleClassTag":"","toolbarGroups":"","useStyleClass":"true","userText":"<div>image right</div>","visible":true,"visibleOnMobile":"","width":400}}],"styleClass":"","styleClassName":"","seeded":true,"useStyleClass":"true","visible":true,"visibleOnMobile":"","visibleNestedComponents":[],"width":0}},"dac0a67b-9136-474d-8189-76f98e597e3d":{"type":"scs-title","id":"scs-title","data":{"alignment":"fill","backgroundColor":"","borderColor":"#808080","borderRadius":0,"borderStyle":"none","borderWidth":1,"fontColor":"#333333","fontFamily":"'Helvetica Neue', Helvetica, Arial, sans-serif","fontSize":24,"marginBottom":5,"marginLeft":5,"marginRight":5,"marginTop":5,"placeholderText":"","styleClass":"","styleClassName":"","styleClassTag":"","toolbarGroups":"","useStyleClass":"true","userText":"<pre>renderering complete</pre>","visible":true,"visibleOnMobile":"","width":400}},"af7bf357-f769-451e-ae81-38c1b1465539":{"type":"scs-component","id":"scs-comp-image-text","data":{"actions":"","alignment":"center","assets":"","borderColor":"#808080","borderRadius":0,"borderStyle":"none","borderWidth":1,"componentId":"scs-comp-image-text","componentName":"Image and Text","componentFactory":"scs-image-text","componentLayout":"top","contentId":"","contentLayoutCategory":"","contentPlaceholder":false,"contentTypes":[],"contentViewing":"","customRenderComplete":true,"customSettingsData":{"width":"200px"},"componentConfig":"","description":"","detailPageId":"","height":"","initialized":true,"isCaaSLayout":false,"linkType":"scs-link-action","marginBottom":5,"marginLeft":5,"marginRight":5,"marginTop":5,"nestedComponents":[{"id":"image","type":"scs-image","data":{"alignment":"center","altText":"","borderColor":"#808080","borderRadius":0,"borderStyle":"none","borderWidth":1,"caption":"","contentViewing":"","imageHref":"","imageHrefContentViewing":"","imageHrefName":"","imageName":"home-bg.jpg","imageTarget":"_self","imageUrl":"[!--$SCS_CONTENT_URL--]/home-bg-2674360000007262.jpg","linkType":"scs-link-no-link","linkRendition":"","marginBottom":0,"marginLeft":0,"marginRight":0,"marginTop":0,"rendition":"","styleClass":"","title":"","useStyleClass":"true","visible":true,"visibleOnMobile":"","width":0}},{"id":"paragraph","type":"scs-paragraph","data":{"alignment":"fill","backgroundColor":"","borderColor":"#808080","borderRadius":0,"borderStyle":"none","borderWidth":1,"fontColor":"#333333","fontFamily":"'Helvetica Neue', Helvetica, Arial, sans-serif","fontSize":16,"marginBottom":0,"marginLeft":0,"marginRight":0,"marginTop":0,"placeholderText":"","styleClass":"","styleClassName":"","styleClassTag":"","toolbarGroups":"","useStyleClass":"true","userText":"<div>image top</div>","visible":true,"visibleOnMobile":"","width":400}}],"styleClass":"","styleClassName":"","seeded":true,"useStyleClass":"true","visible":true,"visibleOnMobile":"","visibleNestedComponents":[],"width":"300"}},"b2e30b12-2f76-4bee-a822-e93302df6308":{"type":"scs-component","id":"scs-comp-image-text","data":{"actions":"","alignment":"left","assets":"","borderColor":"#808080","borderRadius":0,"borderStyle":"none","borderWidth":1,"componentId":"scs-comp-image-text","componentName":"Image and Text","componentFactory":"scs-image-text","componentLayout":"","contentId":"","contentLayoutCategory":"","contentPlaceholder":false,"contentTypes":[],"contentViewing":"","customRenderComplete":true,"customSettingsData":{"width":"200px"},"componentConfig":"","description":"","detailPageId":"","height":"","initialized":true,"isCaaSLayout":false,"linkType":"scs-link-action","marginBottom":5,"marginLeft":5,"marginRight":5,"marginTop":5,"nestedComponents":[{"id":"image","type":"scs-image","data":{"alignment":"center","altText":"alt text","borderColor":"#808080","borderRadius":0,"borderStyle":"none","borderWidth":1,"caption":"","contentViewing":"","imageHref":"mailto:test@test.com?Subject=test","imageHrefContentViewing":"","imageHrefName":"","imageName":"home-bg.jpg","imageTarget":"","imageUrl":"[!--$SCS_CONTENT_URL--]/home-bg-2674360000007264.jpg","linkType":"scs-link-email","linkRendition":"","marginBottom":"2","marginLeft":"3","marginRight":"4","marginTop":"1","rendition":"","styleClass":"scs-image-style-9","title":"title","useStyleClass":"true","visible":true,"visibleOnMobile":"","width":"150"}},{"id":"paragraph","type":"scs-paragraph","data":{"alignment":"fill","backgroundColor":"#afeeee","borderColor":"#daa520","borderRadius":9,"borderStyle":"dashed","borderWidth":5,"fontColor":"#ff8c00","fontFamily":"Courier New, Courier, monospace","fontSize":14,"marginBottom":"2","marginLeft":"3","marginRight":"4","marginTop":"1","placeholderText":"","styleClass":"","styleClassName":"","styleClassTag":"","toolbarGroups":"","useStyleClass":"false","userText":"<div>Custom text values for a image and text component that flows across the page.&nbsp;</div>","visible":true,"visibleOnMobile":"","width":400}}],"styleClass":"","styleClassName":"","seeded":true,"useStyleClass":"true","visible":true,"visibleOnMobile":"","visibleNestedComponents":[],"width":0}},"b1e0f3cf-e836-41df-a848-8b5ba9b0f504":{"type":"scs-component","id":"scs-comp-image-text","data":{"actions":"","alignment":"fill","assets":"","borderColor":"#808080","borderRadius":0,"borderStyle":"none","borderWidth":1,"componentId":"scs-comp-image-text","componentName":"Image and Text","componentFactory":"scs-image-text","componentLayout":"","contentId":"","contentLayoutCategory":"","contentPlaceholder":false,"contentTypes":[],"contentViewing":"","customRenderComplete":true,"customSettingsData":{"width":"200px"},"componentConfig":"","description":"","detailPageId":"","height":"","initialized":true,"isCaaSLayout":false,"linkType":"scs-link-action","marginBottom":5,"marginLeft":5,"marginRight":5,"marginTop":5,"nestedComponents":[{"id":"image","type":"scs-image","data":{"alignment":"fill","altText":"","borderColor":"#808080","borderRadius":0,"borderStyle":"none","borderWidth":1,"caption":"","contentViewing":"","imageHref":"","imageHrefContentViewing":"","imageHrefName":"","imageName":"home-bg.jpg","imageTarget":"_self","imageUrl":"[!--$SCS_CONTENT_URL--]/home-bg-2674360000007261.jpg","linkType":"scs-link-no-link","linkRendition":"","marginBottom":0,"marginLeft":0,"marginRight":0,"marginTop":0,"rendition":"","styleClass":"","title":"","useStyleClass":"true","visible":true,"visibleOnMobile":"","width":300}},{"id":"paragraph","type":"scs-paragraph","data":{"alignment":"fill","backgroundColor":"","borderColor":"#808080","borderRadius":0,"borderStyle":"none","borderWidth":1,"fontColor":"#333333","fontFamily":"'Helvetica Neue', Helvetica, Arial, sans-serif","fontSize":16,"marginBottom":0,"marginLeft":0,"marginRight":0,"marginTop":0,"placeholderText":"","styleClass":"","styleClassName":"","styleClassTag":"","toolbarGroups":"","useStyleClass":"true","userText":"<div>image and text</div>","visible":true,"visibleOnMobile":"","width":400}}],"styleClass":"","styleClassName":"","seeded":true,"useStyleClass":"true","visible":true,"visibleOnMobile":"","visibleNestedComponents":[],"width":0}},"id-heading":{"type":"scs-inline-text","isInlineComponent":true,"data":{"innerHTML":"Image and Text"}}}}