{"properties":{"title":"","pageLayout":"about.html","mobileLayout":"","pageDescription":"","keywords":"","hideFromSearchEngines":false,"header":"","footer":"","noIndex":false,"noFollow":false,"noArchive":false,"noSnippet":false,"isCobrowseEnabled":false,"overrideWebAnalytics":false,"webAnalyticsScript":null},"slots":{"slot-content":{"components":["b81e6066-0d79-4e6f-9348-a9611cfdde81","ab63c631-71ee-4a04-b5d2-696c89cc371a","a0576e7a-ab27-4aa8-94c3-b86813a82be0","d50eb542-f710-4f1a-9162-8dd104029013","acb2bc23-d201-4a95-b807-5f0128e16a2b","aaa9f10b-215f-4788-b3b4-2286fad6a127","ed919b20-bc56-4f1a-bdae-66a0dc9f1461","ab65d96b-0928-4cc7-a3c9-24367a047429","afe68c8d-a010-49d1-b373-e552e35ddb02","a6d95cc4-6171-4495-9917-f28b66ca3250","b21c2937-a807-41b0-afc7-38a69d18bf84"],"grid":"<div class=\"scs-row\"><div class=\"scs-col\" style=\"width: 100%;\"><div id=\"b81e6066-0d79-4e6f-9348-a9611cfdde81\"></div><div id=\"ab63c631-71ee-4a04-b5d2-696c89cc371a\"></div><div id=\"a0576e7a-ab27-4aa8-94c3-b86813a82be0\"></div><div id=\"d50eb542-f710-4f1a-9162-8dd104029013\"></div><div id=\"acb2bc23-d201-4a95-b807-5f0128e16a2b\"></div><div id=\"aaa9f10b-215f-4788-b3b4-2286fad6a127\"></div><div id=\"ed919b20-bc56-4f1a-bdae-66a0dc9f1461\"></div><div id=\"ab65d96b-0928-4cc7-a3c9-24367a047429\"></div><div id=\"afe68c8d-a010-49d1-b373-e552e35ddb02\"></div><div id=\"a6d95cc4-6171-4495-9917-f28b66ca3250\"></div></div></div><div class=\"scs-row\"><div class=\"scs-col\" style=\"width: 100%;\"><div id=\"b21c2937-a807-41b0-afc7-38a69d18bf84\"></div></div></div>"},"non-atf-content":{"components":["b4607462-f8bf-4076-8dd9-140a9d34d820"],"grid":"<div class=\"scs-row\"><div class=\"scs-col\" style=\"width: 100%;\"><div id=\"b4607462-f8bf-4076-8dd9-140a9d34d820\"></div></div></div>"}},"componentInstances":{"d50eb542-f710-4f1a-9162-8dd104029013":{"type":"scs-button","id":"scs-button","data":{"actions":[],"alignment":"left","backgroundColor":"#DDDDDD","backgroundColorHover":"#EEEEEE","borderColor":"#808080","borderColorHover":"#2222DD","borderRadius":0,"borderStyle":"solid","borderWidth":1,"fontColor":"#000000","fontColorHover":"#2222DD","fontFamily":"'Helvetica Neue', Helvetica, Arial, sans-serif","fontSize":14,"height":0,"href":"http://www.google.com","hrefContentViewing":"","hrefName":"","isCobrowse":"","linkType":"scs-link-webpage","linkRendition":"","filePreviewShowDownload":"","marginBottom":5,"marginLeft":5,"marginRight":5,"marginTop":5,"styleClass":"","styleClassName":"","target":"_blank","text":"web page link","title":"","useStyleClass":"true","visible":true,"visibleOnMobile":"","width":0}},"aaa9f10b-215f-4788-b3b4-2286fad6a127":{"type":"scs-button","id":"scs-button","data":{"actions":[],"alignment":"left","backgroundColor":"#DDDDDD","backgroundColorHover":"#EEEEEE","borderColor":"#808080","borderColorHover":"#2222DD","borderRadius":0,"borderStyle":"solid","borderWidth":1,"fontColor":"#000000","fontColorHover":"#2222DD","fontFamily":"'Helvetica Neue', Helvetica, Arial, sans-serif","fontSize":14,"height":0,"href":"[!--$SCS_CONTENT_URL--]/home-bg-2674360000007320.jpg","hrefContentViewing":"","hrefName":"","isCobrowse":"","linkType":"scs-link-file","linkRendition":"","filePreviewShowDownload":"","marginBottom":5,"marginLeft":5,"marginRight":5,"marginTop":5,"styleClass":"","styleClassName":"","target":"_blank","text":"file download link","title":"","useStyleClass":"true","visible":true,"visibleOnMobile":"","width":0}},"b4607462-f8bf-4076-8dd9-140a9d34d820":{"type":"scs-title","id":"scs-title","data":{"alignment":"fill","backgroundColor":"","borderColor":"#808080","borderRadius":0,"borderStyle":"none","borderWidth":1,"fontColor":"#333333","fontFamily":"'Helvetica Neue', Helvetica, Arial, sans-serif","fontSize":24,"marginBottom":5,"marginLeft":5,"marginRight":5,"marginTop":5,"placeholderText":"","styleClass":"","styleClassName":"","styleClassTag":"","toolbarGroups":"","useStyleClass":"true","userText":"<pre>rendering complete</pre>","visible":true,"visibleOnMobile":"","width":400}},"ab63c631-71ee-4a04-b5d2-696c89cc371a":{"type":"scs-button","id":"scs-button","data":{"actions":[],"alignment":"center","backgroundColor":"#DDDDDD","backgroundColorHover":"#EEEEEE","borderColor":"#808080","borderColorHover":"#2222DD","borderRadius":0,"borderStyle":"solid","borderWidth":1,"fontColor":"#000000","fontColorHover":"#2222DD","fontFamily":"'Helvetica Neue', Helvetica, Arial, sans-serif","fontSize":14,"height":"40","href":"","hrefContentViewing":"","hrefName":"","isCobrowse":"","linkType":"scs-link-no-link","linkRendition":"","filePreviewShowDownload":"","marginBottom":"2","marginLeft":"3","marginRight":"4","marginTop":"1","styleClass":"","styleClassName":"","target":"_self","text":"general settings","title":"title","useStyleClass":"true","visible":true,"visibleOnMobile":"","width":"300"}},"b21c2937-a807-41b0-afc7-38a69d18bf84":{"type":"scs-button","id":"scs-button","data":{"actions":[],"alignment":"left","backgroundColor":"#DDDDDD","backgroundColorHover":"#EEEEEE","borderColor":"#808080","borderColorHover":"#2222DD","borderRadius":0,"borderStyle":"solid","borderWidth":1,"fontColor":"#000000","fontColorHover":"#2222DD","fontFamily":"'Helvetica Neue', Helvetica, Arial, sans-serif","fontSize":14,"height":0,"href":"[!--$SCS_TEL--]+9 999 9999[/!--$SCS_TEL--]","hrefContentViewing":"","hrefName":"","isCobrowse":"","linkType":"scs-link-tel","linkRendition":"","filePreviewShowDownload":"","marginBottom":5,"marginLeft":5,"marginRight":5,"marginTop":5,"styleClass":"","styleClassName":"","target":"_self","text":"phone call link","title":"","useStyleClass":"true","visible":true,"visibleOnMobile":"","width":0}},"ed919b20-bc56-4f1a-bdae-66a0dc9f1461":{"type":"scs-button","id":"scs-button","data":{"actions":[],"alignment":"left","backgroundColor":"#DDDDDD","backgroundColorHover":"#EEEEEE","borderColor":"#808080","borderColorHover":"#2222DD","borderRadius":0,"borderStyle":"solid","borderWidth":1,"fontColor":"#000000","fontColorHover":"#2222DD","fontFamily":"'Helvetica Neue', Helvetica, Arial, sans-serif","fontSize":14,"height":0,"href":"/documents/embed/link/LDF6FC49F344C770A60258804BA6C92648294FF74A53/fileview/D503FEC1D5684FF98E256BDAC3F6199684FA6E13D254/BlogSiteHome.pdf","hrefContentViewing":"","hrefName":"","isCobrowse":"","linkType":"scs-link-file-preview","linkRendition":"","filePreviewShowDownload":"yes","marginBottom":5,"marginLeft":5,"marginRight":5,"marginTop":5,"styleClass":"","styleClassName":"","target":"","text":"file preview link","title":"","useStyleClass":"true","visible":true,"visibleOnMobile":"","width":0}},"afe68c8d-a010-49d1-b373-e552e35ddb02":{"type":"scs-button","id":"scs-button","data":{"actions":[{"triggerName":"scsLinkClicked","actionName":"scsActionShowAlert","actionDescription":"ACTION_SHOW_ALERT_DESCRIPTION","actionComponent":"comp","actionPayload":[{"name":"msgId","description":"ACTION_SHOW_ALERT_NAME_MESSAGE","type":{"ojComponent":{"component":"ojInputText"}},"value":"hello"}]}],"alignment":"left","backgroundColor":"#DDDDDD","backgroundColorHover":"#EEEEEE","borderColor":"#808080","borderColorHover":"#2222DD","borderRadius":0,"borderStyle":"solid","borderWidth":1,"fontColor":"#000000","fontColorHover":"#2222DD","fontFamily":"'Helvetica Neue', Helvetica, Arial, sans-serif","fontSize":14,"height":0,"href":"","hrefContentViewing":"","hrefName":"","isCobrowse":"","linkType":"scs-link-action","linkRendition":"","filePreviewShowDownload":"","marginBottom":5,"marginLeft":5,"marginRight":5,"marginTop":5,"styleClass":"","styleClassName":"","target":"_self","text":"show alert link","title":"","useStyleClass":"true","visible":true,"visibleOnMobile":"","width":0}},"acb2bc23-d201-4a95-b807-5f0128e16a2b":{"type":"scs-button","id":"scs-button","data":{"actions":[],"alignment":"left","backgroundColor":"#DDDDDD","backgroundColorHover":"#EEEEEE","borderColor":"#808080","borderColorHover":"#2222DD","borderRadius":0,"borderStyle":"solid","borderWidth":1,"fontColor":"#000000","fontColorHover":"#2222DD","fontFamily":"'Helvetica Neue', Helvetica, Arial, sans-serif","fontSize":14,"height":0,"href":"[!--$SCS_PAGE--]100|param1=one&param2=two[/!--$SCS_PAGE--]","hrefContentViewing":"","hrefName":"","isCobrowse":"","linkType":"scs-link-sitepage","linkRendition":"","filePreviewShowDownload":"","marginBottom":5,"marginLeft":5,"marginRight":5,"marginTop":5,"styleClass":"","styleClassName":"","target":"_self","text":"site page link","title":"","useStyleClass":"true","visible":true,"visibleOnMobile":"","width":0}},"a0576e7a-ab27-4aa8-94c3-b86813a82be0":{"type":"scs-button","id":"scs-button","data":{"actions":[],"alignment":"left","backgroundColor":"#00ff00","backgroundColorHover":"#dda0dd","borderColor":"#808080","borderColorHover":"#ff8c00","borderRadius":11,"borderStyle":"solid","borderWidth":6,"fontColor":"#ff8c00","fontColorHover":"#ffff00","fontFamily":"Copperplate Gothic Light, sans-serif","fontSize":18,"height":0,"href":"","hrefContentViewing":"","hrefName":"","isCobrowse":"","linkType":"scs-link-no-link","linkRendition":"","filePreviewShowDownload":"","marginBottom":5,"marginLeft":5,"marginRight":5,"marginTop":5,"styleClass":"","styleClassName":"","target":"_self","text":"style settings","title":"","useStyleClass":"false","visible":true,"visibleOnMobile":"","width":0}},"ab65d96b-0928-4cc7-a3c9-24367a047429":{"type":"scs-button","id":"scs-button","data":{"actions":[],"alignment":"left","backgroundColor":"#DDDDDD","backgroundColorHover":"#EEEEEE","borderColor":"#808080","borderColorHover":"#2222DD","borderRadius":0,"borderStyle":"solid","borderWidth":1,"fontColor":"#000000","fontColorHover":"#2222DD","fontFamily":"'Helvetica Neue', Helvetica, Arial, sans-serif","fontSize":14,"height":0,"href":"mailto:who@am.i?Subject=who am i ","hrefContentViewing":"","hrefName":"","isCobrowse":"","linkType":"scs-link-email","linkRendition":"","filePreviewShowDownload":"","marginBottom":5,"marginLeft":5,"marginRight":5,"marginTop":5,"styleClass":"","styleClassName":"","target":"","text":"email link","title":"","useStyleClass":"true","visible":true,"visibleOnMobile":"","width":0}},"b81e6066-0d79-4e6f-9348-a9611cfdde81":{"type":"scs-button","id":"scs-button","data":{"actions":[],"alignment":"left","backgroundColor":"#DDDDDD","backgroundColorHover":"#EEEEEE","borderColor":"#808080","borderColorHover":"#2222DD","borderRadius":0,"borderStyle":"solid","borderWidth":1,"fontColor":"#000000","fontColorHover":"#2222DD","fontFamily":"'Helvetica Neue', Helvetica, Arial, sans-serif","fontSize":14,"height":0,"href":"","hrefContentViewing":"","hrefName":"","isCobrowse":"","linkType":"scs-link-no-link","linkRendition":"","filePreviewShowDownload":"","marginBottom":5,"marginLeft":5,"marginRight":5,"marginTop":5,"styleClass":"scs-button-style-2","styleClassName":"","target":"_self","text":"﻿no link","title":"","useStyleClass":"true","visible":true,"visibleOnMobile":"","width":0}},"a6d95cc4-6171-4495-9917-f28b66ca3250":{"type":"scs-button","id":"scs-button","data":{"actions":[],"alignment":"left","backgroundColor":"#DDDDDD","backgroundColorHover":"#EEEEEE","borderColor":"#808080","borderColorHover":"#2222DD","borderRadius":0,"borderStyle":"solid","borderWidth":1,"fontColor":"#000000","fontColorHover":"#2222DD","fontFamily":"'Helvetica Neue', Helvetica, Arial, sans-serif","fontSize":14,"height":0,"href":"[!--$SCS_GOOGLE_MAPS--]london, uk[/!--$SCS_GOOGLE_MAPS--]","hrefContentViewing":"","hrefName":"","isCobrowse":"","linkType":"scs-link-map","linkRendition":"","filePreviewShowDownload":"","marginBottom":5,"marginLeft":5,"marginRight":5,"marginTop":5,"styleClass":"","styleClassName":"","target":"_self","text":"map link","title":"","useStyleClass":"true","visible":true,"visibleOnMobile":"","width":0}},"id-heading":{"type":"scs-inline-text","isInlineComponent":true,"data":{"innerHTML":"Button"}}}}