{"properties":{"title":"","pageLayout":"about.html","mobileLayout":"","pageDescription":"","keywords":"","hideFromSearchEngines":false,"header":"","footer":"","noIndex":false,"noFollow":false,"noArchive":false,"noSnippet":false,"isCobrowseEnabled":false,"overrideWebAnalytics":false,"webAnalyticsScript":null},"slots":{"slot-content":{"components":["c83f93a6-e59a-4912-85cd-1076eb6d2412","bcab0481-bde4-4999-bbba-5d0190112996","b76f2322-421c-47a2-ba9e-8f2c13fd358a"],"grid":"<div class=\"scs-row\"><div class=\"scs-col\" style=\"width: 100%;\"><div id=\"bcab0481-bde4-4999-bbba-5d0190112996\"></div><div class=\"scs-row scs-inner-row\"><div class=\"scs-col\" style=\"width: 50%;\"><div id=\"b76f2322-421c-47a2-ba9e-8f2c13fd358a\"></div></div><div class=\"scs-col\" style=\"width: 50%;\"><div id=\"c83f93a6-e59a-4912-85cd-1076eb6d2412\"></div></div></div></div></div>"},"non-atf-content":{"components":["af7f685b-f196-42fc-aa05-4cc469020cdf"],"grid":"<div class=\"scs-row\"><div class=\"scs-col\" style=\"width: 100%;\"><div id=\"af7f685b-f196-42fc-aa05-4cc469020cdf\"></div></div></div>"}},"componentInstances":{"c83f93a6-e59a-4912-85cd-1076eb6d2412":{"type":"scs-component","id":"scs-contentitem","data":{"actions":"","alignment":"fill","assets":"","borderColor":"#808080","borderRadius":0,"borderStyle":"none","borderWidth":1,"componentId":"","componentName":"Alex Read","componentFactory":"","componentLayout":"","contentId":"CORED159E205522E4F8EB77888744FC526BD","contentLayoutCategory":"","contentPlaceholder":false,"contentTypes":["Starter-Blog-Author"],"contentViewing":"draft","customRenderComplete":false,"customSettingsData":"","componentConfig":"","description":"Alex Read : Default","detailPageId":"","height":"","initialized":true,"isCaaSLayout":true,"linkType":"scs-link-action","marginBottom":5,"marginLeft":5,"marginRight":5,"marginTop":5,"nestedComponents":[],"styleClass":"","styleClassName":"","seeded":true,"useStyleClass":"true","visible":true,"visibleOnMobile":"","visibleNestedComponents":[],"width":0,"contentIds":["CORED159E205522E4F8EB77888744FC526BD"],"contentViewings":["draft"]}},"af7f685b-f196-42fc-aa05-4cc469020cdf":{"type":"scs-title","id":"scs-title","data":{"alignment":"fill","backgroundColor":"","borderColor":"#808080","borderRadius":0,"borderStyle":"none","borderWidth":1,"fontColor":"#333333","fontFamily":"'Helvetica Neue', Helvetica, Arial, sans-serif","fontSize":24,"marginBottom":5,"marginLeft":5,"marginRight":5,"marginTop":5,"placeholderText":"","styleClass":"","styleClassName":"","styleClassTag":"","toolbarGroups":"","useStyleClass":"true","userText":"<pre>rendering complete</pre>","visible":true,"visibleOnMobile":"","width":400}},"bcab0481-bde4-4999-bbba-5d0190112996":{"type":"scs-component","id":"scs-contentitem","data":{"actions":"","alignment":"fill","assets":"","borderColor":"#808080","borderRadius":0,"borderStyle":"none","borderWidth":1,"componentId":"","componentName":"Jerrold Summers","componentFactory":"","componentLayout":"","contentId":"COREBAF431FB71B342F5A934A21EC5E86C93","contentLayoutCategory":"Summary","contentPlaceholder":false,"contentTypes":["Starter-Blog-Author"],"contentViewing":"draft","customRenderComplete":false,"customSettingsData":"","componentConfig":"","description":"Jerrold Summers : Summary","detailPageId":"","height":"","initialized":true,"isCaaSLayout":true,"linkType":"scs-link-action","marginBottom":5,"marginLeft":5,"marginRight":5,"marginTop":5,"nestedComponents":[],"styleClass":"","styleClassName":"","seeded":true,"useStyleClass":"true","visible":true,"visibleOnMobile":"","visibleNestedComponents":[],"width":0,"contentIds":["COREBAF431FB71B342F5A934A21EC5E86C93"],"contentViewings":["draft"]}},"b76f2322-421c-47a2-ba9e-8f2c13fd358a":{"type":"scs-component","id":"scs-contentitem","data":{"actions":"","alignment":"fill","assets":"","borderColor":"#808080","borderRadius":15,"borderStyle":"solid","borderWidth":6,"componentId":"","componentName":"Jerrold Summers","componentFactory":"","componentLayout":"","contentId":"COREBAF431FB71B342F5A934A21EC5E86C93","contentLayoutCategory":"","contentPlaceholder":false,"contentTypes":["Starter-Blog-Author"],"contentViewing":"draft","customRenderComplete":false,"customSettingsData":"","componentConfig":"","description":"Jerrold Summers : Default","detailPageId":"410","height":"","initialized":true,"isCaaSLayout":true,"linkType":"scs-link-action","marginBottom":"2","marginLeft":"3","marginRight":"4","marginTop":"1","nestedComponents":[],"styleClass":"scs-component-style-9","styleClassName":"","seeded":true,"useStyleClass":"false","visible":true,"visibleOnMobile":"","visibleNestedComponents":[],"width":0,"contentIds":["COREBAF431FB71B342F5A934A21EC5E86C93"],"contentViewings":["draft"]}},"id-heading":{"type":"scs-inline-text","isInlineComponent":true,"data":{"innerHTML":"Content Item"}}}}
