{"properties":{"title":"","pageLayout":"about.html","mobileLayout":"","pageDescription":"","keywords":"","hideFromSearchEngines":false,"header":"","footer":"","noIndex":false,"noFollow":false,"noArchive":false,"noSnippet":false,"isCobrowseEnabled":false,"overrideWebAnalytics":false,"webAnalyticsScript":null},"slots":{"slot-content":{"components":["bb5c4dc6-e98f-4fb4-b13d-550d169078dc","edb0a757-87af-4713-b6c5-85c2990ed8b8","c89c706c-0348-40d8-8c75-c535eee2f126","b9fb3ec3-6993-49d2-afe8-d068ccb39fed"],"grid":"<div class=\"scs-row\"><div class=\"scs-col\" style=\"width: 50%;\"><div id=\"bb5c4dc6-e98f-4fb4-b13d-550d169078dc\"></div></div><div class=\"scs-col\" style=\"width: 50%;\"><div id=\"edb0a757-87af-4713-b6c5-85c2990ed8b8\"></div><div id=\"c89c706c-0348-40d8-8c75-c535eee2f126\"></div><div id=\"b9fb3ec3-6993-49d2-afe8-d068ccb39fed\"></div></div></div>"},"non-atf-content":{"components":["b257af81-c859-416b-9f3a-6098b7094637"],"grid":"<div class=\"scs-row\"><div class=\"scs-col\" style=\"width: 100%;\"><div id=\"b257af81-c859-416b-9f3a-6098b7094637\"></div></div></div>"}},"componentInstances":{"bb5c4dc6-e98f-4fb4-b13d-550d169078dc":{"type":"scs-contentlist","id":"scs-contentlist","data":{"actions":"","additionalItems":2,"alignment":"fill","autoRefreshOnSearch":true,"backgroundColor":"","backgroundColorHover":"","borderColor":"black","borderColorHover":"","borderRadius":0,"borderStyle":"none","borderWidth":1,"contentTypes":["Starter-Blog-Author"],"customSettingsData":"","dateFilter":"all","dateFilterBegin":"","dateFilterEnd":"","dateFilterNumber":1,"dateFilterNumber2":1,"dateFilterUnits":"days","detailPageId":"","emptyListLayoutCategory":"None","firstItem":0,"firstLabel":"","fontColor":"#333333","fontColorHover":"","fontFamily":"'Helvetica Neue', Helvetica, Arial, sans-serif","fontSize":13,"language":"","lastLabel":"","layoutCategory":"","lazyLoadClickText":"Load More...","linkType":"scs-link-action","loadType":"none","marginBottom":5,"marginLeft":5,"marginRight":5,"marginTop":5,"maxResults":10,"nextLabel":"","paginationAlignment":"center","prevLabel":"","queryString":"","sectionLayout":"","sectionLayoutInstanceId":"","showFirstLast":"false","showPageNumbers":"true","showPagination":"false","showPrevNext":"true","sortOrder":"name:asc","styleClass":"","useStyleClass":"true","visible":true,"visibleOnMobile":"","width":""}},"b257af81-c859-416b-9f3a-6098b7094637":{"type":"scs-title","id":"scs-title","data":{"alignment":"fill","backgroundColor":"","borderColor":"#808080","borderRadius":0,"borderStyle":"none","borderWidth":1,"fontColor":"#333333","fontFamily":"'Helvetica Neue', Helvetica, Arial, sans-serif","fontSize":24,"marginBottom":5,"marginLeft":5,"marginRight":5,"marginTop":5,"placeholderText":"","styleClass":"","styleClassName":"","styleClassTag":"","toolbarGroups":"","useStyleClass":"true","userText":"<pre>rendering complete</pre>","visible":true,"visibleOnMobile":"","width":400}},"edb0a757-87af-4713-b6c5-85c2990ed8b8":{"type":"scs-contentlist","id":"scs-contentlist","data":{"actions":"","additionalItems":2,"alignment":"fill","autoRefreshOnSearch":true,"backgroundColor":"","backgroundColorHover":"","borderColor":"black","borderColorHover":"","borderRadius":0,"borderStyle":"none","borderWidth":1,"contentTypes":["Starter-Blog-Author"],"customSettingsData":{},"dateFilter":"all","dateFilterBegin":"","dateFilterEnd":"","dateFilterNumber":1,"dateFilterNumber2":1,"dateFilterUnits":"days","detailPageId":"","emptyListLayoutCategory":"None","firstItem":0,"firstLabel":"","fontColor":"#333333","fontColorHover":"","fontFamily":"'Helvetica Neue', Helvetica, Arial, sans-serif","fontSize":13,"language":"","lastLabel":"","layoutCategory":"Summary","lazyLoadClickText":"Load More...","linkType":"scs-link-action","loadType":"none","marginBottom":5,"marginLeft":5,"marginRight":5,"marginTop":5,"maxResults":3,"nextLabel":"","paginationAlignment":"center","prevLabel":"","queryString":"","sectionLayout":"","sectionLayoutInstanceId":"a6ef3ada-15b2-4d86-99f1-ac19acf90d6a","showFirstLast":"false","showPageNumbers":"true","showPagination":"false","showPrevNext":"true","sortOrder":"name:desc","styleClass":"","useStyleClass":"true","visible":true,"visibleOnMobile":"","width":""}},"a6ef3ada-15b2-4d86-99f1-ac19acf90d6a":{"type":"scs-component","id":"scs-sl-two-columns","data":{"componentFactory":"scs-two-columns","customSettingsData":{}}},"c89c706c-0348-40d8-8c75-c535eee2f126":{"type":"scs-contentlist","id":"scs-contentlist","data":{"actions":"","additionalItems":2,"alignment":"fill","autoRefreshOnSearch":true,"backgroundColor":"#008000","backgroundColorHover":"#ffa500","borderColor":"black","borderColorHover":"","borderRadius":13,"borderStyle":"solid","borderWidth":6,"contentTypes":["Starter-Blog-Author"],"customSettingsData":"","dateFilter":"all","dateFilterBegin":"","dateFilterEnd":"","dateFilterNumber":1,"dateFilterNumber2":1,"dateFilterUnits":"days","detailPageId":"","emptyListLayoutCategory":"None","firstItem":0,"firstLabel":"","fontColor":"#333333","fontColorHover":"#afeeee","fontFamily":"Copperplate Gothic Light, sans-serif","fontSize":13,"language":"","lastLabel":"","layoutCategory":"Summary","lazyLoadClickText":"Load More...","linkType":"scs-link-action","loadType":"none","marginBottom":"2","marginLeft":"3","marginRight":"4","marginTop":"1","maxResults":10,"nextLabel":"","paginationAlignment":"center","prevLabel":"","queryString":"","sectionLayout":"","sectionLayoutInstanceId":"","showFirstLast":"false","showPageNumbers":"true","showPagination":"false","showPrevNext":"true","sortOrder":"name:asc","styleClass":"","useStyleClass":"true","visible":true,"visibleOnMobile":"","width":""}},"b9fb3ec3-6993-49d2-afe8-d068ccb39fed":{"type":"scs-contentlist","id":"scs-contentlist","data":{"actions":"","additionalItems":2,"alignment":"fill","autoRefreshOnSearch":true,"backgroundColor":"","backgroundColorHover":"","borderColor":"black","borderColorHover":"","borderRadius":13,"borderStyle":"solid","borderWidth":8,"contentTypes":["Starter-Blog-Author"],"customSettingsData":"","dateFilter":"all","dateFilterBegin":"","dateFilterEnd":"","dateFilterNumber":1,"dateFilterNumber2":1,"dateFilterUnits":"days","detailPageId":"","emptyListLayoutCategory":"None","firstItem":0,"firstLabel":"","fontColor":"#333333","fontColorHover":"","fontFamily":"'Helvetica Neue', Helvetica, Arial, sans-serif","fontSize":13,"language":"","lastLabel":"","layoutCategory":"Summary","lazyLoadClickText":"Load More...","linkType":"scs-link-action","loadType":"none","marginBottom":"2","marginLeft":"3","marginRight":"4","marginTop":"1","maxResults":10,"nextLabel":"","paginationAlignment":"center","prevLabel":"","queryString":"","sectionLayout":"","sectionLayoutInstanceId":"a16f87f3-2993-4bc3-a2f2-53ea72dcf9f5","showFirstLast":"false","showPageNumbers":"true","showPagination":"false","showPrevNext":"true","sortOrder":"name:asc","styleClass":"","useStyleClass":"false","visible":true,"visibleOnMobile":"","width":""}},"a16f87f3-2993-4bc3-a2f2-53ea72dcf9f5":{"type":"scs-component","id":"scs-sl-vertical","data":{"componentFactory":"scs-vertical"}},"id-heading":{"type":"scs-inline-text","isInlineComponent":true,"data":{"innerHTML":"Content List"}}}}