{"properties":{"title":"","pageLayout":"about.html","mobileLayout":"","pageDescription":"","keywords":"","hideFromSearchEngines":false,"header":"","footer":"","noIndex":false,"noFollow":false,"noArchive":false,"noSnippet":false,"isCobrowseEnabled":false,"overrideWebAnalytics":false,"webAnalyticsScript":null},"slots":{"slot-content":{"components":["a060491a-a41b-469d-963c-74ecb6beb07b","fb928199-1ef9-4249-9175-7fc9cacc077d","e289334f-c845-4995-afab-0a683e60b068","a34467ec-c026-4e6b-9a56-59d0979449d5"],"grid":"<div class=\"scs-row\"><div class=\"scs-col\" style=\"width: 100%;\"><div id=\"a060491a-a41b-469d-963c-74ecb6beb07b\"></div><div id=\"fb928199-1ef9-4249-9175-7fc9cacc077d\"></div><div id=\"e289334f-c845-4995-afab-0a683e60b068\"></div><div id=\"a34467ec-c026-4e6b-9a56-59d0979449d5\"></div></div></div>"},"non-atf-content":{"components":["a084eb9e-d5ab-40f3-9c58-2d21f87c66ab"],"grid":"<div class=\"scs-row\"><div class=\"scs-col\" style=\"width: 100%;\"><div id=\"a084eb9e-d5ab-40f3-9c58-2d21f87c66ab\"></div></div></div>"}},"componentInstances":{"a34467ec-c026-4e6b-9a56-59d0979449d5":{"type":"scs-socialbar","id":"scs-socialbar","data":{"alignment":"right","backgroundColor":"#afeeee","borderColor":"#808080","borderRadius":15,"borderStyle":"solid","borderWidth":11,"iconSize":24,"iconSpacing":5,"images":[{"id":"icon320382885","name":"COMP_ICON_FACEBOOK","class":"scs-facebook-icon","title":"","altText":""},{"id":"icon131811662","name":"COMP_ICON_LINKEDIN","class":"scs-linkedin-icon","title":"","altText":""},{"id":"icon486530998","name":"COMP_ICON_TWITTER","class":"scs-twitter-icon","title":"","altText":""},{"id":"icon263767943","name":"COMP_ICON_GOOGLEPLUS","class":"scs-googleplus-icon","title":"","altText":""},{"id":"icon737027322","name":"COMP_ICON_YOUTUBE","class":"scs-youtube-icon","title":"","altText":""}],"layout":"horizontal","marginBottom":5,"marginLeft":5,"marginRight":5,"marginTop":5,"styleClass":"","useStyleClass":"false","visible":true,"visibleOnMobile":""}},"e289334f-c845-4995-afab-0a683e60b068":{"type":"scs-socialbar","id":"scs-socialbar","data":{"alignment":"right","backgroundColor":"","borderColor":"#808080","borderRadius":0,"borderStyle":"none","borderWidth":1,"iconSize":24,"iconSpacing":5,"images":[{"id":"icon131811662","source":"","name":"COMP_ICON_LINKEDIN","class":"scs-linkedin-icon","title":"linked in","altText":"linked in text","description":"","link":"http://www.linkedin.com","target":["_blank"],"rendition":""},{"id":"icon486530998","source":"","name":"COMP_ICON_TWITTER","class":"scs-twitter-icon","title":"","altText":"","description":"","link":"","rendition":""},{"id":"icon737027322","source":"","name":"COMP_ICON_YOUTUBE","class":"scs-youtube-icon","title":"","altText":"","description":"","link":"","rendition":""}],"layout":"horizontal","marginBottom":5,"marginLeft":5,"marginRight":5,"marginTop":5,"styleClass":"","useStyleClass":"true","visible":true,"visibleOnMobile":""}},"fb928199-1ef9-4249-9175-7fc9cacc077d":{"type":"scs-socialbar","id":"scs-socialbar","data":{"alignment":"center","backgroundColor":"","borderColor":"#808080","borderRadius":0,"borderStyle":"none","borderWidth":1,"iconSize":30,"iconSpacing":10,"images":[{"id":"icon320382885","name":"COMP_ICON_FACEBOOK","class":"scs-facebook-icon","title":"","altText":""},{"id":"icon131811662","name":"COMP_ICON_LINKEDIN","class":"scs-linkedin-icon","title":"","altText":""},{"id":"icon486530998","name":"COMP_ICON_TWITTER","class":"scs-twitter-icon","title":"","altText":""},{"id":"icon263767943","name":"COMP_ICON_GOOGLEPLUS","class":"scs-googleplus-icon","title":"","altText":""},{"id":"icon737027322","name":"COMP_ICON_YOUTUBE","class":"scs-youtube-icon","title":"","altText":""}],"layout":"vertical","marginBottom":"2","marginLeft":"3","marginRight":"4","marginTop":"1","styleClass":"","useStyleClass":"true","visible":true,"visibleOnMobile":""}},"a084eb9e-d5ab-40f3-9c58-2d21f87c66ab":{"type":"scs-title","id":"scs-title","data":{"alignment":"fill","backgroundColor":"","borderColor":"#808080","borderRadius":0,"borderStyle":"none","borderWidth":1,"fontColor":"#333333","fontFamily":"'Helvetica Neue', Helvetica, Arial, sans-serif","fontSize":24,"marginBottom":5,"marginLeft":5,"marginRight":5,"marginTop":5,"placeholderText":"","styleClass":"","styleClassName":"","styleClassTag":"","toolbarGroups":"","useStyleClass":"true","userText":"<pre>rendering complete</pre>","visible":true,"visibleOnMobile":"","width":400}},"a060491a-a41b-469d-963c-74ecb6beb07b":{"type":"scs-socialbar","id":"scs-socialbar","data":{}},"id-heading":{"type":"scs-inline-text","isInlineComponent":true,"data":{"innerHTML":"Social Bar"}}}}