{"properties":{"title":"","pageLayout":"about.html","mobileLayout":"","pageDescription":"","keywords":"","hideFromSearchEngines":false,"header":"","footer":"","noIndex":false,"noFollow":false,"noArchive":false,"noSnippet":false,"isCobrowseEnabled":false,"overrideWebAnalytics":false,"webAnalyticsScript":null},"slots":{"slot-content":{"components":["ec158efe-5b5b-4cbf-a5aa-d203ea0c1c74","af2d7184-ebfb-4a0e-ae62-ec3d7d3f5416","a401cc0b-f698-480b-af2b-99c3dfc09a3d"],"grid":"<div class=\"scs-row\"><div class=\"scs-col\" style=\"width: 100%;\"><div id=\"ec158efe-5b5b-4cbf-a5aa-d203ea0c1c74\"></div><div id=\"af2d7184-ebfb-4a0e-ae62-ec3d7d3f5416\"></div><div id=\"a401cc0b-f698-480b-af2b-99c3dfc09a3d\"></div></div></div>"},"non-atf-content":{"components":["d609571e-de21-472b-abd4-e6d979688449"],"grid":"<div class=\"scs-row\"><div class=\"scs-col\" style=\"width: 100%;\"><div id=\"d609571e-de21-472b-abd4-e6d979688449\"></div></div></div>"}},"componentInstances":{"ec158efe-5b5b-4cbf-a5aa-d203ea0c1c74":{"type":"scs-gallerygrid","id":"scs-gallerygrid","data":{"alignment":"fill","borderColor":"#808080","borderRadius":0,"borderStyle":"none","borderWidth":1,"columns":2,"imageHeight":300,"imageRatio":"1:1","images":[{"source":"[!--$SCS_CONTENT_URL--]/home-bg-2674360000008569.jpg","contentViewing":"draft","fileName":"home-bg.jpg","title":"home-bg One","altText":"home image","description":"home-bg","link":"http://oracle.com","linkName":"","linkContentViewing":"","target":"_blank","linkType":"scs-link-webpage","linkRendition":"","id":"ec158efe-5b5b-4cbf-a5aa-d203ea0c1c74image-15640830993651","rendition":""},{"source":"[!--$SCS_CONTENT_URL--]/home-bg-2674360000008570.jpg","contentViewing":"draft","fileName":"home-bg.jpg","title":"home-bg Two","altText":"home image","description":"Image Preview","link":"","linkName":"","linkContentViewing":"","linkType":"scs-link-lightbox","linkRendition":"","id":"ec158efe-5b5b-4cbf-a5aa-d203ea0c1c74image-15640831080151","rendition":""},{"source":"[!--$SCS_CONTENT_URL--]/home-bg-2674360000008571.jpg","contentViewing":"draft","fileName":"home-bg.jpg","title":"home-bg Three","altText":"home image","description":"Last","linkName":"","linkContentViewing":"","linkType":"scs-link-no-link","linkRendition":"","id":"ec158efe-5b5b-4cbf-a5aa-d203ea0c1c74image-15640831163981","rendition":""}],"imageSpacing":5,"imageWidth":300,"layout":"columns","marginBottom":5,"marginLeft":5,"marginRight":5,"marginTop":5,"responsive":false,"scaling":"crop","styleClass":"","useLightbox":true,"useStyleClass":"true","visible":true,"visibleOnMobile":"","width":300}},"d609571e-de21-472b-abd4-e6d979688449":{"type":"scs-title","id":"scs-title","data":{"alignment":"fill","backgroundColor":"","borderColor":"#808080","borderRadius":0,"borderStyle":"none","borderWidth":1,"fontColor":"#333333","fontFamily":"'Helvetica Neue', Helvetica, Arial, sans-serif","fontSize":24,"marginBottom":5,"marginLeft":5,"marginRight":5,"marginTop":5,"placeholderText":"","styleClass":"","styleClassName":"","styleClassTag":"","toolbarGroups":"","useStyleClass":"true","userText":"<pre>renderering complete</pre>","visible":true,"visibleOnMobile":"","width":400}},"af2d7184-ebfb-4a0e-ae62-ec3d7d3f5416":{"type":"scs-gallerygrid","id":"scs-gallerygrid","data":{"alignment":"fill","borderColor":"#808080","borderRadius":0,"borderStyle":"none","borderWidth":1,"columns":3,"imageHeight":300,"imageRatio":"1:1","images":[{"source":"[!--$SCS_CONTENT_URL--]/home-bg-1079770000001201.jpg","contentViewing":"draft","fileName":"home-bg.jpg","title":"home-bg Une","altText":"home image","description":"First in French","linkName":"","linkContentViewing":"","linkType":"scs-link-no-link","linkRendition":"","id":"af2d7184-ebfb-4a0e-ae62-ec3d7d3f5416image-15641720701391","rendition":""},{"source":"[!--$SCS_CONTENT_URL--]/home-bg-9044400000003242.jpg","contentViewing":"draft","fileName":"home-bg.jpg","title":"home-bg Deux","description":"Second in French ","linkName":"","linkContentViewing":"","linkType":"scs-link-no-link","linkRendition":"","id":"af2d7184-ebfb-4a0e-ae62-ec3d7d3f5416image-15644353000271","rendition":""}],"imageSpacing":20,"imageWidth":300,"layout":"flowing","marginBottom":5,"marginLeft":5,"marginRight":5,"marginTop":5,"responsive":false,"scaling":"flowing","styleClass":"","useLightbox":true,"useStyleClass":"true","visible":true,"visibleOnMobile":"","width":300}},"a401cc0b-f698-480b-af2b-99c3dfc09a3d":{"type":"scs-gallerygrid","id":"scs-gallerygrid","data":{"alignment":"center","borderColor":"#808080","borderRadius":0,"borderStyle":"none","borderWidth":1,"columns":3,"imageHeight":200,"imageRatio":"1:1","images":[{"source":"[!--$SCS_CONTENT_URL--]/home-bg-9044400000004648.jpg","contentViewing":"draft","fileName":"home-bg.jpg","title":"Map link image","altText":"home image","description":"Map of Cambridge","link":"[!--$SCS_GOOGLE_MAPS--]Cambridge, MA[/!--$SCS_GOOGLE_MAPS--]","linkName":"","linkContentViewing":"","target":"_native_app,_self","linkType":"scs-link-map","linkRendition":"","id":"a401cc0b-f698-480b-af2b-99c3dfc09a3dimage-15645031493521","rendition":""},{"source":"[!--$SCS_CONTENT_URL--]/home-bg-9044400000004649.jpg","contentViewing":"draft","fileName":"home-bg.jpg","title":"Simply image","altText":"image placeholder","description":"Simply image","linkName":"","linkContentViewing":"","linkType":"scs-link-no-link","linkRendition":"","id":"a401cc0b-f698-480b-af2b-99c3dfc09a3dimage-15645032758971","rendition":""}],"imageSpacing":20,"imageWidth":200,"layout":"custom","marginBottom":5,"marginLeft":5,"marginRight":5,"marginTop":5,"responsive":false,"scaling":"crop","styleClass":"scs-image-style-2","useLightbox":false,"useStyleClass":"true","visible":true,"visibleOnMobile":"","width":300}},"id-heading":{"type":"scs-inline-text","isInlineComponent":true,"data":{"innerHTML":"Gallery Grid"}}}}