{"properties":{"title":"","pageLayout":"about.html","mobileLayout":"","pageDescription":"","keywords":"","hideFromSearchEngines":false,"header":"","footer":"","noIndex":false,"noFollow":false,"noArchive":false,"noSnippet":false,"isCobrowseEnabled":false,"overrideWebAnalytics":false,"webAnalyticsScript":null},"slots":{"non-atf-content":{"components":["bd6fe1bb-25f2-497f-a051-db1dc4f64242"],"grid":"<div class=\"scs-row\"><div class=\"scs-col\" style=\"width: 100%;\"><div id=\"bd6fe1bb-25f2-497f-a051-db1dc4f64242\"></div></div></div>"}},"componentInstances":{"bd6fe1bb-25f2-497f-a051-db1dc4f64242":{"type":"scs-title","id":"scs-title","data":{"alignment":"fill","backgroundColor":"","borderColor":"#808080","borderRadius":0,"borderStyle":"none","borderWidth":1,"fontColor":"#333333","fontFamily":"'Helvetica Neue', Helvetica, Arial, sans-serif","fontSize":24,"marginBottom":5,"marginLeft":5,"marginRight":5,"marginTop":5,"placeholderText":"","styleClass":"","styleClassName":"","styleClassTag":"","toolbarGroups":"","useStyleClass":"true","userText":"<pre>rendering complete</pre>","visible":true,"visibleOnMobile":"","width":400}}}}