{"properties":{"title":"","pageLayout":"about.html","mobileLayout":"","pageDescription":"","keywords":"","hideFromSearchEngines":false,"header":"","footer":"","noIndex":false,"noFollow":false,"noArchive":false,"noSnippet":false,"isCobrowseEnabled":false,"overrideWebAnalytics":false,"webAnalyticsScript":null},"slots":{"slot-content":{"components":["c46b122d-978a-429d-aa25-9b5698428f6f","a4a21cef-d9fd-4577-9de0-d0f87c118832","f22ef911-6595-4878-8472-531a978ba7bc"],"grid":"<div class=\"scs-row\"><div class=\"scs-col\" style=\"width: 100%;\"><div id=\"c46b122d-978a-429d-aa25-9b5698428f6f\"></div><div class=\"scs-row scs-inner-row\"><div class=\"scs-col\" style=\"width: 50%;\"><div id=\"f22ef911-6595-4878-8472-531a978ba7bc\"></div></div><div class=\"scs-col\" style=\"width: 50%;\"><div id=\"a4a21cef-d9fd-4577-9de0-d0f87c118832\"></div></div></div></div></div>"},"non-atf-content":{"components":["a65950b1-dd04-4f6e-b35a-693be9fc12e4"],"grid":"<div class=\"scs-row\"><div class=\"scs-col\" style=\"width: 100%;\"><div id=\"a65950b1-dd04-4f6e-b35a-693be9fc12e4\"></div></div></div>"}},"componentInstances":{"id-heading":{"type":"scs-inline-text","isInlineComponent":true,"data":{"innerHTML":"Gallery"}},"a65950b1-dd04-4f6e-b35a-693be9fc12e4":{"type":"scs-title","id":"scs-title","data":{"alignment":"fill","backgroundColor":"","borderColor":"#808080","borderRadius":0,"borderStyle":"none","borderWidth":1,"fontColor":"#333333","fontFamily":"'Helvetica Neue', Helvetica, Arial, sans-serif","fontSize":24,"marginBottom":5,"marginLeft":5,"marginRight":5,"marginTop":5,"placeholderText":"","styleClass":"","styleClassName":"","styleClassTag":"","toolbarGroups":"","useStyleClass":"true","userText":"<pre>rendering complete</pre>","visible":true,"visibleOnMobile":"","width":400}},"c46b122d-978a-429d-aa25-9b5698428f6f":{"type":"scs-gallery","id":"scs-gallery","data":{"alignment":"fill","autoPlay":"false","backgroundColor":"#444444","borderColor":"#808080","borderRadius":0,"borderStyle":"none","borderWidth":1,"displayTime":3,"images":[{"id":"image517610884","source":"[!--$SCS_CONTENT_URL--]/home-bg-2674360000010767.jpg","contentViewing":"draft","title":"Slide 1","altText":"one","fileName":"home-bg.jpg","description":"one","link":"http://www.google.com","linkName":"","linkContentViewing":"","target":"_blank","linkType":"scs-link-webpage","linkRendition":"","rendition":""},{"id":"image475297196","source":"[!--$SCS_CONTENT_URL--]/home-bg-2674360000010768.jpg","contentViewing":"draft","title":"slide 2","altText":"two","fileName":"home-bg.jpg","description":"two","link":"[!--$SCS_PAGE--]424|param1=one&param2=2[/!--$SCS_PAGE--]","linkName":"","linkContentViewing":"","target":"_self","linkType":"scs-link-sitepage","linkRendition":"","rendition":""}],"marginBottom":0,"marginLeft":0,"marginRight":0,"marginTop":0,"scaling":"crop","showCaption":"true","showIndexer":"true","showPrevNext":"true","showThumbnails":"false","styleClass":"","transitionTime":0.5,"useLightbox":false,"useStyleClass":"true","visible":true,"visibleOnMobile":"","width":300}},"a4a21cef-d9fd-4577-9de0-d0f87c118832":{"type":"scs-gallery","id":"scs-gallery","data":{"alignment":"center","autoPlay":"true","backgroundColor":"#444444","borderColor":"#808080","borderRadius":0,"borderStyle":"none","borderWidth":1,"displayTime":3,"images":[{"id":"image403794518","source":"[!--$SCS_CONTENT_URL--]/caroline-3645060000002602.png","contentViewing":"draft","title":"caroline","fileName":"caroline.png","description":"","linkName":"","linkContentViewing":"","linkType":"scs-link-no-link","linkRendition":"","rendition":""},{"id":"image789151233","source":"[!--$SCS_CONTENT_URL--]/Joel-3645060000002603.png","contentViewing":"draft","title":"Joel","fileName":"Joel.png","description":"","linkName":"","linkContentViewing":"","linkType":"scs-link-no-link","linkRendition":"","rendition":""}],"marginBottom":"2","marginLeft":"3","marginRight":"4","marginTop":"1","scaling":"none","showCaption":"true","showIndexer":"false","showPrevNext":"true","showThumbnails":"true","styleClass":"","transitionTime":0.5,"useLightbox":true,"useStyleClass":"true","visible":true,"visibleOnMobile":"","width":"400"}},"f22ef911-6595-4878-8472-531a978ba7bc":{"type":"scs-gallery","id":"scs-gallery","data":{"alignment":"fill","autoPlay":"false","backgroundColor":"#444444","borderColor":"#808080","borderRadius":0,"borderStyle":"none","borderWidth":1,"displayTime":3,"images":[{"id":"image349768808","source":"[!--$SCS_CONTENT_URL--]/caroline-3645060000002604.png","contentViewing":"draft","title":"caroline","altText":"alt text 1","fileName":"caroline.png","description":"description 1","link":"[!--$SCS_GOOGLE_MAPS--]london, uk[/!--$SCS_GOOGLE_MAPS--]","linkName":"","linkContentViewing":"","target":"_blank","linkType":"scs-link-map","linkRendition":"","rendition":""},{"id":"image944481071","source":"[!--$SCS_CONTENT_URL--]/Joel-3645060000002605.png","contentViewing":"draft","title":"Joel","altText":"alt text 2","fileName":"Joel.png","description":"desription 2","link":"[!--$SCS_PAGE--]424|param1=one&param2=two[/!--$SCS_PAGE--]","linkName":"","linkContentViewing":"","target":"_self","linkType":"scs-link-sitepage","linkRendition":"","rendition":""}],"marginBottom":0,"marginLeft":0,"marginRight":0,"marginTop":0,"scaling":"crop","showCaption":"true","showIndexer":"true","showPrevNext":"true","showThumbnails":"false","styleClass":"","transitionTime":0.5,"useLightbox":false,"useStyleClass":"true","visible":true,"visibleOnMobile":"","width":300}}}}