{"properties":{"title":"","pageLayout":"about.html","mobileLayout":"","pageDescription":"","keywords":"","hideFromSearchEngines":false,"header":"","footer":"","noIndex":false,"noFollow":false,"noArchive":false,"noSnippet":false,"isCobrowseEnabled":false,"overrideWebAnalytics":false,"webAnalyticsScript":null},"slots":{"slot-content":{"components":["b77e491c-edcb-4db0-807e-816fea28df04","b40785d4-1ce3-46bb-90fd-05e69db63a51"],"grid":"<div class=\"scs-row\"><div class=\"scs-col\" style=\"width: 100%;\"><div id=\"b77e491c-edcb-4db0-807e-816fea28df04\"></div><div id=\"b40785d4-1ce3-46bb-90fd-05e69db63a51\"></div></div></div>"},"non-atf-content":{"components":["ed6bd905-08a0-4ba8-8649-4c52c7010337"],"grid":"<div class=\"scs-row\"><div class=\"scs-col\" style=\"width: 100%;\"><div id=\"ed6bd905-08a0-4ba8-8649-4c52c7010337\"></div></div></div>"}},"componentInstances":{"b77e491c-edcb-4db0-807e-816fea28df04":{"type":"scs-document","id":"scs-document","data":{"alignment":"fill","aspectRatio":"auto","backgroundColor":"#444444","borderColor":"#808080","borderRadius":0,"borderStyle":"none","borderWidth":1,"documentRatio":1.2941176470588236,"documentTitle":"SitesCloud SVN to Git.docx","documentUrl":"[!--$SCS_CONTENT_URL--]/SitesCloud SVN to Git-5116860000003083.docx","images":[{"title":"SitesCloud SVN to Git.docx","source":1,"altText":"SitesCloud SVN to Git.docx 1"},{"title":"SitesCloud SVN to Git.docx","source":2,"altText":"SitesCloud SVN to Git.docx 2"},{"title":"SitesCloud SVN to Git.docx","source":3,"altText":"SitesCloud SVN to Git.docx 3"}],"marginBottom":5,"marginLeft":5,"marginRight":5,"marginTop":5,"scaling":"fitPage","showIndexer":"false","showPages":"false","showPrevNext":"true","showThumbnails":"true","styleClass":"","useLightbox":false,"filePreviewShowDownload":"","useStyleClass":"true","visible":true,"visibleOnMobile":"","width":300}},"ed6bd905-08a0-4ba8-8649-4c52c7010337":{"type":"scs-title","id":"scs-title","data":{"alignment":"fill","backgroundColor":"","borderColor":"#808080","borderRadius":0,"borderStyle":"none","borderWidth":1,"fontColor":"#333333","fontFamily":"'Helvetica Neue', Helvetica, Arial, sans-serif","fontSize":24,"marginBottom":5,"marginLeft":5,"marginRight":5,"marginTop":5,"placeholderText":"","styleClass":"","styleClassName":"","styleClassTag":"","toolbarGroups":"","useStyleClass":"true","userText":"<pre>rendering complete</pre>","visible":true,"visibleOnMobile":"","width":400}},"id-heading":{"type":"scs-inline-text","isInlineComponent":true,"data":{"innerHTML":"Document"}},"b40785d4-1ce3-46bb-90fd-05e69db63a51":{"type":"scs-document","id":"scs-document","data":{"alignment":"center","aspectRatio":"8.5:11","backgroundColor":"#ee82ee","borderColor":"#808080","borderRadius":13,"borderStyle":"solid","borderWidth":6,"documentRatio":1.2941176470588236,"documentTitle":"My Caption","documentUrl":"[!--$SCS_CONTENT_URL--]/SitesCloud SVN to Git-3645060000002687.docx","images":[{"title":"My Caption","source":1,"altText":"SitesCloud SVN to Git.docx 1"},{"title":"My Caption","source":2,"altText":"SitesCloud SVN to Git.docx 2"},{"title":"My Caption","source":3,"altText":"SitesCloud SVN to Git.docx 3"}],"marginBottom":"2","marginLeft":"3","marginRight":"4","marginTop":"1","scaling":"fitWidth","showIndexer":"true","showPages":"true","showPrevNext":"false","showThumbnails":"false","styleClass":"","useLightbox":true,"filePreviewShowDownload":true,"useStyleClass":"false","visible":true,"visibleOnMobile":"","width":"400"}}}}