[{"type":"Starter-Blog-Author","categoryList":[{"categoryName":"Summary","layoutName":"Starter-Blog-Author-Summary"}]},{"type":"Starter-Blog-Post","categoryList":[{"categoryName":"Header","layoutName":"Starter-Blog-Post-Header"},{"categoryName":"Content","layoutName":"Starter-Blog-Post-Content"},{"categoryName":"Search","layoutName":"Starter-Blog-Post-Search-Result"},{"categoryName":"Summary","layoutName":"Starter-Blog-Post-Summary"},{"categoryName":"Sidebar","layoutName":"Starter-Blog-Post-Sidebar"}]}]