{
    "id": "NavMenu-component",
    "settingsData": {
		"settingsHeight": 26,        
        "settingsRenderOption": "none",
        "componentLayouts": [],
        "actions": []        
    },
    "initialData": {
        "componentId": "navMenu",
        "componentName": "Navigation Menu Component",
        "componentLayout": "default",
        "marginBottom": 0,
        "marginLeft": 0,
        "marginRight": 0,
        "marginTop": 0,
        "customSettingsData": {},
        "nestedComponents": []
    }
}