{"id":"CORE421222EE3E1A4066BE930836D04EBAE4","type":"Starter_Blog_Author","name":"Kelly Emerson","description":null,"slug":"starterblog-1481786063049-kelly-emerson","language":"en-US","translatable":true,"createdBy":"swebcli.SitesAdmin1.admin","createdDate":{"value":"2018-08-29T17:16:45.057Z","timezone":"UTC"},"updatedBy":"swebcli.SitesAdmin1.admin","updatedDate":{"value":"2018-08-29T17:16:46.435Z","timezone":"UTC"},"fields":{"starter-blog-author_bio":"Lorem ipsum dolor sit amet consectetur adipiscing elit eget lectus netus, vestibulum eu praesent pulvinar nisl nisi augue commodo ac blandit, faucibus platea nibh duis odio porttitor aliquam fermentum ullamcorper. Imperdiet sociosqu aliquam massa pretium mus parturient suscipit lorem eu mi, adipiscing accumsan id curabitur eros semper conubia ullamcorper sapien, turpis ultrices blandit tempus velit etiam gravida natoque platea.","starter-blog-author_name":"Kelly Emerson","starter-blog-author_avatar":{"id":"CONT707FBFD7D0314B6E9DFD84EAF13BFB3A","type":"DigitalAsset"}},"links":null,"repositoryId":"FBD1AE084FD599ACECF449D44B8F66C0A3B7C5DF0706","externalFile":{"folderId":"F16233C5A660F298F78B40EB0B38796B30F0F9C55A97","fileId":"D3E798A38DE3AC883384EE6AD202DF39A1B8705EF6B5","version":"1"}}