{"id":"CORE8B870F2AC6FB4BB895FBE061311D1148","type":"Starter_Blog_Author","name":"Samantha Howard","description":null,"slug":"starterblog-1481786063043-samantha-howard","language":"en-US","translatable":true,"createdBy":"swebcli.SitesAdmin1.admin","createdDate":{"value":"2018-08-29T17:16:44.481Z","timezone":"UTC"},"updatedBy":"swebcli.SitesAdmin1.admin","updatedDate":{"value":"2018-08-29T17:16:50.122Z","timezone":"UTC"},"fields":{"starter-blog-author_bio":"Lorem ipsum dolor sit amet consectetur adipiscing elit fringilla scelerisque nibh, turpis suspendisse nec ad inceptos blandit luctus quisque sed. Phasellus scelerisque habitant nascetur aenean penatibus a vestibulum varius rhoncus, senectus adipiscing diam primis ex at eget turpis, hendrerit ridiculus non sem pulvinar suspendisse fermentum nam.","starter-blog-author_name":"Samantha Howard","starter-blog-author_avatar":{"id":"CONTD6247A8379B44CFB87A31FAF97E4F783","type":"DigitalAsset"}},"links":null,"repositoryId":"FBD1AE084FD599ACECF449D44B8F66C0A3B7C5DF0706","externalFile":{"folderId":"F16233C5A660F298F78B40EB0B38796B30F0F9C55A97","fileId":"D244C35A5B276D2E3EDC57423D0DE12D8FBF7DB713C3","version":"1"}}