{"id":"COREAF070E35B0E543F19EFE97591A6386E2","type":"Starter_Blog_Author","name":"Jerrold Summers","description":null,"slug":"starterblog-1481786063047-jerrold-summers","language":"en-US","translatable":true,"createdBy":"swebcli.SitesAdmin1.admin","createdDate":{"value":"2018-08-29T17:16:45.155Z","timezone":"UTC"},"updatedBy":"swebcli.SitesAdmin1.admin","updatedDate":{"value":"2018-08-29T17:16:45.367Z","timezone":"UTC"},"fields":{"starter-blog-author_bio":"Lorem ipsum dolor sit amet consectetur adipiscing elit, sapien imperdiet nunc orci urna penatibus interdum magnis, fermentum conubia magna congue auctor nam. Hendrerit tempus condimentum potenti urna primis imperdiet fermentum conubia taciti, est mus torquent per class lorem maximus rhoncus a habitant, quisque suscipit justo morbi pellentesque magna sociosqu quam.","starter-blog-author_name":"Jerrold Summers","starter-blog-author_avatar":{"id":"CONT88AF5641FDD048849109D5E215DA55E6","type":"DigitalAsset"}},"links":null,"repositoryId":"FBD1AE084FD599ACECF449D44B8F66C0A3B7C5DF0706","externalFile":{"folderId":"F16233C5A660F298F78B40EB0B38796B30F0F9C55A97","fileId":"DD1A5D1AB02ECECC2DBC8D7D815398D56A25D1BCBC94","version":"1"}}