{"id":"CORED4416D976BDD40D388684237AE72BC8C","type":"Starter_Blog_Author","name":"Alex Read","description":null,"slug":"starterblog-1481786063050-alex-read","language":"en-US","translatable":true,"createdBy":"swebcli.SitesAdmin1.admin","createdDate":{"value":"2018-08-29T17:16:44.417Z","timezone":"UTC"},"updatedBy":"swebcli.SitesAdmin1.admin","updatedDate":{"value":"2018-08-29T17:16:50.445Z","timezone":"UTC"},"fields":{"starter-blog-author_bio":"Lorem ipsum dolor sit amet consectetur adipiscing elit phasellus proin magna, accumsan lectus augue mattis pretium dignissim ut condimentum. Mattis consectetur litora fames adipiscing a class condimentum, vehicula cras lacinia magna mauris egestas, rutrum faucibus elementum auctor commodo odio.","starter-blog-author_name":"Alex Read","starter-blog-author_avatar":{"id":"CONT416CC571EA814323A00454ACE1F466CB","type":"DigitalAsset"}},"links":null,"repositoryId":"FBD1AE084FD599ACECF449D44B8F66C0A3B7C5DF0706","externalFile":{"folderId":"F16233C5A660F298F78B40EB0B38796B30F0F9C55A97","fileId":"DD8D42BA83A2FD03C16174B6BDC37016F4475E3ED300","version":"1"}}