<?xml version="1.0" encoding="UTF-8" ?>
<rss version="2.0">
 <channel>
  <title>{{title}}</title>
  <description>{{description}}</description>
  {{#RSSDefinition.language}}<language>{{.}}</language>{{/RSSDefinition.language}}
  <link>{{{url}}}</link>
  <lastBuildDate>{{lastBuildDate}}</lastBuildDate>
  <pubDate>{{pubDate}}</pubDate>
  {{#ttl}}<ttl>{{.}}</ttl>{{/ttl}}
 
  {{#items}}
 
   <item>
    <title>{{name}}</title>
    <description>{{description}}</description>
    <link>{{{detailLink}}}</link>
    <guid isPermaLink="false">{{id}}</guid>
    <pubDate>{{pubDate}}</pubDate>

   </item>
 
  {{/items}}
 
 </channel>
</rss>
