{
  "properties": {
    "title": null,
    "pageLayout": "index.html",
    "pageDescription": null,
    "keywords": null,
    "hideFromSearchEngines": false,
    "header": "",
    "footer": "",
    "noIndex": false,
    "noFollow": false,
    "noArchive": false,
    "noSnippet": false
  },
  "slots": {
    "slot-content": {
      "components": [
        "81e3252e-0bc8-4d6f-a8f7-00c4a392ddb8",
        "5a5dd154-e7cd-4d36-a2ee-8e1bd1cdce9a"
      ],
      "grid": "<div class=\"scs-row\"><div class=\"scs-col\" style=\"width: 100%;\"><div id=\"81e3252e-0bc8-4d6f-a8f7-00c4a392ddb8\"><\/div><div id=\"5a5dd154-e7cd-4d36-a2ee-8e1bd1cdce9a\"><\/div><\/div><\/div>"
    }
  },
  "componentInstances": {
    "81e3252e-0bc8-4d6f-a8f7-00c4a392ddb8": {
      "type": "scs-title",
      "id": "scs-title",
      "data": {
        "alignment": "fill",
        "backgroundColor": "",
        "borderColor": "#808080",
        "borderRadius": 0,
        "borderStyle": "none",
        "borderWidth": 1,
        "fontColor": "#333333",
        "fontFamily": "'Helvetica Neue', Helvetica, Arial, sans-serif",
        "fontSize": 24,
        "innerHTML": "<div><!-- ko if: visible --><div class=\"scs-title  scs-component scs-title-default-style\" style=\"margin-top:5px;margin-right:5px;margin-bottom:5px;margin-left:5px;\"><div class=\"scs-component-content\" style=\"text-align:left;width:100%;\"><div class=\"scs-title-text\" style=\"\"><div>Welcome!<\/div><\/div><\/div><\/div><!-- \/ko --><\/div>",
        "marginBottom": 5,
        "marginLeft": 5,
        "marginRight": 5,
        "marginTop": 5,
        "placeholderText": "",
        "styleClass": "",
        "styleClassName": "",
        "styleClassTag": "",
        "toolbarGroups": "",
        "useStyleClass": "true",
        "userText": "<div>Welcome!<\/div>",
        "visible": true,
        "width": 400
      }
    },
    "5a5dd154-e7cd-4d36-a2ee-8e1bd1cdce9a": {
      "type": "scs-paragraph",
      "id": "scs-paragraph",
      "data": {
        "alignment": "fill",
        "backgroundColor": "",
        "borderColor": "#808080",
        "borderRadius": 0,
        "borderStyle": "none",
        "borderWidth": 1,
        "fontColor": "#333333",
        "fontFamily": "'Helvetica Neue', Helvetica, Arial, sans-serif",
        "fontSize": 16,
        "innerHTML": "<div><!-- ko if: visible --><div class=\"scs-paragraph  scs-component scs-paragraph-default-style\" style=\"margin-top:5px;margin-right:5px;margin-bottom:5px;margin-left:5px;\"><div class=\"scs-component-content\" style=\"text-align:left;width:100%;\"><div class=\"scs-paragraph-text\" style=\"\"><div>The starter template provides simplified versions of a theme, site navigation, and a default site so you can more easily modify it to create your own template.<\/div><div>&nbsp;<\/div><div>Explore the pages in this site to learn more about developing the different parts of a template. To view a particular page:<\/div><ul><li>Use the site navigation at the top of each page to go to a selected page.<\/li><li>Click <strong>Edit <\/strong>and then click the <strong>Pages <\/strong>icon in the left panel to use the site tree to go to a selected page.<\/li><\/ul><div>To remove the documentation pages from this site, click the Developing Templates page in the site tree in the left panel and click the <strong>Delete <\/strong>icon. The Developing Templates page and all nested pages are deleted.<\/div><div>&nbsp;<\/div><div>For more information about developing templates, see <a linktype=\"scs-link-sitepage\" target=\"_self\" href=\"[!--$SCS_PAGE--]100[\/!--$SCS_PAGE--]\">Developing Templates<\/a>.<\/div><\/div><\/div><\/div><!-- \/ko --><\/div>",
        "marginBottom": 5,
        "marginLeft": 5,
        "marginRight": 5,
        "marginTop": 5,
        "placeholderText": "",
        "styleClass": "",
        "styleClassName": "",
        "styleClassTag": "",
        "toolbarGroups": "",
        "useStyleClass": "true",
        "userText": "<div>The starter template provides simplified versions of a theme, site navigation, and a default site so you can more easily modify it to create your own template.<\/div><div>&nbsp;<\/div><div>Explore the pages in this site to learn more about developing the different parts of a template. To view a particular page:<\/div><ul><li>Use the site navigation at the top of each page to go to a selected page.<\/li><li>Click <strong>Edit <\/strong>and then click the <strong>Pages <\/strong>icon in the left panel to use the site tree to go to a selected page.<\/li><\/ul><div>To remove the documentation pages from this site, click the Developing Templates page in the site tree in the left panel and click the <strong>Delete <\/strong>icon. The Developing Templates page and all nested pages are deleted.<\/div><div>&nbsp;<\/div><div>For more information about developing templates, see <a linktype=\"scs-link-sitepage\" target=\"_self\" href=\"[!--$SCS_PAGE--]100[\/!--$SCS_PAGE--]\">Developing Templates<\/a>.<\/div>",
        "visible": true,
        "width": 400
      }
    }
  }
}