{
  "properties": {
    "title": "",
    "pageLayout": "index.html",
    "pageDescription": "",
    "keywords": "",
    "hideFromSearchEngines": false,
    "header": "",
    "footer": "",
    "noIndex": false,
    "noFollow": false,
    "noArchive": false,
    "noSnippet": false
  },
  "slots": {
    "slot-content": {
      "components": [
        "6c035fd8-0512-4151-b788-78e6d7d5b5dc",
        "41da0775-1802-4fd5-ab9c-5704f827042f"
      ],
      "grid": "<div class=\"scs-row\"><div style=\"width: 100%;\" class=\"scs-col\"><div id=\"6c035fd8-0512-4151-b788-78e6d7d5b5dc\"><\/div><div id=\"41da0775-1802-4fd5-ab9c-5704f827042f\"><\/div><\/div><\/div>"
    }
  },
  "componentInstances": {
    "41da0775-1802-4fd5-ab9c-5704f827042f": {
      "type": "scs-paragraph",
      "id": "scs-paragraph",
      "data": {
        "alignment": "fill",
        "backgroundColor": "",
        "borderColor": "#808080",
        "borderRadius": 0,
        "borderStyle": "none",
        "borderWidth": 1,
        "fontColor": "#333333",
        "fontFamily": "'Helvetica Neue', Helvetica, Arial, sans-serif",
        "fontSize": 16,
        "innerHTML": "<div><!-- ko if: visible --><div class=\"scs-paragraph  scs-component scs-paragraph-default-style\" style=\"margin-top:5px;margin-right:5px;margin-bottom:5px;margin-left:5px;\"><div class=\"scs-component-content\" style=\"text-align:left;width:100%;\"><div class=\"scs-paragraph-text\" style=\"\"><div>The starter template includes a basic navigation menu. At the top of each page, the list of pages in the site is shown as a bulleted list with nested levels that match the hierarchy of pages in the site.&nbsp; When you add a page to the site, it is automatically added to the navigation menu.<\/div><div>&nbsp;<\/div><div>The starter template uses a simple list, but you can use the same coding technique to produce other types of dynamic navigation menus.<\/div><div>&nbsp;<\/div><div>For more information about navigation menus, see <a target=\"_blank\" linktype=\"scs-link-webpage\" href=\"http:\/\/www.oracle.com\/pls\/topic\/lookup?ctx=cloud&amp;id=CECSD-GUID-0D633DFA-5B6B-46A5-8021-E2DBFB50D056\">Site Navigation<\/a> in <em>Developing for Oracle Content and Experience Cloud<\/em>.<\/div><\/div><\/div><\/div><!-- \/ko --><\/div>",
        "marginBottom": 5,
        "marginLeft": 5,
        "marginRight": 5,
        "marginTop": 5,
        "placeholderText": "",
        "styleClass": "",
        "styleClassName": "",
        "styleClassTag": "",
        "toolbarGroups": "",
        "useStyleClass": "true",
        "userText": "<div>The starter template includes a basic navigation menu. At the top of each page, the list of pages in the site is shown as a bulleted list with nested levels that match the hierarchy of pages in the site.&nbsp; When you add a page to the site, it is automatically added to the navigation menu.<\/div><div>&nbsp;<\/div><div>The starter template uses a simple list, but you can use the same coding technique to produce other types of dynamic navigation menus.<\/div><div>&nbsp;<\/div><div>For more information about navigation menus, see <a target=\"_blank\" linktype=\"scs-link-webpage\" href=\"http:\/\/www.oracle.com\/pls\/topic\/lookup?ctx=cloud&amp;id=CECSD-GUID-0D633DFA-5B6B-46A5-8021-E2DBFB50D056\">Site Navigation<\/a> in <em>Developing for Oracle Content and Experience Cloud<\/em>.<\/div>",
        "visible": true,
        "width": 400
      }
    },
    "6c035fd8-0512-4151-b788-78e6d7d5b5dc": {
      "type": "scs-title",
      "id": "scs-title",
      "data": {
        "alignment": "fill",
        "backgroundColor": "",
        "borderColor": "#808080",
        "borderRadius": 0,
        "borderStyle": "none",
        "borderWidth": 1,
        "fontColor": "#333333",
        "fontFamily": "'Helvetica Neue', Helvetica, Arial, sans-serif",
        "fontSize": 24,
        "innerHTML": "<div><!-- ko if: visible --><div class=\"scs-title  scs-component scs-title-default-style\" style=\"margin-top:5px;margin-right:5px;margin-bottom:5px;margin-left:5px;\"><div class=\"scs-component-content\" style=\"text-align:left;width:100%;\"><div class=\"scs-title-text\" style=\"\"><div>Navigation<\/div><\/div><\/div><\/div><!-- \/ko --><\/div>",
        "marginBottom": 5,
        "marginLeft": 5,
        "marginRight": 5,
        "marginTop": 5,
        "placeholderText": "",
        "styleClass": "",
        "styleClassName": "",
        "styleClassTag": "",
        "toolbarGroups": "",
        "useStyleClass": "true",
        "userText": "<div>Navigation<\/div>",
        "visible": true,
        "width": 400
      }
    }
  }
}