{
  "properties": {
    "title": "",
    "pageLayout": "index.html",
    "pageDescription": "",
    "keywords": "",
    "hideFromSearchEngines": false,
    "header": "",
    "footer": "",
    "noIndex": false,
    "noFollow": false,
    "noArchive": false,
    "noSnippet": false
  },
  "slots": {
    "slot-content": {
      "components": [
        "388fa164-d78b-48cd-9029-111dfe562ad9",
        "7239dca6-e70e-4115-9ede-a890426d1fca",
        "f341b598-d8d1-4547-90d8-b456f3c4a30d"
      ],
      "grid": "<div class=\"scs-row\"><div class=\"scs-col\" style=\"width: 100%;\"><div id=\"388fa164-d78b-48cd-9029-111dfe562ad9\"><\/div><div id=\"f341b598-d8d1-4547-90d8-b456f3c4a30d\"><\/div><div id=\"7239dca6-e70e-4115-9ede-a890426d1fca\"><\/div><\/div><\/div>"
    }
  },
  "componentInstances": {
    "388fa164-d78b-48cd-9029-111dfe562ad9": {
      "type": "scs-title",
      "id": "scs-title",
      "data": {
        "alignment": "fill",
        "backgroundColor": "",
        "borderColor": "#808080",
        "borderRadius": 0,
        "borderStyle": "none",
        "borderWidth": 1,
        "fontColor": "#333333",
        "fontFamily": "'Helvetica Neue', Helvetica, Arial, sans-serif",
        "fontSize": 24,
        "innerHTML": "<div><!-- ko if: visible --><div class=\"scs-title  scs-component scs-title-default-style\" style=\"margin-top:5px;margin-right:5px;margin-bottom:5px;margin-left:5px;\"><div class=\"scs-component-content\" style=\"text-align:left;width:100%;\"><div class=\"scs-title-text\" style=\"\"><div>Components<\/div><\/div><\/div><\/div><!-- \/ko --><\/div>",
        "marginBottom": 5,
        "marginLeft": 5,
        "marginRight": 5,
        "marginTop": 5,
        "placeholderText": "",
        "styleClass": "",
        "styleClassName": "",
        "styleClassTag": "",
        "toolbarGroups": "",
        "useStyleClass": "true",
        "userText": "<div>Components<\/div>",
        "visible": true,
        "width": 400
      }
    },
    "f341b598-d8d1-4547-90d8-b456f3c4a30d": {
      "type": "scs-paragraph",
      "id": "scs-paragraph",
      "data": {
        "alignment": "fill",
        "backgroundColor": "",
        "borderColor": "#808080",
        "borderRadius": 0,
        "borderStyle": "none",
        "borderWidth": 1,
        "fontColor": "#333333",
        "fontFamily": "'Helvetica Neue', Helvetica, Arial, sans-serif",
        "fontSize": 16,
        "innerHTML": "<div><!-- ko if: visible --><div class=\"scs-paragraph  scs-component scs-paragraph-default-style\" style=\"margin-top:5px;margin-right:5px;margin-bottom:5px;margin-left:5px;\"><div class=\"scs-component-content\" style=\"text-align:left;width:100%;\"><div class=\"scs-paragraph-text\" style=\"\"><div>Components are the individual parts of a page, including titles, paragraphs, images and so. In addition to the wide range of components provided, you can create your own components. There are three types of custom components:<\/div><div><span name=\"OracleReview\" id=\"31\" class=\"segment\"><\/span><div><ul><li><span name=\"OracleReview\" id=\"33\" class=\"segment\"><strong>Local component<\/strong>: All dependencies are expected to be local.<\/span><\/li><li><span name=\"OracleReview\" id=\"35\" class=\"segment\"><strong>Local component rendered in an inline frame<\/strong>: Component is served from the same domain as Oracle Sites Cloud Service.<\/span><\/li><li><span name=\"OracleReview\" id=\"37\" class=\"segment\"><strong>Remote component<\/strong>: Component is served from remote location.<\/span><\/li><\/ul><p><span name=\"OracleReview\" id=\"11\" class=\"segment\">When you create a local component through the product interface, you are given a fully-functional sample component that you use as a basis for creating your own component. <span name=\"OracleReview\" id=\"44\" class=\"segment\">You can explore the folders and files that make up the component by clicking the component name in the list of components in the component manager. The sample component is shown below.<\/span><\/span><\/p><p>For more information about developing components, see <a target=\"_blank\" linktype=\"scs-link-webpage\" href=\"http:\/\/www.oracle.com\/pls\/topic\/lookup?ctx=cloud&amp;id=CECSD-GUID-120936B2-950A-4C69-A0CE-20A87350D25A\">Developing Components<\/a> in <em>Developing for Oracle Content and Experience Cloud<\/em>.<\/p><\/div><\/div><\/div><\/div><\/div><!-- \/ko --><\/div>",
        "marginBottom": 5,
        "marginLeft": 5,
        "marginRight": 5,
        "marginTop": 5,
        "placeholderText": "",
        "styleClass": "",
        "styleClassName": "",
        "styleClassTag": "",
        "toolbarGroups": "",
        "useStyleClass": "true",
        "userText": "<div>Components are the individual parts of a page, including titles, paragraphs, images and so. In addition to the wide range of components provided, you can create your own components. There are three types of custom components:<\/div><div><span name=\"OracleReview\" id=\"31\" class=\"segment\"><\/span><div><ul><li><span name=\"OracleReview\" id=\"33\" class=\"segment\"><strong>Local component<\/strong>: All dependencies are expected to be local.<\/span><\/li><li><span name=\"OracleReview\" id=\"35\" class=\"segment\"><strong>Local component rendered in an inline frame<\/strong>: Component is served from the same domain as Oracle Sites Cloud Service.<\/span><\/li><li><span name=\"OracleReview\" id=\"37\" class=\"segment\"><strong>Remote component<\/strong>: Component is served from remote location.<\/span><\/li><\/ul><p><span name=\"OracleReview\" id=\"11\" class=\"segment\">When you create a local component through the product interface, you are given a fully-functional sample component that you use as a basis for creating your own component. <span name=\"OracleReview\" id=\"44\" class=\"segment\">You can explore the folders and files that make up the component by clicking the component name in the list of components in the component manager. The sample component is shown below.<\/span><\/span><\/p><p>For more information about developing components, see <a target=\"_blank\" linktype=\"scs-link-webpage\" href=\"http:\/\/www.oracle.com\/pls\/topic\/lookup?ctx=cloud&amp;id=CECSD-GUID-120936B2-950A-4C69-A0CE-20A87350D25A\">Developing Components<\/a> in <em>Developing for Oracle Content and Experience Cloud<\/em>.<\/p><\/div><\/div>",
        "visible": true,
        "width": 400
      }
    },
    "7239dca6-e70e-4115-9ede-a890426d1fca": {
      "type": "scs-component",
      "id": "StarterComponent",
      "data": {
        "actions": "",
        "alignment": "fill",
        "assets": "",
        "borderColor": "#808080",
        "borderRadius": 0,
        "borderStyle": "none",
        "borderWidth": 1,
        "componentId": "sampleComp",
        "componentName": "StarterComponent",
        "componentFactory": "",
        "componentLayout": "default",
        "contentId": "",
        "contentLayoutCategory": "",
        "contentReplaceable": false,
        "contentType": "",
        "contentViewing": "draft",
        "customSettingsData": {
          "width": "260px"
        },
        "componentConfig": {
          "id": "sample-component",
          "settingsData": {
            "settingsHeight": 90,
            "settingsWidth": 300,
            "settingsRenderOption": "dialog",
            "componentLayouts": [
              {
                "name": "default",
                "displayName": "IMAGE_LEFT_LAYOUT"
              },
              {
                "name": "right",
                "displayName": "IMAGE_RIGHT_LAYOUT"
              },
              {
                "name": "top",
                "displayName": "IMAGE_TOP_LAYOUT"
              }
            ],
            "triggers": [
              {
                "triggerName": "imageClicked",
                "triggerDescription": "Image clicked",
                "triggerPayload": [
                  {
                    "name": "payloadData",
                    "displayName": "Trigger Payload Data"
                  }
                ]
              }
            ],
            "actions": [
              {
                "actionName": "setImageWidth",
                "actionDescription": "Update the image width",
                "actionPayload": [
                  {
                    "name": "imageWidth",
                    "description": "Image Width in pixels",
                    "type": {
                      "ojComponent": {
                        "component": "ojInputText"
                      }
                    },
                    "value": ""
                  }
                ]
              }
            ]
          },
          "initialData": {
            "componentId": "sampleComp",
            "componentLayout": "default",
            "customSettingsData": {
              "width": "260px"
            },
            "nestedComponents": [
              {
                "id": "imageId",
                "type": "scs-image",
                "data": {
                  "imageUrl": "[!--$SCS_DIST_FOLDER--]\/renderer\/app\/sdk\/images\/sample-image.png",
                  "marginBottom": 0,
                  "marginLeft": 0,
                  "marginRight": 20,
                  "marginTop": 0
                }
              },
              {
                "id": "titleId",
                "type": "scs-title",
                "data": {
                  "userText": "<div>Local Component<\/div>",
                  "fontColor": "#000000",
                  "fontFamily": "'Helvetica Neue Light', Helvetica, Arial, sans-serif",
                  "fontSize": 20,
                  "marginBottom": 14,
                  "marginLeft": 0,
                  "marginRight": 0,
                  "marginTop": 0,
                  "useStyleClass": "false"
                }
              },
              {
                "id": "paragraphId",
                "type": "scs-paragraph",
                "data": {
                  "userText": "<p style=\"line-height:1.4em;margin-bottom:4px;\">As a page author, you can edit the content and settings for this component. To change settings, including triggers and actions, click the component menu and choose Settings.<\/p><p style=\"line-height:1.4em;\">As a component developer, you can change the component and its defaults (such as this text) either by working with the files directly through the components browser or by using the desktop app to work with the files on your local system.<\/p><p><a target=\"_blank\" linktype=\"scs-link-webpage\" href=\"http:\/\/www.oracle.com\/pls\/topic\/lookup?ctx=cloud&amp;id=CECSD-GUID-120936B2-950A-4C69-A0CE-20A87350D25A\" style=\"text-decoration:none\"><span style=\"color: #145FAB\">More...<\/span><\/a><\/p>",
                  "fontColor": "#333333",
                  "fontFamily": "'Helvetica Neue Regular', Helvetica, Arial, sans-serif",
                  "fontSize": 14,
                  "marginBottom": 10,
                  "marginLeft": 0,
                  "marginRight": 0,
                  "marginTop": 0,
                  "useStyleClass": "false"
                }
              }
            ]
          }
        },
        "description": "",
        "height": "",
        "initialized": true,
        "isCaaSLayout": false,
        "linkType": "scs-link-action",
        "marginBottom": 5,
        "marginLeft": 5,
        "marginRight": 5,
        "marginTop": 5,
        "nestedComponents": [
          {
            "id": "imageId",
            "type": "scs-image",
            "data": {
              "imageUrl": "[!--$SCS_DIST_FOLDER--]\/renderer\/app\/sdk\/images\/sample-image.png",
              "marginBottom": 0,
              "marginLeft": 0,
              "marginRight": 20,
              "marginTop": 0
            }
          },
          {
            "id": "titleId",
            "type": "scs-title",
            "data": {
              "alignment": "fill",
              "backgroundColor": "",
              "borderColor": "#808080",
              "borderRadius": 0,
              "borderStyle": "none",
              "borderWidth": 1,
              "fontColor": "#000000",
              "fontFamily": "'Helvetica Neue Light', Helvetica, Arial, sans-serif",
              "fontSize": 20,
              "innerHTML": "<div><!-- ko if: visible --><div class=\"scs-title  scs-component\" style=\"margin-top:0px;margin-right:0px;margin-bottom:14px;margin-left:0px;\"><div class=\"scs-component-content\" style=\"text-align:left;width:100%;\"><div class=\"scs-title-text\" style=\"font-size:20px;font-family:'Helvetica Neue Light', Helvetica, Arial, sans-serif;background-color:;color:#000000;border-radius:0px;\"><div>Local Component<\/div><\/div><\/div><\/div><!-- \/ko --><\/div>",
              "marginBottom": 14,
              "marginLeft": 0,
              "marginRight": 0,
              "marginTop": 0,
              "placeholderText": "",
              "styleClass": "",
              "styleClassName": "",
              "styleClassTag": "",
              "toolbarGroups": "",
              "useStyleClass": "false",
              "userText": "<div>Local Component<\/div>",
              "visible": true,
              "width": 400
            }
          },
          {
            "id": "paragraphId",
            "type": "scs-paragraph",
            "data": {
              "alignment": "fill",
              "backgroundColor": "",
              "borderColor": "#808080",
              "borderRadius": 0,
              "borderStyle": "none",
              "borderWidth": 1,
              "fontColor": "#333333",
              "fontFamily": "'Helvetica Neue Regular', Helvetica, Arial, sans-serif",
              "fontSize": 14,
              "innerHTML": "<div><!-- ko if: visible --><div class=\"scs-paragraph  scs-component\" style=\"margin-top:0px;margin-right:0px;margin-bottom:10px;margin-left:0px;\"><div class=\"scs-component-content\" style=\"text-align:left;width:100%;\"><div class=\"scs-paragraph-text\" style=\"font-size:14px;font-family:'Helvetica Neue Regular', Helvetica, Arial, sans-serif;background-color:;color:#333333;border-radius:0px;\"><p style=\"line-height:1.4em;margin-bottom:4px;\">As a page author, you can edit the content and settings for this component. To change settings, including triggers and actions, click the component menu and choose Settings.<\/p><p style=\"line-height:1.4em;\">As a component developer, you can change the component and its defaults (such as this text) either by working with the files directly through the components browser or by using the desktop app to work with the files on your local system.<\/p><p><a linktype=\"scs-link-webpage\" target=\"_blank\" href=\"http:\/\/www.oracle.com\/pls\/topic\/lookup?ctx=cloud&amp;id=CECSD-GUID-120936B2-950A-4C69-A0CE-20A87350D25A\"><span style=\"color:#145FAB\">More...<\/span><\/a><\/p><\/div><\/div><\/div><!-- \/ko --><\/div>",
              "marginBottom": 10,
              "marginLeft": 0,
              "marginRight": 0,
              "marginTop": 0,
              "placeholderText": "",
              "styleClass": "",
              "styleClassName": "",
              "styleClassTag": "",
              "toolbarGroups": "",
              "useStyleClass": "false",
              "userText": "<p style=\"line-height:1.4em;margin-bottom:4px;\">As a page author, you can edit the content and settings for this component. To change settings, including triggers and actions, click the component menu and choose Settings.<\/p><p style=\"line-height:1.4em;\">As a component developer, you can change the component and its defaults (such as this text) either by working with the files directly through the components browser or by using the desktop app to work with the files on your local system.<\/p><p><a linktype=\"scs-link-webpage\" target=\"_blank\" href=\"http:\/\/www.oracle.com\/pls\/topic\/lookup?ctx=cloud&amp;id=CECSD-GUID-120936B2-950A-4C69-A0CE-20A87350D25A\"><span style=\"color:#145FAB\">More...<\/span><\/a><\/p>",
              "visible": true,
              "width": 400
            }
          }
        ],
        "styleClass": "",
        "styleClassName": "",
        "seeded": false,
        "useStyleClass": "true",
        "visible": true,
        "visibleNestedComponents": [
          
        ],
        "width": 0
      }
    }
  }
}