{
    "properties": {
        "title": null,
        "pageLayout": "index.html",
        "mobileLayout": "",
        "pageDescription": null,
        "keywords": null,
        "hideFromSearchEngines": false,
        "header": "",
        "footer": "",
        "noIndex": false,
        "noFollow": false,
        "noArchive": false,
        "noSnippet": false,
        "isCobrowseEnabled": false,
        "overrideWebAnalytics": false,
        "webAnalyticsScript": null
    },
    "slots": {
        "slot-content": {
            "components": ["81e3252e-0bc8-4d6f-a8f7-00c4a392ddb8", "5a5dd154-e7cd-4d36-a2ee-8e1bd1cdce9a"],
            "grid": "<div class=\"scs-row\"><div class=\"scs-col\" style=\"width: 100%;\"><div id=\"81e3252e-0bc8-4d6f-a8f7-00c4a392ddb8\"></div><div id=\"5a5dd154-e7cd-4d36-a2ee-8e1bd1cdce9a\"></div></div></div>"
        },
        "footer": {
            "components": ["cfe1a606-7345-4fdf-97e2-150e078bea65"],
            "grid": "<div class=\"scs-row\"><div class=\"scs-col\" style=\"width: 100%;\"><div id=\"cfe1a606-7345-4fdf-97e2-150e078bea65\"></div></div></div>"
        },
        "logocontainer": {
            "components": ["bfb6facc-0643-425a-b501-f52b81a57d5d"],
            "grid": "<div class=\"scs-row\"><div class=\"scs-col\" style=\"width: 100%;\"><div id=\"bfb6facc-0643-425a-b501-f52b81a57d5d\"></div></div></div>"
        },
        "navMenu": {
            "components": ["d3aabf1b-013e-4caa-9f9a-3c33612a4ab5"],
            "grid": "<div class=\"scs-row\"><div class=\"scs-col\" style=\"width: 100%;\"><div id=\"d3aabf1b-013e-4caa-9f9a-3c33612a4ab5\"></div></div></div>"
        }
    },
    "componentInstances": {
        "81e3252e-0bc8-4d6f-a8f7-00c4a392ddb8": {
            "type": "scs-title",
            "id": "scs-title",
            "data": {
                "alignment": "fill",
                "backgroundColor": "",
                "borderColor": "#808080",
                "borderRadius": 0,
                "borderStyle": "none",
                "borderWidth": 1,
                "fontColor": "#333333",
                "fontFamily": "'Helvetica Neue', Helvetica, Arial, sans-serif",
                "fontSize": 24,
                "innerHTML": "<div><!-- ko if: visible --><div class=\"scs-title  scs-component scs-title-default-style\" style=\"margin-top:5px;margin-right:5px;margin-bottom:5px;margin-left:5px;\"><div class=\"scs-component-content\" data-bind=\"scsCompSetupLightbox\" style=\"text-align:left;width:100%;\"><div class=\"scs-title-text\" style=\"\"><div>Welcome!</div></div></div></div><!-- /ko --></div>",
                "marginBottom": 5,
                "marginLeft": 5,
                "marginRight": 5,
                "marginTop": 5,
                "placeholderText": "",
                "styleClass": "",
                "styleClassName": "",
                "styleClassTag": "",
                "toolbarGroups": "",
                "useStyleClass": "true",
                "userText": "<div>Welcome!</div>",
                "visible": true,
                "width": 400
            }
        },
        "5a5dd154-e7cd-4d36-a2ee-8e1bd1cdce9a": {
            "type": "scs-paragraph",
            "id": "scs-paragraph",
            "data": {
                "alignment": "fill",
                "backgroundColor": "",
                "borderColor": "#808080",
                "borderRadius": 0,
                "borderStyle": "none",
                "borderWidth": 1,
                "fontColor": "#333333",
                "fontFamily": "'Helvetica Neue', Helvetica, Arial, sans-serif",
                "fontSize": 16,
                "marginBottom": 5,
                "marginLeft": 5,
                "marginRight": 5,
                "marginTop": 5,
                "placeholderText": "",
                "styleClass": "",
                "styleClassName": "",
                "styleClassTag": "",
                "toolbarGroups": "",
                "useStyleClass": "true",
                "userText": "<div><div>The starter template provides simplified versions of a theme, site navigation, and a default site so you can more easily modify it to create your own template.</div><div>&nbsp;</div><div>The following pages in this site provide additional information:</div><div>&nbsp;</div><div><a target=\"_self\" linktype=\"scs-link-sitepage\" href=\"[!--$SCS_PAGE--]100[/!--$SCS_PAGE--]\">Developing Templates</a></div><ul><li><a target=\"_self\" linktype=\"scs-link-sitepage\" href=\"[!--$SCS_PAGE--]110[/!--$SCS_PAGE--]\">Themes</a></li><li><a target=\"_self\" linktype=\"scs-link-sitepage\" href=\"[!--$SCS_PAGE--]120[/!--$SCS_PAGE--]\">Pages</a></li><li><a target=\"_self\" linktype=\"scs-link-sitepage\" href=\"[!--$SCS_PAGE--]130[/!--$SCS_PAGE--]\">Navigation</a></li><li><a target=\"_self\" linktype=\"scs-link-sitepage\" href=\"[!--$SCS_PAGE--]140[/!--$SCS_PAGE--]\">Page Content</a></li><li><a target=\"_self\" linktype=\"scs-link-sitepage\" href=\"[!--$SCS_PAGE--]150[/!--$SCS_PAGE--]\">Components</a></li><li><a target=\"_self\" linktype=\"scs-link-sitepage\" href=\"[!--$SCS_PAGE--]160[/!--$SCS_PAGE--]\">Sign In</a></li></ul><div>For more information about developing templates, see <a linktype=\"scs-link-webpage\" target=\"_blank\" href=\"http://www.oracle.com/pls/topic/lookup?ctx=cloud&amp;id=CECSD-GUID-2752841B-D5DD-4017-8018-A4751B76215D\">Developing Templates</a> in <em>Developing for Oracle Content and Experience</em>.</div></div>",
                "visible": true,
                "visibleOnMobile": "",
                "width": 400
            }
        },
        "bca98e09-a67d-4e03-b7a3-a38e32b1a344": {
            "type": "scs-socialbar",
            "id": "scs-socialbar",
            "data": {
                "alignment": "left",
                "backgroundColor": "",
                "borderColor": "#808080",
                "borderRadius": 0,
                "borderStyle": "none",
                "borderWidth": 1,
                "iconSize": 28,
                "iconSpacing": 10,
                "images": [{
                        "source": "",
                        "name": "COMP_ICON_FACEBOOK",
                        "class": "scs-facebook-icon",
                        "title": "",
                        "altText": "",
                        "description": "",
                        "link": "http://www.facebook.com",
                        "target": ["_blank"]
                    }, {
                        "source": "",
                        "name": "COMP_ICON_LINKEDIN",
                        "class": "scs-linkedin-icon",
                        "title": "",
                        "altText": "",
                        "description": "",
                        "link": "http://www.linkedin.com",
                        "target": ["_blank"]
                    }, {
                        "source": "",
                        "name": "COMP_ICON_TWITTER",
                        "class": "scs-twitter-icon",
                        "title": "",
                        "altText": "",
                        "description": "",
                        "link": "http://www.twitter.com",
                        "target": ["_blank"]
                    }, {
                        "source": "",
                        "name": "COMP_ICON_GOOGLEPLUS",
                        "class": "scs-googleplus-icon",
                        "title": "",
                        "altText": "",
                        "description": "",
                        "link": "http://plus.google.com",
                        "target": ["_blank"]
                    }, {
                        "source": "",
                        "name": "COMP_ICON_YOUTUBE",
                        "class": "scs-youtube-icon",
                        "title": "",
                        "altText": "",
                        "description": "",
                        "link": "http://www.youtube.com",
                        "target": ["_blank"]
                    }],
                "layout": "horizontal",
                "marginBottom": 5,
                "marginLeft": 5,
                "marginRight": 5,
                "marginTop": 5,
                "styleClass": "",
                "useStyleClass": "true",
                "visible": true
            }
        },
        "f0282892-23c7-41d1-8ec7-725812c05cc4": {
            "type": "scs-title",
            "id": "scs-title",
            "data": {
                "alignment": "fill",
                "backgroundColor": "",
                "borderColor": "#808080",
                "borderRadius": 0,
                "borderStyle": "none",
                "borderWidth": 1,
                "fontColor": "#333333",
                "fontFamily": "'Helvetica Neue', Helvetica, Arial, sans-serif",
                "fontSize": 24,
                "innerHTML": "<div><!-- ko if: visible --><div class=\"scs-title  scs-component scs-title-default-style\" style=\"margin-top:5px;margin-right:5px;margin-bottom:5px;margin-left:5px;\"><div class=\"scs-component-content\" data-bind=\"scsCompSetupLightbox\" style=\"text-align:left;width:100%;\"><div class=\"scs-title-text\" style=\"\"><div style=\"text-align:center\">COPYRIGHT © 2020</div></div></div></div><!-- /ko --></div>",
                "marginBottom": 5,
                "marginLeft": 5,
                "marginRight": 5,
                "marginTop": 5,
                "placeholderText": "",
                "styleClass": "",
                "styleClassName": "",
                "styleClassTag": "",
                "toolbarGroups": "",
                "useStyleClass": "true",
                "userText": "<div style=\"text-align:center\">COPYRIGHT © 2020</div>",
                "visible": true,
                "width": 400
            }
        },
        "cfe1a606-7345-4fdf-97e2-150e078bea65": {
            "type": "scs-componentgroup",
            "id": "StarterFooter",
            "data": {
                "className": "",
                "components": ["bca98e09-a67d-4e03-b7a3-a38e32b1a344", "f0282892-23c7-41d1-8ec7-725812c05cc4"],
                "grid": "<div class=\"scs-row\"><div class=\"scs-col\" style=\"width: 33.33%;\"><div id=\"bca98e09-a67d-4e03-b7a3-a38e32b1a344\"></div></div><div class=\"scs-col\" style=\"width: 66.67%;\"><div id=\"f0282892-23c7-41d1-8ec7-725812c05cc4\"></div></div></div>"
            }
        },
        "d3aabf1b-013e-4caa-9f9a-3c33612a4ab5": {
            "type": "scs-component",
            "id": "NavMenu",
            "data": {
                "actions": "",
                "alignment": "right",
                "assets": "",
                "borderColor": "#808080",
                "borderRadius": 0,
                "borderStyle": "none",
                "borderWidth": 1,
                "componentId": "navMenu",
                "componentName": "NavMenu",
                "componentFactory": "",
                "componentLayout": "default",
                "contentId": "",
                "contentLayoutCategory": "",
                "contentPlaceholder": false,
                "contentTypes": [],
                "contentViewing": "",
                "customRenderComplete": false,
                "customSettingsData": {},
                "componentConfig": {
                    "id": "NavMenu-component",
                    "settingsData": {
                        "settingsHeight": 26,
                        "settingsRenderOption": "none",
                        "componentLayouts": [],
                        "actions": []
                    }
                },
                "description": "",
                "detailPageId": "",
                "height": "",
                "initialized": true,
                "isCaaSLayout": false,
                "linkType": "scs-link-action",
                "marginBottom": 0,
                "marginLeft": 0,
                "marginRight": 0,
                "marginTop": 0,
                "nestedComponents": [],
                "styleClass": "",
                "styleClassName": "",
                "seeded": false,
                "useStyleClass": "true",
                "visible": true,
                "visibleOnMobile": "",
                "visibleNestedComponents": [],
                "width": 0
            }
        },
        "bfb6facc-0643-425a-b501-f52b81a57d5d": {
            "type": "scs-title",
            "id": "scs-title",
            "data": {
                "alignment": "fill",
                "backgroundColor": "",
                "borderColor": "#808080",
                "borderRadius": 0,
                "borderStyle": "none",
                "borderWidth": 1,
                "fontColor": "#333333",
                "fontFamily": "'Helvetica Neue', Helvetica, Arial, sans-serif",
                "fontSize": 24,
                "marginBottom": 5,
                "marginLeft": 5,
                "marginRight": 5,
                "marginTop": 5,
                "placeholderText": "",
                "styleClass": "",
                "styleClassName": "",
                "styleClassTag": "",
                "toolbarGroups": "",
                "useStyleClass": "true",
                "userText": "<div>Starter Template</div>",
                "visible": true,
                "visibleOnMobile": "",
                "width": 400
            }
        }
    }
}