{
  "properties": {
    "title": "",
    "pageLayout": "index.html",
    "pageDescription": "",
    "keywords": "",
    "hideFromSearchEngines": false,
    "header": "",
    "footer": "",
    "noIndex": false,
    "noFollow": false,
    "noArchive": false,
    "noSnippet": false
  },
  "slots": {
    "slot-content": {
      "components": [
        "a180e19e-6eff-4f0c-901a-9ddc1268dfd4"
      ],
      "grid": "<div class=\"scs-row\"><div class=\"scs-col\" style=\"width: 100%;\"><div id=\"a180e19e-6eff-4f0c-901a-9ddc1268dfd4\"><\/div><\/div><\/div>"
    }
  },
  "componentInstances": {
    "a180e19e-6eff-4f0c-901a-9ddc1268dfd4": {
      "type": "scs-component",
      "id": "scs-component",
      "data": {
        "actions": "",
        "alignment": "fill",
        "assets": "",
        "borderColor": "#808080",
        "borderRadius": 0,
        "borderStyle": "none",
        "borderWidth": 1,
        "componentId": "",
        "componentName": "",
        "componentFactory": "",
        "componentLayout": "",
        "contentId": "",
        "contentLayoutCategory": "",
        "contentPlaceholder": true,
        "contentTypes": [
          
        ],
        "contentViewing": "draft",
        "customSettingsData": "",
        "componentConfig": "",
        "description": "",
        "detailPageId": "",
        "height": "",
        "initialized": true,
        "isCaaSLayout": true,
        "linkType": "scs-link-action",
        "marginBottom": 5,
        "marginLeft": 5,
        "marginRight": 5,
        "marginTop": 5,
        "nestedComponents": [
          
        ],
        "styleClass": "",
        "styleClassName": "",
        "seeded": true,
        "useStyleClass": "true",
        "visible": true,
        "visibleNestedComponents": [
          
        ],
        "width": 0
      }
    }
  }
}