{
    "properties": {
        "title": "",
        "pageLayout": "index.html",
        "mobileLayout": "",
        "pageDescription": "",
        "keywords": "",
        "hideFromSearchEngines": false,
        "header": "",
        "footer": "",
        "noIndex": false,
        "noFollow": false,
        "noArchive": false,
        "noSnippet": false,
        "isCobrowseEnabled": false,
        "overrideWebAnalytics": false,
        "webAnalyticsScript": null
    },
    "slots": {
        "slot-content": {
            "components": ["2dd89d2e-96df-4253-9346-598b4ce286f0", "05aa1f60-c1e5-468e-945a-8ec8fc955da9"],
            "grid": "<div class=\"scs-row\"><div class=\"scs-col\" style=\"width: 100%;\"><div id=\"2dd89d2e-96df-4253-9346-598b4ce286f0\"></div><div id=\"05aa1f60-c1e5-468e-945a-8ec8fc955da9\"></div></div></div>"
        },
        "footer": {
            "components": ["b28388ea-b0a1-44c5-9108-bfc07f4c04ec"],
            "grid": "<div class=\"scs-row\"><div class=\"scs-col\" style=\"width: 100%;\"><div id=\"b28388ea-b0a1-44c5-9108-bfc07f4c04ec\"></div></div></div>"
        },
        "navMenu": {
            "components": ["e255231e-1f36-40a4-b00e-d4781ab735c8"],
            "grid": "<div class=\"scs-row\"><div class=\"scs-col\" style=\"width: 100%;\"><div id=\"e255231e-1f36-40a4-b00e-d4781ab735c8\"></div></div></div>"
        },
        "logocontainer": {
            "components": ["ffbc61df-08d2-4e33-a28e-e398127645e6"],
            "grid": "<div class=\"scs-row\"><div class=\"scs-col\" style=\"width: 100%;\"><div id=\"ffbc61df-08d2-4e33-a28e-e398127645e6\"></div></div></div>"
        }
    },
    "componentInstances": {
        "05aa1f60-c1e5-468e-945a-8ec8fc955da9": {
            "type": "scs-paragraph",
            "id": "scs-paragraph",
            "data": {
                "alignment": "fill",
                "backgroundColor": "",
                "borderColor": "#808080",
                "borderRadius": 0,
                "borderStyle": "none",
                "borderWidth": 1,
                "fontColor": "#333333",
                "fontFamily": "'Helvetica Neue', Helvetica, Arial, sans-serif",
                "fontSize": 16,
                "innerHTML": "<div><!-- ko if: visible --><div class=\"scs-paragraph  scs-component scs-paragraph-default-style\" style=\"margin-top:5px;margin-right:5px;margin-bottom:5px;margin-left:5px;\"><div class=\"scs-component-content\" data-bind=\"scsCompSetupLightbox\" style=\"text-align:left;width:100%;\"><div class=\"scs-paragraph-text\" style=\"\"><div><div><p>A theme defines the general look-and-feel of a site and includes the following:</p><ul><li><p><span name=\"OracleReview\" id=\"13\" class=\"segment\">Style settings for a site (CSS files)</span></p></li><li><p><span name=\"OracleReview\" id=\"14\" class=\"segment\">Layouts for pages (HTML files)</span></p></li><li><p><span name=\"OracleReview\" id=\"15\" class=\"segment\">Code to construct navigation for the site (JS files)</span></p></li><li><p><span name=\"OracleReview\" id=\"16\" class=\"segment\">Assets for background images or other content that are part of page layouts (images, JS files, and so on)</span></p></li><li><p><span name=\"OracleReview\" id=\"17\" class=\"segment\">A list of basic styles that can be used with the components (</span><code><span name=\"OracleReview\" id=\"18\" class=\"segment\">design.css</span></code><span name=\"OracleReview\" id=\"19\" class=\"segment\"> and </span><code><span name=\"OracleReview\" id=\"20\" class=\"segment\">design.json</span></code><span name=\"OracleReview\" id=\"21\" class=\"segment\"> files)</span></p></li></ul><p>For more information about developing themes, see <a linktype=\"scs-link-webpage\" target=\"_blank\" href=\"http://www.oracle.com/pls/topic/lookup?ctx=cloud&amp;id=CECSD-GUID-41521968-8E06-413A-8845-5C0311AC16E1\">Developing Themes</a> in <em>Developing for Oracle Content and Experience</em>.</p></div></div></div></div></div><!-- /ko --></div>",
                "marginBottom": 5,
                "marginLeft": 5,
                "marginRight": 5,
                "marginTop": 5,
                "placeholderText": "",
                "styleClass": "",
                "styleClassName": "",
                "styleClassTag": "",
                "toolbarGroups": "",
                "useStyleClass": "true",
                "userText": "<div><div><p>A theme defines the general look-and-feel of a site and includes the following:</p><ul><li><p><span name=\"OracleReview\" id=\"13\" class=\"segment\">Style settings for a site (CSS files)</span></p></li><li><p><span name=\"OracleReview\" id=\"14\" class=\"segment\">Layouts for pages (HTML files)</span></p></li><li><p><span name=\"OracleReview\" id=\"15\" class=\"segment\">Code to construct navigation for the site (JS files)</span></p></li><li><p><span name=\"OracleReview\" id=\"16\" class=\"segment\">Assets for background images or other content that are part of page layouts (images, JS files, and so on)</span></p></li><li><p><span name=\"OracleReview\" id=\"17\" class=\"segment\">A list of basic styles that can be used with the components (</span><code><span name=\"OracleReview\" id=\"18\" class=\"segment\">design.css</span></code><span name=\"OracleReview\" id=\"19\" class=\"segment\"> and </span><code><span name=\"OracleReview\" id=\"20\" class=\"segment\">design.json</span></code><span name=\"OracleReview\" id=\"21\" class=\"segment\"> files)</span></p></li></ul><p>For more information about developing themes, see <a linktype=\"scs-link-webpage\" target=\"_blank\" href=\"http://www.oracle.com/pls/topic/lookup?ctx=cloud&amp;id=CECSD-GUID-41521968-8E06-413A-8845-5C0311AC16E1\">Developing Themes</a> in <em>Developing for Oracle Content and Experience</em>.</p></div></div>",
                "visible": true,
                "width": 400
            }
        },
        "2dd89d2e-96df-4253-9346-598b4ce286f0": {
            "type": "scs-title",
            "id": "scs-title",
            "data": {
                "alignment": "fill",
                "backgroundColor": "",
                "borderColor": "#808080",
                "borderRadius": 0,
                "borderStyle": "none",
                "borderWidth": 1,
                "fontColor": "#333333",
                "fontFamily": "'Helvetica Neue', Helvetica, Arial, sans-serif",
                "fontSize": 24,
                "innerHTML": "<div><!-- ko if: visible --><div class=\"scs-title  scs-component scs-title-default-style\" style=\"margin-top:5px;margin-right:5px;margin-bottom:5px;margin-left:5px;\"><div class=\"scs-component-content\" data-bind=\"scsCompSetupLightbox\" style=\"text-align:left;width:100%;\"><div class=\"scs-title-text\" style=\"\"><div>Themes</div></div></div></div><!-- /ko --></div>",
                "marginBottom": 5,
                "marginLeft": 5,
                "marginRight": 5,
                "marginTop": 5,
                "placeholderText": "",
                "styleClass": "",
                "styleClassName": "",
                "styleClassTag": "",
                "toolbarGroups": "",
                "useStyleClass": "true",
                "userText": "<div>Themes</div>",
                "visible": true,
                "width": 400
            }
        },
        "ffbc61df-08d2-4e33-a28e-e398127645e6": {
            "type": "scs-title",
            "id": "scs-title",
            "data": {
                "alignment": "fill",
                "backgroundColor": "",
                "borderColor": "#808080",
                "borderRadius": 0,
                "borderStyle": "none",
                "borderWidth": 1,
                "fontColor": "#333333",
                "fontFamily": "'Helvetica Neue', Helvetica, Arial, sans-serif",
                "fontSize": 24,
                "marginBottom": 5,
                "marginLeft": 5,
                "marginRight": 5,
                "marginTop": 5,
                "placeholderText": "",
                "styleClass": "",
                "styleClassName": "",
                "styleClassTag": "",
                "toolbarGroups": "",
                "useStyleClass": "true",
                "userText": "<div><a target=\"_self\" linktype=\"scs-link-sitepage\" href=\"[!--$SCS_PAGE--]10[/!--$SCS_PAGE--]\">Starter Template</a></div>",
                "visible": true,
                "visibleOnMobile": "",
                "width": 400
            }
        },
        "e255231e-1f36-40a4-b00e-d4781ab735c8": {
            "type": "scs-component",
            "id": "NavMenu",
            "data": {
                "actions": "",
                "alignment": "fill",
                "assets": "",
                "borderColor": "#808080",
                "borderRadius": 0,
                "borderStyle": "none",
                "borderWidth": 1,
                "componentId": "navMenu",
                "componentName": "NavMenu",
                "componentFactory": "",
                "componentLayout": "default",
                "contentId": "",
                "contentLayoutCategory": "",
                "contentPlaceholder": false,
                "contentTypes": [],
                "contentViewing": "",
                "customRenderComplete": false,
                "customSettingsData": {},
                "componentConfig": {
                    "id": "NavMenu-component",
                    "settingsData": {
                        "settingsHeight": 26,
                        "settingsRenderOption": "none",
                        "componentLayouts": [],
                        "actions": []
                    }
                },
                "description": "",
                "detailPageId": "",
                "height": "",
                "initialized": true,
                "isCaaSLayout": false,
                "linkType": "scs-link-action",
                "marginBottom": 0,
                "marginLeft": 0,
                "marginRight": 0,
                "marginTop": 0,
                "nestedComponents": [],
                "styleClass": "",
                "styleClassName": "",
                "seeded": false,
                "useStyleClass": "true",
                "visible": true,
                "visibleOnMobile": "",
                "visibleNestedComponents": [],
                "width": 0
            }
        },
        "de5a5423-d3b3-4b0b-8fba-5fe6d80cc5f9": {
            "type": "scs-socialbar",
            "id": "scs-socialbar",
            "data": {
                "alignment": "left",
                "backgroundColor": "",
                "borderColor": "#808080",
                "borderRadius": 0,
                "borderStyle": "none",
                "borderWidth": 1,
                "iconSize": 28,
                "iconSpacing": 10,
                "images": [{
                        "source": "",
                        "name": "COMP_ICON_FACEBOOK",
                        "class": "scs-facebook-icon",
                        "title": "",
                        "altText": "",
                        "description": "",
                        "link": "http://www.facebook.com",
                        "target": ["_blank"]
                    }, {
                        "source": "",
                        "name": "COMP_ICON_LINKEDIN",
                        "class": "scs-linkedin-icon",
                        "title": "",
                        "altText": "",
                        "description": "",
                        "link": "http://www.linkedin.com",
                        "target": ["_blank"]
                    }, {
                        "source": "",
                        "name": "COMP_ICON_TWITTER",
                        "class": "scs-twitter-icon",
                        "title": "",
                        "altText": "",
                        "description": "",
                        "link": "http://www.twitter.com",
                        "target": ["_blank"]
                    }, {
                        "source": "",
                        "name": "COMP_ICON_GOOGLEPLUS",
                        "class": "scs-googleplus-icon",
                        "title": "",
                        "altText": "",
                        "description": "",
                        "link": "http://plus.google.com",
                        "target": ["_blank"]
                    }, {
                        "source": "",
                        "name": "COMP_ICON_YOUTUBE",
                        "class": "scs-youtube-icon",
                        "title": "",
                        "altText": "",
                        "description": "",
                        "link": "http://www.youtube.com",
                        "target": ["_blank"]
                    }],
                "layout": "horizontal",
                "marginBottom": 5,
                "marginLeft": 5,
                "marginRight": 5,
                "marginTop": 5,
                "styleClass": "",
                "useStyleClass": "true",
                "visible": true
            }
        },
        "f0587d51-8d13-4019-b00b-fc51ac293790": {
            "type": "scs-title",
            "id": "scs-title",
            "data": {
                "alignment": "fill",
                "backgroundColor": "",
                "borderColor": "#808080",
                "borderRadius": 0,
                "borderStyle": "none",
                "borderWidth": 1,
                "fontColor": "#333333",
                "fontFamily": "'Helvetica Neue', Helvetica, Arial, sans-serif",
                "fontSize": 24,
                "innerHTML": "<div><!-- ko if: visible --><div class=\"scs-title  scs-component scs-title-default-style\" style=\"margin-top:5px;margin-right:5px;margin-bottom:5px;margin-left:5px;\"><div class=\"scs-component-content\" data-bind=\"scsCompSetupLightbox\" style=\"text-align:left;width:100%;\"><div class=\"scs-title-text\" style=\"\"><div style=\"text-align:center\">COPYRIGHT © 2020</div></div></div></div><!-- /ko --></div>",
                "marginBottom": 5,
                "marginLeft": 5,
                "marginRight": 5,
                "marginTop": 5,
                "placeholderText": "",
                "styleClass": "",
                "styleClassName": "",
                "styleClassTag": "",
                "toolbarGroups": "",
                "useStyleClass": "true",
                "userText": "<div style=\"text-align:center\">COPYRIGHT © 2020</div>",
                "visible": true,
                "width": 400
            }
        },
        "b28388ea-b0a1-44c5-9108-bfc07f4c04ec": {
            "type": "scs-componentgroup",
            "id": "StarterFooter",
            "data": {
                "className": "",
                "components": ["de5a5423-d3b3-4b0b-8fba-5fe6d80cc5f9", "f0587d51-8d13-4019-b00b-fc51ac293790"],
                "grid": "<div class=\"scs-row\"><div class=\"scs-col\" style=\"width: 33.33%;\"><div id=\"de5a5423-d3b3-4b0b-8fba-5fe6d80cc5f9\"></div></div><div class=\"scs-col\" style=\"width: 66.67%;\"><div id=\"f0587d51-8d13-4019-b00b-fc51ac293790\"></div></div></div>"
            }
        }
    }
}