{
    "properties": {
        "title": "",
        "pageLayout": "index.html",
        "mobileLayout": "",
        "pageDescription": "",
        "keywords": "",
        "hideFromSearchEngines": false,
        "header": "",
        "footer": "",
        "noIndex": false,
        "noFollow": false,
        "noArchive": false,
        "noSnippet": false,
        "isCobrowseEnabled": false,
        "overrideWebAnalytics": false,
        "webAnalyticsScript": null
    },
    "slots": {
        "slot-content": {
            "components": ["6c035fd8-0512-4151-b788-78e6d7d5b5dc", "41da0775-1802-4fd5-ab9c-5704f827042f"],
            "grid": "<div class=\"scs-row\"><div style=\"width: 100%;\" class=\"scs-col\"><div id=\"6c035fd8-0512-4151-b788-78e6d7d5b5dc\"></div><div id=\"41da0775-1802-4fd5-ab9c-5704f827042f\"></div></div></div>"
        },
        "footer": {
            "components": ["ce5d33dc-52ce-4d82-8d4e-f6325a903ae4"],
            "grid": "<div class=\"scs-row\"><div class=\"scs-col\" style=\"width: 100%;\"><div id=\"ce5d33dc-52ce-4d82-8d4e-f6325a903ae4\"></div></div></div>"
        },
        "navMenu": {
            "components": ["f465c028-e891-4d84-a2ec-b85c39ac64e4"],
            "grid": "<div class=\"scs-row\"><div class=\"scs-col\" style=\"width: 100%;\"><div id=\"f465c028-e891-4d84-a2ec-b85c39ac64e4\"></div></div></div>"
        },
        "logocontainer": {
            "components": ["bb89138b-540d-42f2-beb8-e8b462883257"],
            "grid": "<div class=\"scs-row\"><div class=\"scs-col\" style=\"width: 100%;\"><div id=\"bb89138b-540d-42f2-beb8-e8b462883257\"></div></div></div>"
        }
    },
    "componentInstances": {
        "41da0775-1802-4fd5-ab9c-5704f827042f": {
            "type": "scs-paragraph",
            "id": "scs-paragraph",
            "data": {
                "alignment": "fill",
                "backgroundColor": "",
                "borderColor": "#808080",
                "borderRadius": 0,
                "borderStyle": "none",
                "borderWidth": 1,
                "fontColor": "#333333",
                "fontFamily": "'Helvetica Neue', Helvetica, Arial, sans-serif",
                "fontSize": 16,
                "innerHTML": "<div><!-- ko if: visible --><div class=\"scs-paragraph  scs-component scs-paragraph-default-style\" style=\"margin-top:5px;margin-right:5px;margin-bottom:5px;margin-left:5px;\"><div class=\"scs-component-content\" data-bind=\"scsCompSetupLightbox\" style=\"text-align:left;width:100%;\"><div class=\"scs-paragraph-text\" style=\"\"><div>The starter template includes a basic navigation menu. At the top of each page, the list of pages in the site is shown as a bulleted list with nested levels that match the hierarchy of pages in the site.&nbsp; When you add a page to the site, it is automatically added to the navigation menu.</div><div>&nbsp;</div><div>The starter template uses a simple list, but you can use the same coding technique to produce other types of dynamic navigation menus.</div><div>&nbsp;</div><div>For more information about navigation menus, see <a target=\"_blank\" linktype=\"scs-link-webpage\" href=\"http://www.oracle.com/pls/topic/lookup?ctx=cloud&amp;id=CECSD-GUID-0D633DFA-5B6B-46A5-8021-E2DBFB50D056\">Site Navigation</a> in <em>Developing for Oracle Content and Experience</em>.</div></div></div></div><!-- /ko --></div>",
                "marginBottom": 5,
                "marginLeft": 5,
                "marginRight": 5,
                "marginTop": 5,
                "placeholderText": "",
                "styleClass": "",
                "styleClassName": "",
                "styleClassTag": "",
                "toolbarGroups": "",
                "useStyleClass": "true",
                "userText": "<div>The starter template includes a basic navigation menu. At the top of each page, the list of pages in the site is shown as a bulleted list with nested levels that match the hierarchy of pages in the site.&nbsp; When you add a page to the site, it is automatically added to the navigation menu.</div><div>&nbsp;</div><div>The starter template uses a simple list, but you can use the same coding technique to produce other types of dynamic navigation menus.</div><div>&nbsp;</div><div>For more information about navigation menus, see <a target=\"_blank\" linktype=\"scs-link-webpage\" href=\"http://www.oracle.com/pls/topic/lookup?ctx=cloud&amp;id=CECSD-GUID-0D633DFA-5B6B-46A5-8021-E2DBFB50D056\">Site Navigation</a> in <em>Developing for Oracle Content and Experience</em>.</div>",
                "visible": true,
                "width": 400
            }
        },
        "6c035fd8-0512-4151-b788-78e6d7d5b5dc": {
            "type": "scs-title",
            "id": "scs-title",
            "data": {
                "alignment": "fill",
                "backgroundColor": "",
                "borderColor": "#808080",
                "borderRadius": 0,
                "borderStyle": "none",
                "borderWidth": 1,
                "fontColor": "#333333",
                "fontFamily": "'Helvetica Neue', Helvetica, Arial, sans-serif",
                "fontSize": 24,
                "innerHTML": "<div><!-- ko if: visible --><div class=\"scs-title  scs-component scs-title-default-style\" style=\"margin-top:5px;margin-right:5px;margin-bottom:5px;margin-left:5px;\"><div class=\"scs-component-content\" data-bind=\"scsCompSetupLightbox\" style=\"text-align:left;width:100%;\"><div class=\"scs-title-text\" style=\"\"><div>Navigation</div></div></div></div><!-- /ko --></div>",
                "marginBottom": 5,
                "marginLeft": 5,
                "marginRight": 5,
                "marginTop": 5,
                "placeholderText": "",
                "styleClass": "",
                "styleClassName": "",
                "styleClassTag": "",
                "toolbarGroups": "",
                "useStyleClass": "true",
                "userText": "<div>Navigation</div>",
                "visible": true,
                "width": 400
            }
        },
        "bb89138b-540d-42f2-beb8-e8b462883257": {
            "type": "scs-title",
            "id": "scs-title",
            "data": {
                "alignment": "fill",
                "backgroundColor": "",
                "borderColor": "#808080",
                "borderRadius": 0,
                "borderStyle": "none",
                "borderWidth": 1,
                "fontColor": "#333333",
                "fontFamily": "'Helvetica Neue', Helvetica, Arial, sans-serif",
                "fontSize": 24,
                "marginBottom": 5,
                "marginLeft": 5,
                "marginRight": 5,
                "marginTop": 5,
                "placeholderText": "",
                "styleClass": "",
                "styleClassName": "",
                "styleClassTag": "",
                "toolbarGroups": "",
                "useStyleClass": "true",
                "userText": "<div><a target=\"_self\" linktype=\"scs-link-sitepage\" href=\"[!--$SCS_PAGE--]10[/!--$SCS_PAGE--]\">Starter Template</a></div>",
                "visible": true,
                "visibleOnMobile": "",
                "width": 400
            }
        },
        "a5248fb0-5698-47e1-94df-b7bdd6d07efa": {
            "type": "scs-socialbar",
            "id": "scs-socialbar",
            "data": {
                "alignment": "left",
                "backgroundColor": "",
                "borderColor": "#808080",
                "borderRadius": 0,
                "borderStyle": "none",
                "borderWidth": 1,
                "iconSize": 28,
                "iconSpacing": 10,
                "images": [{
                        "source": "",
                        "name": "COMP_ICON_FACEBOOK",
                        "class": "scs-facebook-icon",
                        "title": "",
                        "altText": "",
                        "description": "",
                        "link": "http://www.facebook.com",
                        "target": ["_blank"]
                    }, {
                        "source": "",
                        "name": "COMP_ICON_LINKEDIN",
                        "class": "scs-linkedin-icon",
                        "title": "",
                        "altText": "",
                        "description": "",
                        "link": "http://www.linkedin.com",
                        "target": ["_blank"]
                    }, {
                        "source": "",
                        "name": "COMP_ICON_TWITTER",
                        "class": "scs-twitter-icon",
                        "title": "",
                        "altText": "",
                        "description": "",
                        "link": "http://www.twitter.com",
                        "target": ["_blank"]
                    }, {
                        "source": "",
                        "name": "COMP_ICON_GOOGLEPLUS",
                        "class": "scs-googleplus-icon",
                        "title": "",
                        "altText": "",
                        "description": "",
                        "link": "http://plus.google.com",
                        "target": ["_blank"]
                    }, {
                        "source": "",
                        "name": "COMP_ICON_YOUTUBE",
                        "class": "scs-youtube-icon",
                        "title": "",
                        "altText": "",
                        "description": "",
                        "link": "http://www.youtube.com",
                        "target": ["_blank"]
                    }],
                "layout": "horizontal",
                "marginBottom": 5,
                "marginLeft": 5,
                "marginRight": 5,
                "marginTop": 5,
                "styleClass": "",
                "useStyleClass": "true",
                "visible": true
            }
        },
        "d7d551b6-02fb-43fa-93e1-d5625db236bc": {
            "type": "scs-title",
            "id": "scs-title",
            "data": {
                "alignment": "fill",
                "backgroundColor": "",
                "borderColor": "#808080",
                "borderRadius": 0,
                "borderStyle": "none",
                "borderWidth": 1,
                "fontColor": "#333333",
                "fontFamily": "'Helvetica Neue', Helvetica, Arial, sans-serif",
                "fontSize": 24,
                "innerHTML": "<div><!-- ko if: visible --><div class=\"scs-title  scs-component scs-title-default-style\" style=\"margin-top:5px;margin-right:5px;margin-bottom:5px;margin-left:5px;\"><div class=\"scs-component-content\" data-bind=\"scsCompSetupLightbox\" style=\"text-align:left;width:100%;\"><div class=\"scs-title-text\" style=\"\"><div style=\"text-align:center\">COPYRIGHT © 2020</div></div></div></div><!-- /ko --></div>",
                "marginBottom": 5,
                "marginLeft": 5,
                "marginRight": 5,
                "marginTop": 5,
                "placeholderText": "",
                "styleClass": "",
                "styleClassName": "",
                "styleClassTag": "",
                "toolbarGroups": "",
                "useStyleClass": "true",
                "userText": "<div style=\"text-align:center\">COPYRIGHT © 2020</div>",
                "visible": true,
                "width": 400
            }
        },
        "ce5d33dc-52ce-4d82-8d4e-f6325a903ae4": {
            "type": "scs-componentgroup",
            "id": "StarterFooter",
            "data": {
                "className": "",
                "components": ["a5248fb0-5698-47e1-94df-b7bdd6d07efa", "d7d551b6-02fb-43fa-93e1-d5625db236bc"],
                "grid": "<div class=\"scs-row\"><div class=\"scs-col\" style=\"width: 33.33%;\"><div id=\"a5248fb0-5698-47e1-94df-b7bdd6d07efa\"></div></div><div class=\"scs-col\" style=\"width: 66.67%;\"><div id=\"d7d551b6-02fb-43fa-93e1-d5625db236bc\"></div></div></div>"
            }
        },
        "f465c028-e891-4d84-a2ec-b85c39ac64e4": {
            "type": "scs-component",
            "id": "NavMenu",
            "data": {
                "actions": "",
                "alignment": "fill",
                "assets": "",
                "borderColor": "#808080",
                "borderRadius": 0,
                "borderStyle": "none",
                "borderWidth": 1,
                "componentId": "navMenu",
                "componentName": "NavMenu",
                "componentFactory": "",
                "componentLayout": "default",
                "contentId": "",
                "contentLayoutCategory": "",
                "contentPlaceholder": false,
                "contentTypes": [],
                "contentViewing": "",
                "customRenderComplete": false,
                "customSettingsData": {},
                "componentConfig": {
                    "id": "NavMenu-component",
                    "settingsData": {
                        "settingsHeight": 26,
                        "settingsRenderOption": "none",
                        "componentLayouts": [],
                        "actions": []
                    }
                },
                "description": "",
                "detailPageId": "",
                "height": "",
                "initialized": true,
                "isCaaSLayout": false,
                "linkType": "scs-link-action",
                "marginBottom": 0,
                "marginLeft": 0,
                "marginRight": 0,
                "marginTop": 0,
                "nestedComponents": [],
                "styleClass": "",
                "styleClassName": "",
                "seeded": false,
                "useStyleClass": "true",
                "visible": true,
                "visibleOnMobile": "",
                "visibleNestedComponents": [],
                "width": 0
            }
        }
    }
}