{
  "properties": {
    "title": "",
    "pageLayout": "signin.html",
    "mobileLayout": "",
    "pageDescription": "",
    "keywords": "",
    "hideFromSearchEngines": false,
    "header": "",
    "footer": "",
    "noIndex": false,
    "noFollow": false,
    "noArchive": false,
    "noSnippet": false,
    "isCobrowseEnabled": false,
    "overrideWebAnalytics": false,
    "webAnalyticsScript": null
  },
  "slots": {
    "navMenu": {
      "components": [
        "c4ffcd00-53a9-406c-a71e-7228b7e47237"
      ],
      "grid": "<div class=\"scs-row\"><div class=\"scs-col\" style=\"width: 100%;\"><div id=\"c4ffcd00-53a9-406c-a71e-7228b7e47237\"><\/div><\/div><\/div>"
    },
    "footer": {
      "components": [
        "cf3ca2e6-c9af-40f2-a467-0a9275a164d6"
      ],
      "grid": "<div class=\"scs-row\"><div class=\"scs-col\" style=\"width: 100%;\"><div id=\"cf3ca2e6-c9af-40f2-a467-0a9275a164d6\"><\/div><\/div><\/div>"
    },
    "slot-content": {
      "components": [
        "b44110dc-2e00-4909-bd81-5cde536fd381",
        "c17f1181-f37f-432f-8999-c6ea33a1a246"
      ],
      "grid": "<div class=\"scs-row\"><div class=\"scs-col\" style=\"width: 100%;\"><div id=\"b44110dc-2e00-4909-bd81-5cde536fd381\"><\/div><div id=\"c17f1181-f37f-432f-8999-c6ea33a1a246\"><\/div><\/div><\/div>"
    },
    "logocontainer": {
      "components": [
        "b698f282-9cbc-450d-bfd4-5fd1bacf7948"
      ],
      "grid": "<div class=\"scs-row\"><div class=\"scs-col\" style=\"width: 100%;\"><div id=\"b698f282-9cbc-450d-bfd4-5fd1bacf7948\"><\/div><\/div><\/div>"
    },
    "login-form": {
      "components": [
        "f8639dec-2c6e-405d-9bed-890f4ca6a446",
        "b384ba6f-0653-4941-a65e-f9a1bcba6945"
      ],
      "grid": "<div class=\"scs-row\"><div class=\"scs-col\" style=\"width: 75%;\"><div id=\"b384ba6f-0653-4941-a65e-f9a1bcba6945\"><\/div><\/div><div class=\"scs-col\" style=\"width: 25%;\"><div id=\"f8639dec-2c6e-405d-9bed-890f4ca6a446\"><\/div><\/div><\/div>"
    }
  },
  "componentInstances": {
    "c4ffcd00-53a9-406c-a71e-7228b7e47237": {
      "type": "scs-component",
      "id": "NavMenu",
      "data": {
        "actions": "",
        "alignment": "fill",
        "assets": "",
        "borderColor": "#808080",
        "borderRadius": 0,
        "borderStyle": "none",
        "borderWidth": 1,
        "componentId": "navMenu",
        "componentName": "NavMenu",
        "componentFactory": "",
        "componentLayout": "default",
        "contentId": "",
        "contentLayoutCategory": "",
        "contentPlaceholder": false,
        "contentTypes": [
          
        ],
        "contentViewing": "",
        "customRenderComplete": false,
        "customSettingsData": {
          
        },
        "componentConfig": {
          "id": "NavMenu-component",
          "settingsData": {
            "settingsHeight": 26,
            "settingsRenderOption": "none",
            "componentLayouts": [
              
            ],
            "actions": [
              
            ]
          }
        },
        "description": "",
        "detailPageId": "",
        "height": "",
        "initialized": true,
        "isCaaSLayout": false,
        "linkType": "scs-link-action",
        "marginBottom": 0,
        "marginLeft": 0,
        "marginRight": 0,
        "marginTop": 0,
        "nestedComponents": [
          
        ],
        "renderOnAccess": "",
        "styleClass": "",
        "styleClassName": "",
        "seeded": false,
        "useStyleClass": "true",
        "visible": true,
        "visibleOnMobile": "",
        "visibleNestedComponents": [
          
        ],
        "width": 0
      }
    },
    "b698f282-9cbc-450d-bfd4-5fd1bacf7948": {
      "type": "scs-title",
      "id": "scs-title",
      "data": {
        "alignment": "fill",
        "backgroundColor": "",
        "borderColor": "#808080",
        "borderRadius": 0,
        "borderStyle": "none",
        "borderWidth": 1,
        "fontColor": "#333333",
        "fontFamily": "'Helvetica Neue', Helvetica, Arial, sans-serif",
        "fontSize": 24,
        "marginBottom": 5,
        "marginLeft": 5,
        "marginRight": 5,
        "marginTop": 5,
        "placeholderText": "",
        "renderOnAccess": "",
        "styleClass": "",
        "styleClassName": "",
        "styleClassTag": "",
        "toolbarGroups": "",
        "useStyleClass": "true",
        "userText": "<div>Starter Template<\/div>",
        "visible": true,
        "visibleOnMobile": "",
        "width": 400
      }
    },
    "c17f1181-f37f-432f-8999-c6ea33a1a246": {
      "type": "scs-paragraph",
      "id": "scs-paragraph",
      "data": {
        "alignment": "fill",
        "backgroundColor": "",
        "borderColor": "#808080",
        "borderRadius": 0,
        "borderStyle": "none",
        "borderWidth": 1,
        "fontColor": "#333333",
        "fontFamily": "'Helvetica Neue', Helvetica, Arial, sans-serif",
        "fontSize": 16,
        "marginBottom": 5,
        "marginLeft": 5,
        "marginRight": 5,
        "marginTop": 5,
        "placeholderText": "",
        "renderOnAccess": "",
        "styleClass": "",
        "styleClassName": "",
        "styleClassTag": "",
        "toolbarGroups": "",
        "useStyleClass": "true",
        "userText": "<div>This page provides a sample custom sign in component. The component uses Identity Cloud (IDCS) javascript to inject a sign in widget and then uses css to position it in the page\u2019s layout.<\/div><div>&nbsp;<\/div><div>For more information about developing and enabling a custom sign in page, see <a target=\"_blank\" linktype=\"scs-link-webpage\" href=\"http://www.oracle.com/pls/topic/lookup?ctx=cloud&amp;id=CECSA-GUID-5117388B-B51E-47A4-AF07-233C8E9209C7\">Custom Sign In page</a> in Developing for Oracle Content and Experience.<\/div>",
        "visible": true,
        "visibleOnMobile": "",
        "width": 400
      }
    },
    "d9a912c7-fce8-49bc-998f-84a363967179": {
      "type": "scs-title",
      "id": "scs-title",
      "data": {
        "alignment": "fill",
        "backgroundColor": "",
        "borderColor": "#808080",
        "borderRadius": 0,
        "borderStyle": "none",
        "borderWidth": 1,
        "fontColor": "#333333",
        "fontFamily": "'Helvetica Neue', Helvetica, Arial, sans-serif",
        "fontSize": 24,
        "marginBottom": 5,
        "marginLeft": 5,
        "marginRight": 5,
        "marginTop": 5,
        "placeholderText": "",
        "renderOnAccess": "",
        "styleClass": "",
        "styleClassName": "",
        "styleClassTag": "",
        "toolbarGroups": "",
        "useStyleClass": "true",
        "userText": "<div style=\"text-align:center\">COPYRIGHT \u00a9 2020<\/div>",
        "visible": true,
        "visibleOnMobile": "",
        "width": 400
      }
    },
    "d07f78f5-f44e-4781-ab66-e81087356e13": {
      "type": "scs-socialbar",
      "id": "scs-socialbar",
      "data": {
        "alignment": "left",
        "backgroundColor": "",
        "borderColor": "#808080",
        "borderRadius": 0,
        "borderStyle": "none",
        "borderWidth": 1,
        "iconSize": 28,
        "iconSpacing": 10,
        "images": [
          {
            "source": "",
            "name": "COMP_ICON_FACEBOOK",
            "class": "scs-facebook-icon",
            "title": "",
            "altText": "",
            "description": "",
            "link": "http:\/\/www.facebook.com",
            "target": [
              "_blank"
            ]
          },
          {
            "source": "",
            "name": "COMP_ICON_LINKEDIN",
            "class": "scs-linkedin-icon",
            "title": "",
            "altText": "",
            "description": "",
            "link": "http:\/\/www.linkedin.com",
            "target": [
              "_blank"
            ]
          },
          {
            "source": "",
            "name": "COMP_ICON_TWITTER",
            "class": "scs-twitter-icon",
            "title": "",
            "altText": "",
            "description": "",
            "link": "http:\/\/www.twitter.com",
            "target": [
              "_blank"
            ]
          },
          {
            "source": "",
            "name": "COMP_ICON_GOOGLEPLUS",
            "class": "scs-googleplus-icon",
            "title": "",
            "altText": "",
            "description": "",
            "link": "http:\/\/plus.google.com",
            "target": [
              "_blank"
            ]
          },
          {
            "source": "",
            "name": "COMP_ICON_YOUTUBE",
            "class": "scs-youtube-icon",
            "title": "",
            "altText": "",
            "description": "",
            "link": "http:\/\/www.youtube.com",
            "target": [
              "_blank"
            ]
          }
        ],
        "layout": "horizontal",
        "marginBottom": 5,
        "marginLeft": 5,
        "marginRight": 5,
        "marginTop": 5,
        "styleClass": "",
        "useStyleClass": "true",
        "visible": true
      }
    },
    "cf3ca2e6-c9af-40f2-a467-0a9275a164d6": {
      "type": "scs-componentgroup",
      "id": "FooterBar",
      "data": {
        "className": "",
        "components": [
          "d07f78f5-f44e-4781-ab66-e81087356e13",
          "d9a912c7-fce8-49bc-998f-84a363967179"
        ],
        "grid": "<div class=\"scs-row\"><div class=\"scs-col\" style=\"width: 50%;\"><div id=\"d07f78f5-f44e-4781-ab66-e81087356e13\"><\/div><\/div><div class=\"scs-col\" style=\"width: 50%;\"><div id=\"d9a912c7-fce8-49bc-998f-84a363967179\"><\/div><\/div><\/div>"
      }
    },
    "b44110dc-2e00-4909-bd81-5cde536fd381": {
      "type": "scs-title",
      "id": "scs-title",
      "data": {
        "alignment": "fill",
        "backgroundColor": "",
        "borderColor": "#808080",
        "borderRadius": 0,
        "borderStyle": "none",
        "borderWidth": 1,
        "fontColor": "#333333",
        "fontFamily": "'Helvetica Neue', Helvetica, Arial, sans-serif",
        "fontSize": 24,
        "marginBottom": 5,
        "marginLeft": 5,
        "marginRight": 5,
        "marginTop": 5,
        "placeholderText": "",
        "renderOnAccess": "",
        "styleClass": "",
        "styleClassName": "",
        "styleClassTag": "",
        "toolbarGroups": "",
        "useStyleClass": "true",
        "userText": "<div>Custom Sign In<\/div>",
        "visible": true,
        "visibleOnMobile": "",
        "width": 400
      }
    },
    "f8639dec-2c6e-405d-9bed-890f4ca6a446": {
      "type": "scs-component",
      "id": "IDCS-Login",
      "data": {
        "actions": "",
        "alignment": "left",
        "assets": "",
        "borderColor": "#808080",
        "borderRadius": 0,
        "borderStyle": "none",
        "borderWidth": 1,
        "componentId": "IDCSLoginComp",
        "componentName": "IDCS-Login",
        "componentFactory": "",
        "componentLayout": "default",
        "contentId": "",
        "contentLayoutCategory": "",
        "contentPlaceholder": false,
        "contentTypes": [
          
        ],
        "contentViewing": "",
        "customRenderComplete": false,
        "customSettingsData": {
          "editModeText": "Sign In form will appear here"
        },
        "componentConfig": {
          "id": "IDCSLogin",
          "settingsData": {
            "settingsHeight": 82,
            "settingsWidth": 300,
            "settingsRenderOption": "inline",
            "componentLayouts": [
              
            ],
            "triggers": [
              
            ]
          }
        },
        "description": "",
        "detailPageId": "",
        "height": "",
        "initialized": true,
        "isCaaSLayout": false,
        "linkType": "scs-link-action",
        "marginBottom": 0,
        "marginLeft": 0,
        "marginRight": 0,
        "marginTop": 0,
        "nestedComponents": [
          
        ],
        "styleClass": "",
        "styleClassName": "",
        "seeded": false,
        "useStyleClass": "true",
        "visible": true,
        "visibleOnMobile": "",
        "visibleNestedComponents": [
          
        ],
        "width": "90%"
      }
    },
    "b384ba6f-0653-4941-a65e-f9a1bcba6945": {
      "type": "scs-spacer",
      "id": "scs-spacer",
      "data": {
        
      }
    }
  }
}