{
    "properties": {
        "title": "",
        "pageLayout": "index.html",
        "mobileLayout": "",
        "pageDescription": "",
        "keywords": "",
        "hideFromSearchEngines": false,
        "header": "",
        "footer": "",
        "noIndex": false,
        "noFollow": false,
        "noArchive": false,
        "noSnippet": false,
        "isCobrowseEnabled": false,
        "overrideWebAnalytics": false,
        "webAnalyticsScript": null
    },
    "slots": {
        "slot-content": {
            "components": ["b2ae10c0-d11d-4c30-b8cb-b2d151a01707"],
            "grid": "<div class=\"scs-row\"><div class=\"scs-col\" style=\"width: 100%;\"><div id=\"b2ae10c0-d11d-4c30-b8cb-b2d151a01707\"></div></div></div>"
        },
        "footer": {
            "components": ["a08a2540-3bf9-416f-83de-fa0fe54f5159"],
            "grid": "<div class=\"scs-row\"><div class=\"scs-col\" style=\"width: 100%;\"><div id=\"a08a2540-3bf9-416f-83de-fa0fe54f5159\"></div></div></div>"
        },
        "navMenu": {
            "components": ["bf6718e1-0183-41d4-a5f4-c73a95affbf1"],
            "grid": "<div class=\"scs-row\"><div class=\"scs-col\" style=\"width: 100%;\"><div id=\"bf6718e1-0183-41d4-a5f4-c73a95affbf1\"></div></div></div>"
        },
        "logocontainer": {
            "components": ["bf39b650-c39e-43fd-9f61-af83b7a03c43"],
            "grid": "<div class=\"scs-row\"><div class=\"scs-col\" style=\"width: 100%;\"><div id=\"bf39b650-c39e-43fd-9f61-af83b7a03c43\"></div></div></div>"
        }
    },
    "componentInstances": {
        "b2ae10c0-d11d-4c30-b8cb-b2d151a01707": {
            "type": "scs-paragraph",
            "id": "scs-paragraph",
            "data": {
                "alignment": "fill",
                "backgroundColor": "",
                "borderColor": "#808080",
                "borderRadius": 0,
                "borderStyle": "none",
                "borderWidth": 1,
                "fontColor": "#333333",
                "fontFamily": "'Helvetica Neue', Helvetica, Arial, sans-serif",
                "fontSize": 16,
                "innerHTML": "<div><!-- ko if: visible --><div class=\"scs-paragraph  scs-component scs-paragraph-default-style\" style=\"margin-top:5px;margin-right:5px;margin-bottom:5px;margin-left:5px;\"><div class=\"scs-component-content\" data-bind=\"scsCompSetupLightbox\" style=\"text-align:left;width:100%;\"><div class=\"scs-paragraph-text\" style=\"\"><div>This site uses cookies for identifying unique user visits, but not for tracking your personal information. By continuing to use our site you are accepting our use of cookies.</div></div></div></div><!-- /ko --></div>",
                "marginBottom": 5,
                "marginLeft": 5,
                "marginRight": 5,
                "marginTop": 5,
                "placeholderText": "",
                "styleClass": "",
                "styleClassName": "",
                "styleClassTag": "",
                "toolbarGroups": "",
                "useStyleClass": "true",
                "userText": "<div>This site uses cookies for identifying unique user visits, but not for tracking your personal information. By continuing to use our site you are accepting our use of cookies.</div>",
                "visible": true,
                "width": 400
            }
        },
        "bf39b650-c39e-43fd-9f61-af83b7a03c43": {
            "type": "scs-title",
            "id": "scs-title",
            "data": {
                "alignment": "fill",
                "backgroundColor": "",
                "borderColor": "#808080",
                "borderRadius": 0,
                "borderStyle": "none",
                "borderWidth": 1,
                "fontColor": "#333333",
                "fontFamily": "'Helvetica Neue', Helvetica, Arial, sans-serif",
                "fontSize": 24,
                "marginBottom": 5,
                "marginLeft": 5,
                "marginRight": 5,
                "marginTop": 5,
                "placeholderText": "",
                "styleClass": "",
                "styleClassName": "",
                "styleClassTag": "",
                "toolbarGroups": "",
                "useStyleClass": "true",
                "userText": "<div><a target=\"_self\" linktype=\"scs-link-sitepage\" href=\"[!--$SCS_PAGE--]10[/!--$SCS_PAGE--]\">Starter Template</a></div>",
                "visible": true,
                "visibleOnMobile": "",
                "width": 400
            }
        },
        "b98e32fc-19a8-46ae-910e-6accfe5bf465": {
            "type": "scs-socialbar",
            "id": "scs-socialbar",
            "data": {
                "alignment": "left",
                "backgroundColor": "",
                "borderColor": "#808080",
                "borderRadius": 0,
                "borderStyle": "none",
                "borderWidth": 1,
                "iconSize": 28,
                "iconSpacing": 10,
                "images": [{
                        "source": "",
                        "name": "COMP_ICON_FACEBOOK",
                        "class": "scs-facebook-icon",
                        "title": "",
                        "altText": "",
                        "description": "",
                        "link": "http://www.facebook.com",
                        "target": ["_blank"]
                    }, {
                        "source": "",
                        "name": "COMP_ICON_LINKEDIN",
                        "class": "scs-linkedin-icon",
                        "title": "",
                        "altText": "",
                        "description": "",
                        "link": "http://www.linkedin.com",
                        "target": ["_blank"]
                    }, {
                        "source": "",
                        "name": "COMP_ICON_TWITTER",
                        "class": "scs-twitter-icon",
                        "title": "",
                        "altText": "",
                        "description": "",
                        "link": "http://www.twitter.com",
                        "target": ["_blank"]
                    }, {
                        "source": "",
                        "name": "COMP_ICON_GOOGLEPLUS",
                        "class": "scs-googleplus-icon",
                        "title": "",
                        "altText": "",
                        "description": "",
                        "link": "http://plus.google.com",
                        "target": ["_blank"]
                    }, {
                        "source": "",
                        "name": "COMP_ICON_YOUTUBE",
                        "class": "scs-youtube-icon",
                        "title": "",
                        "altText": "",
                        "description": "",
                        "link": "http://www.youtube.com",
                        "target": ["_blank"]
                    }],
                "layout": "horizontal",
                "marginBottom": 5,
                "marginLeft": 5,
                "marginRight": 5,
                "marginTop": 5,
                "styleClass": "",
                "useStyleClass": "true",
                "visible": true
            }
        },
        "d0d46453-ee50-4341-a70c-8ec77009486c": {
            "type": "scs-title",
            "id": "scs-title",
            "data": {
                "alignment": "fill",
                "backgroundColor": "",
                "borderColor": "#808080",
                "borderRadius": 0,
                "borderStyle": "none",
                "borderWidth": 1,
                "fontColor": "#333333",
                "fontFamily": "'Helvetica Neue', Helvetica, Arial, sans-serif",
                "fontSize": 24,
                "innerHTML": "<div><!-- ko if: visible --><div class=\"scs-title  scs-component scs-title-default-style\" style=\"margin-top:5px;margin-right:5px;margin-bottom:5px;margin-left:5px;\"><div class=\"scs-component-content\" data-bind=\"scsCompSetupLightbox\" style=\"text-align:left;width:100%;\"><div class=\"scs-title-text\" style=\"\"><div style=\"text-align:center\">COPYRIGHT © 2020</div></div></div></div><!-- /ko --></div>",
                "marginBottom": 5,
                "marginLeft": 5,
                "marginRight": 5,
                "marginTop": 5,
                "placeholderText": "",
                "styleClass": "",
                "styleClassName": "",
                "styleClassTag": "",
                "toolbarGroups": "",
                "useStyleClass": "true",
                "userText": "<div style=\"text-align:center\">COPYRIGHT © 2020</div>",
                "visible": true,
                "width": 400
            }
        },
        "a08a2540-3bf9-416f-83de-fa0fe54f5159": {
            "type": "scs-componentgroup",
            "id": "StarterFooter",
            "data": {
                "className": "",
                "components": ["b98e32fc-19a8-46ae-910e-6accfe5bf465", "d0d46453-ee50-4341-a70c-8ec77009486c"],
                "grid": "<div class=\"scs-row\"><div class=\"scs-col\" style=\"width: 33.33%;\"><div id=\"b98e32fc-19a8-46ae-910e-6accfe5bf465\"></div></div><div class=\"scs-col\" style=\"width: 66.67%;\"><div id=\"d0d46453-ee50-4341-a70c-8ec77009486c\"></div></div></div>"
            }
        },
        "bf6718e1-0183-41d4-a5f4-c73a95affbf1": {
            "type": "scs-component",
            "id": "NavMenu",
            "data": {
                "actions": "",
                "alignment": "fill",
                "assets": "",
                "borderColor": "#808080",
                "borderRadius": 0,
                "borderStyle": "none",
                "borderWidth": 1,
                "componentId": "navMenu",
                "componentName": "NavMenu",
                "componentFactory": "",
                "componentLayout": "default",
                "contentId": "",
                "contentLayoutCategory": "",
                "contentPlaceholder": false,
                "contentTypes": [],
                "contentViewing": "",
                "customRenderComplete": false,
                "customSettingsData": {},
                "componentConfig": {
                    "id": "NavMenu-component",
                    "settingsData": {
                        "settingsHeight": 26,
                        "settingsRenderOption": "none",
                        "componentLayouts": [],
                        "actions": []
                    }
                },
                "description": "",
                "detailPageId": "",
                "height": "",
                "initialized": true,
                "isCaaSLayout": false,
                "linkType": "scs-link-action",
                "marginBottom": 0,
                "marginLeft": 0,
                "marginRight": 0,
                "marginTop": 0,
                "nestedComponents": [],
                "styleClass": "",
                "styleClassName": "",
                "seeded": false,
                "useStyleClass": "true",
                "visible": true,
                "visibleOnMobile": "",
                "visibleNestedComponents": [],
                "width": 0
            }
        }
    }
}