{"properties":{"title":null,"pageLayout":"index.html","mobileLayout":"","pageDescription":null,"keywords":null,"hideFromSearchEngines":false,"header":"","footer":"","noIndex":false,"noFollow":false,"noArchive":false,"noSnippet":false,"isCobrowseEnabled":false,"overrideWebAnalytics":false,"webAnalyticsScript":null},"slots":{"slot-content":{"components":["81e3252e-0bc8-4d6f-a8f7-00c4a392ddb8","5a5dd154-e7cd-4d36-a2ee-8e1bd1cdce9a"],"grid":"<div class=\"scs-row\"><div class=\"scs-col\" style=\"width: 100%;\"><div id=\"81e3252e-0bc8-4d6f-a8f7-00c4a392ddb8\"></div><div id=\"5a5dd154-e7cd-4d36-a2ee-8e1bd1cdce9a\"></div></div></div>"},"footer":{"components":["cfe1a606-7345-4fdf-97e2-150e078bea65"],"grid":"<div class=\"scs-row\"><div class=\"scs-col\" style=\"width: 100%;\"><div id=\"cfe1a606-7345-4fdf-97e2-150e078bea65\"></div></div></div>"},"logocontainer":{"components":["b5d4b9ce-b824-4ae0-8aac-8fb4652b3458"],"grid":"<div class=\"scs-row\"><div class=\"scs-col\" style=\"width: 100%;\"><div id=\"b5d4b9ce-b824-4ae0-8aac-8fb4652b3458\"></div></div></div>"},"navMenu":{"components":["b02cb0ca-8bf9-4a5f-a256-d99cb206e663"],"grid":"<div class=\"scs-row\"><div class=\"scs-col\" style=\"width: 100%;\"><div id=\"b02cb0ca-8bf9-4a5f-a256-d99cb206e663\"></div></div></div>"}},"componentInstances":{"81e3252e-0bc8-4d6f-a8f7-00c4a392ddb8":{"type":"scs-title","id":"scs-title","data":{"alignment":"fill","backgroundColor":"","borderColor":"#808080","borderRadius":0,"borderStyle":"none","borderWidth":1,"fontColor":"#333333","fontFamily":"'Helvetica Neue', Helvetica, Arial, sans-serif","fontSize":24,"innerHTML":"<div><!-- ko if: visible --><div class=\"scs-title  scs-component scs-title-default-style\" style=\"margin-top:5px;margin-right:5px;margin-bottom:5px;margin-left:5px;\"><div class=\"scs-component-content\" data-bind=\"scsCompSetupLightbox\" style=\"text-align:left;width:100%;\"><div class=\"scs-title-text\" style=\"\"><div>Welcome!</div></div></div></div><!-- /ko --></div>","marginBottom":5,"marginLeft":5,"marginRight":5,"marginTop":5,"placeholderText":"","styleClass":"","styleClassName":"","styleClassTag":"","toolbarGroups":"","useStyleClass":"true","userText":"<div>Welcome!</div>","visible":true,"width":400}},"5a5dd154-e7cd-4d36-a2ee-8e1bd1cdce9a":{"type":"scs-paragraph","id":"scs-paragraph","data":{"alignment":"fill","backgroundColor":"","borderColor":"#808080","borderRadius":0,"borderStyle":"none","borderWidth":1,"fontColor":"#333333","fontFamily":"'Helvetica Neue', Helvetica, Arial, sans-serif","fontSize":16,"marginBottom":5,"marginLeft":5,"marginRight":5,"marginTop":5,"placeholderText":"","styleClass":"","styleClassName":"","styleClassTag":"","toolbarGroups":"","useStyleClass":"true","userText":"<div><div>The template provides samples of integrating VBCS web applications and REST API to support forms in CEC Sites.</div><div>&nbsp;</div><div>The samples are on the following pages in this site:</div><div>&nbsp;</div><div><a target=\"_self\" linktype=\"scs-link-sitepage\" href=\"[!--$SCS_PAGE--]100[/!--$SCS_PAGE--]\">Samples</a></div><ul><li><a target=\"_self\" linktype=\"scs-link-sitepage\" href=\"[!--$SCS_PAGE--]110[/!--$SCS_PAGE--]\">Public Request Form</a></li><li><a target=\"_self\" linktype=\"scs-link-sitepage\" href=\"[!--$SCS_PAGE--]120[/!--$SCS_PAGE--]\">Secure Request Form</a></li><li><a linktype=\"scs-link-sitepage\" target=\"_self\" href=\"[!--$SCS_PAGE--]130[/!--$SCS_PAGE--]\">Gated Form</a></li><li><a linktype=\"scs-link-sitepage\" target=\"_self\" href=\"[!--$SCS_PAGE--]140[/!--$SCS_PAGE--]\">Request Data Chart</a></li><li><a linktype=\"scs-link-sitepage\" target=\"_self\" href=\"[!--$SCS_PAGE--]150[/!--$SCS_PAGE--]\">Enroll Form</a></li><li><a linktype=\"scs-link-sitepage\" target=\"_self\" href=\"[!--$SCS_PAGE--]205[/!--$SCS_PAGE--]\">Event Registration Form</a></li></ul><div>For more information about CEC-VBCS integration, see <a href=\"https://docs.oracle.com/en/cloud/paas/content-cloud/developer/visual-builder-cloud-service-apps.html\" target=\"_blank\">Visual Builder Cloud Service Apps</a> in <em>Developing for Oracle Content and Experience</em>.</div></div>","visible":true,"visibleOnMobile":"","width":400}},"b02cb0ca-8bf9-4a5f-a256-d99cb206e663":{"type":"scs-component","id":"StarterNavMenu","data":{"actions":"","alignment":"fill","assets":"","borderColor":"#808080","borderRadius":0,"borderStyle":"none","borderWidth":1,"componentId":"starterNavMenu","componentName":"Starter Navigation Menu Component","componentFactory":"","componentLayout":"default","contentId":"","contentLayoutCategory":"","contentPlaceholder":false,"contentTypes":[],"contentViewing":"","customSettingsData":{"externalSiteEnabled":false},"componentConfig":{"id":"StarterNavMenu-component","settingsData":{"settingsWidth":350,"settingsRenderOption":"dialog","componentLayouts":[],"actions":[]},"initialData":{"componentId":"starterNavMenu","componentName":"Navigation Menu Component","componentLayout":"default","marginBottom":0,"marginLeft":0,"marginRight":0,"marginTop":0,"customSettingsData":{"externalSiteEnabled":false},"nestedComponents":[]}},"description":"","detailPageId":"","height":"","initialized":true,"isCaaSLayout":false,"linkType":"scs-link-action","marginBottom":0,"marginLeft":0,"marginRight":0,"marginTop":0,"nestedComponents":[],"styleClass":"","styleClassName":"","seeded":false,"useStyleClass":"true","visible":true,"visibleNestedComponents":[],"width":0}},"bca98e09-a67d-4e03-b7a3-a38e32b1a344":{"type":"scs-socialbar","id":"scs-socialbar","data":{"alignment":"left","backgroundColor":"","borderColor":"#808080","borderRadius":0,"borderStyle":"none","borderWidth":1,"iconSize":28,"iconSpacing":10,"images":[{"source":"","name":"COMP_ICON_FACEBOOK","class":"scs-facebook-icon","title":"","altText":"","description":"","link":"http://www.facebook.com","target":["_blank"]},{"source":"","name":"COMP_ICON_LINKEDIN","class":"scs-linkedin-icon","title":"","altText":"","description":"","link":"http://www.linkedin.com","target":["_blank"]},{"source":"","name":"COMP_ICON_TWITTER","class":"scs-twitter-icon","title":"","altText":"","description":"","link":"http://www.twitter.com","target":["_blank"]},{"source":"","name":"COMP_ICON_GOOGLEPLUS","class":"scs-googleplus-icon","title":"","altText":"","description":"","link":"http://plus.google.com","target":["_blank"]},{"source":"","name":"COMP_ICON_YOUTUBE","class":"scs-youtube-icon","title":"","altText":"","description":"","link":"http://www.youtube.com","target":["_blank"]}],"layout":"horizontal","marginBottom":5,"marginLeft":5,"marginRight":5,"marginTop":5,"styleClass":"","useStyleClass":"true","visible":true}},"f0282892-23c7-41d1-8ec7-725812c05cc4":{"type":"scs-title","id":"scs-title","data":{"alignment":"fill","backgroundColor":"","borderColor":"#808080","borderRadius":0,"borderStyle":"none","borderWidth":1,"fontColor":"#333333","fontFamily":"'Helvetica Neue', Helvetica, Arial, sans-serif","fontSize":24,"innerHTML":"<div><!-- ko if: visible --><div class=\"scs-title  scs-component scs-title-default-style\" style=\"margin-top:5px;margin-right:5px;margin-bottom:5px;margin-left:5px;\"><div class=\"scs-component-content\" data-bind=\"scsCompSetupLightbox\" style=\"text-align:left;width:100%;\"><div class=\"scs-title-text\" style=\"\"><div style=\"text-align:center\">COPYRIGHT © 2018</div></div></div></div><!-- /ko --></div>","marginBottom":5,"marginLeft":5,"marginRight":5,"marginTop":5,"placeholderText":"","styleClass":"","styleClassName":"","styleClassTag":"","toolbarGroups":"","useStyleClass":"true","userText":"<div style=\"text-align:center\">COPYRIGHT © 2018</div>","visible":true,"width":400}},"cfe1a606-7345-4fdf-97e2-150e078bea65":{"type":"scs-componentgroup","id":"StarterFooter","data":{"className":"","components":["bca98e09-a67d-4e03-b7a3-a38e32b1a344","f0282892-23c7-41d1-8ec7-725812c05cc4"],"grid":"<div class=\"scs-row\"><div class=\"scs-col\" style=\"width: 33.33%;\"><div id=\"bca98e09-a67d-4e03-b7a3-a38e32b1a344\"></div></div><div class=\"scs-col\" style=\"width: 66.67%;\"><div id=\"f0282892-23c7-41d1-8ec7-725812c05cc4\"></div></div></div>"}}}}