{
	"properties": {
		"title": "",
		"pageLayout": "index.html",
		"mobileLayout": "",
		"pageDescription": "",
		"keywords": "",
		"hideFromSearchEngines": false,
		"header": "",
		"footer": "",
		"noIndex": false,
		"noFollow": false,
		"noArchive": false,
		"noSnippet": false,
		"isCobrowseEnabled": false,
		"overrideWebAnalytics": false,
		"webAnalyticsScript": null
	},
	"slots": {
		"slot-content": {
			"components": ["89188c7b-5be0-4c03-b1ca-32cfee6d9961", "6cf52a7b-40a7-45ec-bf69-2dae0d81304a"],
			"grid": "<div class=\"scs-row\"><div class=\"scs-col\" style=\"width: 100%;\"><div id=\"89188c7b-5be0-4c03-b1ca-32cfee6d9961\"></div></div></div><div class=\"scs-row\"><div style=\"width: 100%;\" class=\"scs-col\"><div id=\"6cf52a7b-40a7-45ec-bf69-2dae0d81304a\"></div></div></div>"
		},
		"navMenu": {
			"components": ["ad944c07-5b43-4b04-b343-bfd0c042d744"],
			"grid": "<div class=\"scs-row\"><div class=\"scs-col\" style=\"width: 100%;\"><div id=\"ad944c07-5b43-4b04-b343-bfd0c042d744\"></div></div></div>"
		},
		"footer": {
			"components": ["ba89ead6-250d-4167-a537-7089bac5ddac"],
			"grid": "<div class=\"scs-row\"><div class=\"scs-col\" style=\"width: 100%;\"><div id=\"ba89ead6-250d-4167-a537-7089bac5ddac\"></div></div></div>"
		},
		"logocontainer": {
			"components": ["baa0fec7-cd4a-490e-b42c-2fcaa9e72545"],
			"grid": "<div class=\"scs-row\"><div class=\"scs-col\" style=\"width: 100%;\"><div id=\"baa0fec7-cd4a-490e-b42c-2fcaa9e72545\"></div></div></div>"
		}
	},
	"componentInstances": {
		"89188c7b-5be0-4c03-b1ca-32cfee6d9961": {
			"type": "scs-title",
			"id": "scs-title",
			"data": {
				"alignment": "fill",
				"backgroundColor": "",
				"borderColor": "#808080",
				"borderRadius": 0,
				"borderStyle": "none",
				"borderWidth": 1,
				"fontColor": "#333333",
				"fontFamily": "'Helvetica Neue', Helvetica, Arial, sans-serif",
				"fontSize": 24,
				"marginBottom": 5,
				"marginLeft": 5,
				"marginRight": 5,
				"marginTop": 5,
				"placeholderText": "",
				"styleClass": "",
				"styleClassName": "",
				"styleClassTag": "",
				"toolbarGroups": "",
				"useStyleClass": "true",
				"userText": "<div>Set Up VBCS</div>",
				"visible": true,
				"visibleOnMobile": "",
				"width": 400
			}
		},
		"6cf52a7b-40a7-45ec-bf69-2dae0d81304a": {
			"type": "scs-paragraph",
			"id": "scs-paragraph",
			"data": {
				"alignment": "fill",
				"backgroundColor": "",
				"borderColor": "#808080",
				"borderRadius": 0,
				"borderStyle": "none",
				"borderWidth": 1,
				"fontColor": "#333333",
				"fontFamily": "'Helvetica Neue', Helvetica, Arial, sans-serif",
				"fontSize": 16,
				"marginBottom": 5,
				"marginLeft": 5,
				"marginRight": 5,
				"marginTop": 5,
				"placeholderText": "",
				"styleClass": "",
				"styleClassName": "",
				"styleClassTag": "",
				"toolbarGroups": "",
				"useStyleClass": "true",
				"userText": "<div><ul><li>Configure VBCS connection on CEC<ul><li><span data-acc=\"2521\" class=\"oit5\">Choose Administration &gt; Integrations &gt;&nbsp;</span><span data-acc=\"2560\" class=\"oit5\">Applications</span></li><li><span data-acc=\"2560\" class=\"oit5\"><span data-acc=\"2573\" class=\"oit5\">Click&nbsp;</span><span data-acc=\"2579\" class=\"oit5\">the&nbsp;</span><span data-acc=\"2583\" class=\"oit5\">“</span><span data-acc=\"2584\" class=\"oit5\">Visual Builder Cloud Service Integration</span><span data-acc=\"2624\" class=\"oit5\">”</span><span data-acc=\"2625\" class=\"oit5\">&nbsp;checkbox</span></span></li><li><span data-acc=\"2560\" class=\"oit5\"><span data-acc=\"2625\" class=\"oit5\"></span><span data-acc=\"2635\" class=\"oit5\">Enter the VBCS server URL,&nbsp; and click Save</span></span><br>&nbsp;</li></ul></li><li>Get the VBCS web application export files from CEC<ul><li>Choose Developer &gt;<span>&nbsp;</span><span class=\"breadcrumb-sep\"></span>Templates</li><li>Choose VBCSSampleFormsTemplate, and click Open</li><li>Click folder assets</li><li>Click folder VBCSApps</li><li>Download RequestForm.zip, SecureRequestForm.zip, SchoolEnroll.zip and EventReqistration.zip<br>&nbsp;</li></ul></li><li>Import the VBCS applications to VBCS<ul><li>Connect to VBCS server</li><li>Add the CEC instance to Allowed Origins</li><li>Choose Import &gt; Application from file</li><li>Drag each of the downloaded zip files, keep the original Application ID&nbsp; and Name, click on Import</li></ul></li></ul></div><div><div>You can run the samples from the following pages:</div><div><div>&nbsp;</div><ul><li><a target=\"_self\" linktype=\"scs-link-sitepage\" href=\"[!--$SCS_PAGE--]110[/!--$SCS_PAGE--]\">Public Request Form</a></li><li><a target=\"_self\" linktype=\"scs-link-sitepage\" href=\"[!--$SCS_PAGE--]120[/!--$SCS_PAGE--]\">Secure Request Form</a></li><li><a linktype=\"scs-link-sitepage\" target=\"_self\" href=\"[!--$SCS_PAGE--]130[/!--$SCS_PAGE--]\">Gated Form</a></li><li><a linktype=\"scs-link-sitepage\" target=\"_self\" href=\"[!--$SCS_PAGE--]140[/!--$SCS_PAGE--]\">Request Data Chart</a></li><li><a linktype=\"scs-link-sitepage\" target=\"_self\" href=\"[!--$SCS_PAGE--]150[/!--$SCS_PAGE--]\">Enroll Form</a></li><li><a linktype=\"scs-link-sitepage\" target=\"_self\" href=\"[!--$SCS_PAGE--]205[/!--$SCS_PAGE--]\">Event Registration Form</a></li></ul></div></div>",
				"visible": true,
				"visibleOnMobile": "",
				"width": 400
			}
		},
		"ad944c07-5b43-4b04-b343-bfd0c042d744": {
			"type": "scs-component",
			"id": "StarterNavMenu",
			"data": {
				"actions": "",
				"alignment": "fill",
				"assets": "",
				"borderColor": "#808080",
				"borderRadius": 0,
				"borderStyle": "none",
				"borderWidth": 1,
				"componentId": "starterNavMenu",
				"componentName": "Starter Navigation Menu Component",
				"componentFactory": "",
				"componentLayout": "default",
				"contentId": "",
				"contentLayoutCategory": "",
				"contentPlaceholder": false,
				"contentTypes": [],
				"contentViewing": "",
				"customSettingsData": {
					"externalSiteEnabled": false
				},
				"componentConfig": {
					"id": "StarterNavMenu-component",
					"settingsData": {
						"settingsWidth": 350,
						"settingsRenderOption": "dialog",
						"componentLayouts": [],
						"actions": []
					},
					"initialData": {
						"componentId": "starterNavMenu",
						"componentName": "Starter Navigation Menu Component",
						"componentLayout": "default",
						"marginBottom": 0,
						"marginLeft": 0,
						"marginRight": 0,
						"marginTop": 0,
						"customSettingsData": {
							"externalSiteEnabled": false
						},
						"nestedComponents": []
					}
				},
				"description": "",
				"detailPageId": "",
				"height": "",
				"initialized": true,
				"isCaaSLayout": false,
				"linkType": "scs-link-action",
				"marginBottom": 0,
				"marginLeft": 0,
				"marginRight": 0,
				"marginTop": 0,
				"nestedComponents": [],
				"styleClass": "",
				"styleClassName": "",
				"seeded": false,
				"useStyleClass": "true",
				"visible": true,
				"visibleNestedComponents": [],
				"width": 0
			}
		},
		"baa0fec7-cd4a-490e-b42c-2fcaa9e72545": {
			"type": "scs-title",
			"id": "scs-title",
			"data": {
				"alignment": "fill",
				"backgroundColor": "",
				"borderColor": "#808080",
				"borderRadius": 0,
				"borderStyle": "none",
				"borderWidth": 1,
				"fontColor": "#333333",
				"fontFamily": "'Helvetica Neue', Helvetica, Arial, sans-serif",
				"fontSize": 24,
				"innerHTML": "<div><!-- ko if: visible --><div class=\"scs-title  scs-component scs-title-default-style\" style=\"margin-top:5px;margin-right:5px;margin-bottom:5px;margin-left:5px;\"><div class=\"scs-component-content\" data-bind=\"scsCompSetupLightbox\" style=\"text-align:left;width:100%;\"><div class=\"scs-title-text\" style=\"\"><div>Starter Template</div></div></div></div><!-- /ko --></div>",
				"marginBottom": 5,
				"marginLeft": 5,
				"marginRight": 5,
				"marginTop": 5,
				"placeholderText": "",
				"styleClass": "",
				"styleClassName": "",
				"styleClassTag": "",
				"toolbarGroups": "",
				"useStyleClass": "true",
				"userText": "<div>Starter Template</div>",
				"visible": true,
				"width": 400
			}
		},
		"c0b9dd5c-e005-457b-87f7-ab0fac36d7d8": {
			"type": "scs-socialbar",
			"id": "scs-socialbar",
			"data": {
				"alignment": "left",
				"backgroundColor": "",
				"borderColor": "#808080",
				"borderRadius": 0,
				"borderStyle": "none",
				"borderWidth": 1,
				"iconSize": 28,
				"iconSpacing": 10,
				"images": [{
					"source": "",
					"name": "COMP_ICON_FACEBOOK",
					"class": "scs-facebook-icon",
					"title": "",
					"altText": "",
					"description": "",
					"link": "http://www.facebook.com",
					"target": ["_blank"]
				}, {
					"source": "",
					"name": "COMP_ICON_LINKEDIN",
					"class": "scs-linkedin-icon",
					"title": "",
					"altText": "",
					"description": "",
					"link": "http://www.linkedin.com",
					"target": ["_blank"]
				}, {
					"source": "",
					"name": "COMP_ICON_TWITTER",
					"class": "scs-twitter-icon",
					"title": "",
					"altText": "",
					"description": "",
					"link": "http://www.twitter.com",
					"target": ["_blank"]
				}, {
					"source": "",
					"name": "COMP_ICON_GOOGLEPLUS",
					"class": "scs-googleplus-icon",
					"title": "",
					"altText": "",
					"description": "",
					"link": "http://plus.google.com",
					"target": ["_blank"]
				}, {
					"source": "",
					"name": "COMP_ICON_YOUTUBE",
					"class": "scs-youtube-icon",
					"title": "",
					"altText": "",
					"description": "",
					"link": "http://www.youtube.com",
					"target": ["_blank"]
				}],
				"layout": "horizontal",
				"marginBottom": 5,
				"marginLeft": 5,
				"marginRight": 5,
				"marginTop": 5,
				"styleClass": "",
				"useStyleClass": "true",
				"visible": true
			}
		},
		"a32e8961-3561-4ae3-97e2-896f1339eb54": {
			"type": "scs-title",
			"id": "scs-title",
			"data": {
				"alignment": "fill",
				"backgroundColor": "",
				"borderColor": "#808080",
				"borderRadius": 0,
				"borderStyle": "none",
				"borderWidth": 1,
				"fontColor": "#333333",
				"fontFamily": "'Helvetica Neue', Helvetica, Arial, sans-serif",
				"fontSize": 24,
				"innerHTML": "<div><!-- ko if: visible --><div class=\"scs-title  scs-component scs-title-default-style\" style=\"margin-top:5px;margin-right:5px;margin-bottom:5px;margin-left:5px;\"><div class=\"scs-component-content\" data-bind=\"scsCompSetupLightbox\" style=\"text-align:left;width:100%;\"><div class=\"scs-title-text\" style=\"\"><div style=\"text-align:center\">COPYRIGHT © 2018</div></div></div></div><!-- /ko --></div>",
				"marginBottom": 5,
				"marginLeft": 5,
				"marginRight": 5,
				"marginTop": 5,
				"placeholderText": "",
				"styleClass": "",
				"styleClassName": "",
				"styleClassTag": "",
				"toolbarGroups": "",
				"useStyleClass": "true",
				"userText": "<div style=\"text-align:center\">COPYRIGHT © 2018</div>",
				"visible": true,
				"width": 400
			}
		},
		"ba89ead6-250d-4167-a537-7089bac5ddac": {
			"type": "scs-componentgroup",
			"id": "StarterFooter",
			"data": {
				"className": "",
				"components": ["c0b9dd5c-e005-457b-87f7-ab0fac36d7d8", "a32e8961-3561-4ae3-97e2-896f1339eb54"],
				"grid": "<div class=\"scs-row\"><div class=\"scs-col\" style=\"width: 33.33%;\"><div id=\"c0b9dd5c-e005-457b-87f7-ab0fac36d7d8\"></div></div><div class=\"scs-col\" style=\"width: 66.67%;\"><div id=\"a32e8961-3561-4ae3-97e2-896f1339eb54\"></div></div></div>"
			}
		}
	}
}