{"properties":{"title":"","pageLayout":"index.html","mobileLayout":"","pageDescription":"","keywords":"","hideFromSearchEngines":false,"header":"","footer":"","noIndex":false,"noFollow":false,"noArchive":false,"noSnippet":false,"isCobrowseEnabled":false,"overrideWebAnalytics":false,"webAnalyticsScript":null},"slots":{"slot-content":{"components":["a944992b-09bb-4615-83a8-c27227214ef1"],"grid":"<div class=\"scs-row\"><div style=\"width: 100%;\" class=\"scs-col\"><div id=\"a944992b-09bb-4615-83a8-c27227214ef1\"></div></div></div>"},"footer":{"components":["ab225136-59f9-40e1-95eb-42f634626011"],"grid":"<div class=\"scs-row\"><div class=\"scs-col\" style=\"width: 100%;\"><div id=\"ab225136-59f9-40e1-95eb-42f634626011\"></div></div></div>"},"navMenu":{"components":["a3ccb6fc-b762-4b39-a68d-9a7b5b6fcb47"],"grid":"<div class=\"scs-row\"><div class=\"scs-col\" style=\"width: 100%;\"><div id=\"a3ccb6fc-b762-4b39-a68d-9a7b5b6fcb47\"></div></div></div>"},"logocontainer":{"components":["d237fc60-5f8f-4f9e-a2a2-f1cc3ed21358"],"grid":"<div class=\"scs-row\"><div class=\"scs-col\" style=\"width: 100%;\"><div id=\"d237fc60-5f8f-4f9e-a2a2-f1cc3ed21358\"></div></div></div>"}},"componentInstances":{"a3ccb6fc-b762-4b39-a68d-9a7b5b6fcb47":{"type":"scs-component","id":"StarterNavMenu","data":{"actions":"","alignment":"fill","assets":"","borderColor":"#808080","borderRadius":0,"borderStyle":"none","borderWidth":1,"componentId":"starterNavMenu","componentName":"Starter Navigation Menu Component","componentFactory":"","componentLayout":"default","contentId":"","contentLayoutCategory":"","contentPlaceholder":false,"contentTypes":[],"contentViewing":"","customSettingsData":{"externalSiteEnabled":false},"componentConfig":{"id":"StarterNavMenu-component","settingsData":{"settingsWidth":350,"settingsRenderOption":"dialog","componentLayouts":[],"actions":[]},"initialData":{"componentId":"starterNavMenu","componentName":"Starter Navigation Menu Component","componentLayout":"default","marginBottom":0,"marginLeft":0,"marginRight":0,"marginTop":0,"customSettingsData":{"externalSiteEnabled":false},"nestedComponents":[]}},"description":"","detailPageId":"","height":"","initialized":true,"isCaaSLayout":false,"linkType":"scs-link-action","marginBottom":0,"marginLeft":0,"marginRight":0,"marginTop":0,"nestedComponents":[],"styleClass":"","styleClassName":"","seeded":false,"useStyleClass":"true","visible":true,"visibleNestedComponents":[],"width":0}},"d237fc60-5f8f-4f9e-a2a2-f1cc3ed21358":{"type":"scs-title","id":"scs-title","data":{"alignment":"fill","backgroundColor":"","borderColor":"#808080","borderRadius":0,"borderStyle":"none","borderWidth":1,"fontColor":"#333333","fontFamily":"'Helvetica Neue', Helvetica, Arial, sans-serif","fontSize":24,"innerHTML":"<div><!-- ko if: visible --><div class=\"scs-title  scs-component scs-title-default-style\" style=\"margin-top:5px;margin-right:5px;margin-bottom:5px;margin-left:5px;\"><div class=\"scs-component-content\" data-bind=\"scsCompSetupLightbox\" style=\"text-align:left;width:100%;\"><div class=\"scs-title-text\" style=\"\"><div>Starter Template</div></div></div></div><!-- /ko --></div>","marginBottom":5,"marginLeft":5,"marginRight":5,"marginTop":5,"placeholderText":"","styleClass":"","styleClassName":"","styleClassTag":"","toolbarGroups":"","useStyleClass":"true","userText":"<div>Starter Template</div>","visible":true,"width":400}},"b0c77594-a20b-4043-863b-a00262de67a5":{"type":"scs-socialbar","id":"scs-socialbar","data":{"alignment":"left","backgroundColor":"","borderColor":"#808080","borderRadius":0,"borderStyle":"none","borderWidth":1,"iconSize":28,"iconSpacing":10,"images":[{"source":"","name":"COMP_ICON_FACEBOOK","class":"scs-facebook-icon","title":"","altText":"","description":"","link":"http://www.facebook.com","target":["_blank"]},{"source":"","name":"COMP_ICON_LINKEDIN","class":"scs-linkedin-icon","title":"","altText":"","description":"","link":"http://www.linkedin.com","target":["_blank"]},{"source":"","name":"COMP_ICON_TWITTER","class":"scs-twitter-icon","title":"","altText":"","description":"","link":"http://www.twitter.com","target":["_blank"]},{"source":"","name":"COMP_ICON_GOOGLEPLUS","class":"scs-googleplus-icon","title":"","altText":"","description":"","link":"http://plus.google.com","target":["_blank"]},{"source":"","name":"COMP_ICON_YOUTUBE","class":"scs-youtube-icon","title":"","altText":"","description":"","link":"http://www.youtube.com","target":["_blank"]}],"layout":"horizontal","marginBottom":5,"marginLeft":5,"marginRight":5,"marginTop":5,"styleClass":"","useStyleClass":"true","visible":true}},"aa65da46-7008-4c5a-a9fd-258815ef4a0e":{"type":"scs-title","id":"scs-title","data":{"alignment":"fill","backgroundColor":"","borderColor":"#808080","borderRadius":0,"borderStyle":"none","borderWidth":1,"fontColor":"#333333","fontFamily":"'Helvetica Neue', Helvetica, Arial, sans-serif","fontSize":24,"innerHTML":"<div><!-- ko if: visible --><div class=\"scs-title  scs-component scs-title-default-style\" style=\"margin-top:5px;margin-right:5px;margin-bottom:5px;margin-left:5px;\"><div class=\"scs-component-content\" data-bind=\"scsCompSetupLightbox\" style=\"text-align:left;width:100%;\"><div class=\"scs-title-text\" style=\"\"><div style=\"text-align:center\">COPYRIGHT © 2018</div></div></div></div><!-- /ko --></div>","marginBottom":5,"marginLeft":5,"marginRight":5,"marginTop":5,"placeholderText":"","styleClass":"","styleClassName":"","styleClassTag":"","toolbarGroups":"","useStyleClass":"true","userText":"<div style=\"text-align:center\">COPYRIGHT © 2018</div>","visible":true,"width":400}},"ab225136-59f9-40e1-95eb-42f634626011":{"type":"scs-componentgroup","id":"StarterFooter","data":{"className":"","components":["b0c77594-a20b-4043-863b-a00262de67a5","aa65da46-7008-4c5a-a9fd-258815ef4a0e"],"grid":"<div class=\"scs-row\"><div class=\"scs-col\" style=\"width: 33.33%;\"><div id=\"b0c77594-a20b-4043-863b-a00262de67a5\"></div></div><div class=\"scs-col\" style=\"width: 66.67%;\"><div id=\"aa65da46-7008-4c5a-a9fd-258815ef4a0e\"></div></div></div>"}},"a944992b-09bb-4615-83a8-c27227214ef1":{"type":"scs-component","id":"VBCS-Secure-Request-Form","data":{"actions":"","alignment":"fill","assets":"","borderColor":"#808080","borderRadius":0,"borderStyle":"none","borderWidth":1,"componentId":"VBCS-Request-Form","componentName":"VBCS-Secure-Request-Form","componentFactory":"","componentLayout":"default","contentId":"","contentLayoutCategory":"","contentPlaceholder":false,"contentTypes":[],"contentViewing":"","customRenderComplete":false,"customSettingsData":{"width":"260px"},"componentConfig":{"id":"VBCS-Request-Form","settingsData":{"settingsHeight":90,"settingsWidth":300,"settingsRenderOption":"dialog","componentLayouts":[{"name":"default","displayName":"IMAGE_LEFT_LAYOUT"},{"name":"right","displayName":"IMAGE_RIGHT_LAYOUT"},{"name":"top","displayName":"IMAGE_TOP_LAYOUT"}],"styles":[{"name":"Bold","class":"sample-component-bold-style"},{"name":"Italic","class":"sample-component-italic-style"}],"triggers":[{"triggerName":"imageClicked","triggerDescription":"Image clicked","triggerPayload":[{"name":"payloadData","displayName":"Trigger Payload Data"}]}],"actions":[{"actionName":"setImageWidth","actionDescription":"Update the image width","actionPayload":[{"name":"imageWidth","description":"Image Width in pixels","type":{"ojComponent":{"component":"ojInputText"}},"value":""}]}]}},"description":"","detailPageId":"","height":"","initialized":true,"isCaaSLayout":false,"linkType":"scs-link-action","marginBottom":5,"marginLeft":5,"marginRight":5,"marginTop":5,"nestedComponents":[{"id":"imageId","type":"scs-image","data":{"imageUrl":"[!--$SCS_DIST_FOLDER--]/renderer/app/sdk/images/sample-image.png","marginBottom":0,"marginLeft":0,"marginRight":20,"marginTop":0}},{"id":"titleId","type":"scs-title","data":{"userText":"<div>Local Component</div>","fontColor":"#000000","fontFamily":"'Helvetica Neue Light', Helvetica, Arial, sans-serif","fontSize":20,"marginBottom":14,"marginLeft":0,"marginRight":0,"marginTop":0,"useStyleClass":"false"}},{"id":"paragraphId","type":"scs-paragraph","data":{"userText":"<p style=\"line-height:1.4em;margin-bottom:4px;\">As a page author, you can edit the content and settings for this component. To change settings, including triggers and actions, click the component menu and choose Settings.</p><p style=\"line-height:1.4em;\">As a component developer, you can change the component and its defaults (such as this text) either by working with the files directly through the components browser or by using the desktop app to work with the files on your local system.</p><p><a target=\"_blank\" linktype=\"scs-link-webpage\" href=\"http://www.oracle.com/pls/topic/lookup?ctx=cloud&amp;id=sitescsbuilder_component\" style=\"text-decoration:none\"><span style=\"color: #145FAB\">More...</span></a></p>","fontColor":"#333333","fontFamily":"'Helvetica Neue Regular', Helvetica, Arial, sans-serif","fontSize":14,"marginBottom":10,"marginLeft":0,"marginRight":0,"marginTop":0,"useStyleClass":"false"}}],"styleClass":"","styleClassName":"","seeded":false,"useStyleClass":"true","visible":true,"visibleOnMobile":"","visibleNestedComponents":[],"width":0}}}}