{
	"properties": {
		"title": "",
		"pageLayout": "index.html",
		"mobileLayout": "",
		"pageDescription": "",
		"keywords": "",
		"hideFromSearchEngines": false,
		"header": "",
		"footer": "",
		"noIndex": false,
		"noFollow": false,
		"noArchive": false,
		"noSnippet": false,
		"isCobrowseEnabled": false,
		"overrideWebAnalytics": false,
		"webAnalyticsScript": null
	},
	"slots": {
		"slot-content": {
			"components": ["e39c8a68-6cf2-4bcc-9442-8d9cf836dab2"],
			"grid": "<div class=\"scs-row\"><div style=\"width: 100%;\" class=\"scs-col\"><div id=\"e39c8a68-6cf2-4bcc-9442-8d9cf836dab2\"></div></div></div>"
		},
		"footer": {
			"components": ["ce5d33dc-52ce-4d82-8d4e-f6325a903ae4"],
			"grid": "<div class=\"scs-row\"><div class=\"scs-col\" style=\"width: 100%;\"><div id=\"ce5d33dc-52ce-4d82-8d4e-f6325a903ae4\"></div></div></div>"
		},
		"navMenu": {
			"components": ["ef32bd89-ba8b-42c7-900a-fc3d9eec0c8e"],
			"grid": "<div class=\"scs-row\"><div class=\"scs-col\" style=\"width: 100%;\"><div id=\"ef32bd89-ba8b-42c7-900a-fc3d9eec0c8e\"></div></div></div>"
		},
		"logocontainer": {
			"components": ["bb89138b-540d-42f2-beb8-e8b462883257"],
			"grid": "<div class=\"scs-row\"><div class=\"scs-col\" style=\"width: 100%;\"><div id=\"bb89138b-540d-42f2-beb8-e8b462883257\"></div></div></div>"
		}
	},
	"componentInstances": {
		"ef32bd89-ba8b-42c7-900a-fc3d9eec0c8e": {
			"type": "scs-component",
			"id": "StarterNavMenu",
			"data": {
				"actions": "",
				"alignment": "fill",
				"assets": "",
				"borderColor": "#808080",
				"borderRadius": 0,
				"borderStyle": "none",
				"borderWidth": 1,
				"componentId": "starterNavMenu",
				"componentName": "Starter Navigation Menu Component",
				"componentFactory": "",
				"componentLayout": "default",
				"contentId": "",
				"contentLayoutCategory": "",
				"contentPlaceholder": false,
				"contentTypes": [],
				"contentViewing": "",
				"customSettingsData": {
					"externalSiteEnabled": false
				},
				"componentConfig": {
					"id": "StarterNavMenu-component",
					"settingsData": {
						"settingsWidth": 350,
						"settingsRenderOption": "dialog",
						"componentLayouts": [],
						"actions": []
					},
					"initialData": {
						"componentId": "starterNavMenu",
						"componentName": "Starter Navigation Menu Component",
						"componentLayout": "default",
						"marginBottom": 0,
						"marginLeft": 0,
						"marginRight": 0,
						"marginTop": 0,
						"customSettingsData": {
							"externalSiteEnabled": false
						},
						"nestedComponents": []
					}
				},
				"description": "",
				"detailPageId": "",
				"height": "",
				"initialized": true,
				"isCaaSLayout": false,
				"linkType": "scs-link-action",
				"marginBottom": 0,
				"marginLeft": 0,
				"marginRight": 0,
				"marginTop": 0,
				"nestedComponents": [],
				"styleClass": "",
				"styleClassName": "",
				"seeded": false,
				"useStyleClass": "true",
				"visible": true,
				"visibleNestedComponents": [],
				"width": 0
			}
		},
		"bb89138b-540d-42f2-beb8-e8b462883257": {
			"type": "scs-title",
			"id": "scs-title",
			"data": {
				"alignment": "fill",
				"backgroundColor": "",
				"borderColor": "#808080",
				"borderRadius": 0,
				"borderStyle": "none",
				"borderWidth": 1,
				"fontColor": "#333333",
				"fontFamily": "'Helvetica Neue', Helvetica, Arial, sans-serif",
				"fontSize": 24,
				"innerHTML": "<div><!-- ko if: visible --><div class=\"scs-title  scs-component scs-title-default-style\" style=\"margin-top:5px;margin-right:5px;margin-bottom:5px;margin-left:5px;\"><div class=\"scs-component-content\" data-bind=\"scsCompSetupLightbox\" style=\"text-align:left;width:100%;\"><div class=\"scs-title-text\" style=\"\"><div>Starter Template</div></div></div></div><!-- /ko --></div>",
				"marginBottom": 5,
				"marginLeft": 5,
				"marginRight": 5,
				"marginTop": 5,
				"placeholderText": "",
				"styleClass": "",
				"styleClassName": "",
				"styleClassTag": "",
				"toolbarGroups": "",
				"useStyleClass": "true",
				"userText": "<div>Starter Template</div>",
				"visible": true,
				"width": 400
			}
		},
		"a5248fb0-5698-47e1-94df-b7bdd6d07efa": {
			"type": "scs-socialbar",
			"id": "scs-socialbar",
			"data": {
				"alignment": "left",
				"backgroundColor": "",
				"borderColor": "#808080",
				"borderRadius": 0,
				"borderStyle": "none",
				"borderWidth": 1,
				"iconSize": 28,
				"iconSpacing": 10,
				"images": [{
					"source": "",
					"name": "COMP_ICON_FACEBOOK",
					"class": "scs-facebook-icon",
					"title": "",
					"altText": "",
					"description": "",
					"link": "http://www.facebook.com",
					"target": ["_blank"]
				}, {
					"source": "",
					"name": "COMP_ICON_LINKEDIN",
					"class": "scs-linkedin-icon",
					"title": "",
					"altText": "",
					"description": "",
					"link": "http://www.linkedin.com",
					"target": ["_blank"]
				}, {
					"source": "",
					"name": "COMP_ICON_TWITTER",
					"class": "scs-twitter-icon",
					"title": "",
					"altText": "",
					"description": "",
					"link": "http://www.twitter.com",
					"target": ["_blank"]
				}, {
					"source": "",
					"name": "COMP_ICON_GOOGLEPLUS",
					"class": "scs-googleplus-icon",
					"title": "",
					"altText": "",
					"description": "",
					"link": "http://plus.google.com",
					"target": ["_blank"]
				}, {
					"source": "",
					"name": "COMP_ICON_YOUTUBE",
					"class": "scs-youtube-icon",
					"title": "",
					"altText": "",
					"description": "",
					"link": "http://www.youtube.com",
					"target": ["_blank"]
				}],
				"layout": "horizontal",
				"marginBottom": 5,
				"marginLeft": 5,
				"marginRight": 5,
				"marginTop": 5,
				"styleClass": "",
				"useStyleClass": "true",
				"visible": true
			}
		},
		"d7d551b6-02fb-43fa-93e1-d5625db236bc": {
			"type": "scs-title",
			"id": "scs-title",
			"data": {
				"alignment": "fill",
				"backgroundColor": "",
				"borderColor": "#808080",
				"borderRadius": 0,
				"borderStyle": "none",
				"borderWidth": 1,
				"fontColor": "#333333",
				"fontFamily": "'Helvetica Neue', Helvetica, Arial, sans-serif",
				"fontSize": 24,
				"innerHTML": "<div><!-- ko if: visible --><div class=\"scs-title  scs-component scs-title-default-style\" style=\"margin-top:5px;margin-right:5px;margin-bottom:5px;margin-left:5px;\"><div class=\"scs-component-content\" data-bind=\"scsCompSetupLightbox\" style=\"text-align:left;width:100%;\"><div class=\"scs-title-text\" style=\"\"><div style=\"text-align:center\">COPYRIGHT © 2018</div></div></div></div><!-- /ko --></div>",
				"marginBottom": 5,
				"marginLeft": 5,
				"marginRight": 5,
				"marginTop": 5,
				"placeholderText": "",
				"styleClass": "",
				"styleClassName": "",
				"styleClassTag": "",
				"toolbarGroups": "",
				"useStyleClass": "true",
				"userText": "<div style=\"text-align:center\">COPYRIGHT © 2018</div>",
				"visible": true,
				"width": 400
			}
		},
		"ce5d33dc-52ce-4d82-8d4e-f6325a903ae4": {
			"type": "scs-componentgroup",
			"id": "StarterFooter",
			"data": {
				"className": "",
				"components": ["a5248fb0-5698-47e1-94df-b7bdd6d07efa", "d7d551b6-02fb-43fa-93e1-d5625db236bc"],
				"grid": "<div class=\"scs-row\"><div class=\"scs-col\" style=\"width: 33.33%;\"><div id=\"a5248fb0-5698-47e1-94df-b7bdd6d07efa\"></div></div><div class=\"scs-col\" style=\"width: 66.67%;\"><div id=\"d7d551b6-02fb-43fa-93e1-d5625db236bc\"></div></div></div>"
			}
		},
		"e39c8a68-6cf2-4bcc-9442-8d9cf836dab2": {
			"type": "scs-component",
			"id": "VBCS-Gated-Form",
			"data": {
				"actions": [{
					"triggerName": "VBCSGatedFormSubmitted",
					"actionName": "scsActionDownloadFile",
					"actionDescription": "ACTION_DOWNLOAD_FILE_DESCRIPTION",
					"actionComponent": "comp",
					"actionPayload": [{
						"name": "file",
						"description": "ACTION_DOWNLOAD_FILE_SELECT_FILE",
						"type": {
							"ojComponent": {
								"component": "ojInputText"
							}
						},
						"value": "$payload.payloadData"
					}]
				}],
				"alignment": "fill",
				"assets": "",
				"borderColor": "#808080",
				"borderRadius": 0,
				"borderStyle": "none",
				"borderWidth": 1,
				"componentId": "ECVBCS-Gated-Form",
				"componentName": "VBCS-Gated-Form",
				"componentFactory": "",
				"componentLayout": "default",
				"contentId": "",
				"contentLayoutCategory": "",
				"contentPlaceholder": false,
				"contentTypes": [],
				"contentViewing": "",
				"customRenderComplete": false,
				"customSettingsData": {
					"width": "260px"
				},
				"componentConfig": {
					"id": "ECVBCS-Gated-Form",
					"settingsData": {
						"settingsHeight": 90,
						"settingsWidth": 300,
						"settingsRenderOption": "dialog",
						"componentLayouts": [],
						"triggers": [{
							"triggerName": "VBCSGatedFormSubmitted",
							"triggerDescription": "VBCS gated form submitted",
							"triggerPayload": [{
								"name": "payloadData",
								"displayName": "Document URL"
							}]
						}],
						"actions": []
					}
				},
				"description": "",
				"detailPageId": "",
				"height": "",
				"initialized": true,
				"isCaaSLayout": false,
				"linkType": "scs-link-action",
				"marginBottom": 5,
				"marginLeft": 5,
				"marginRight": 5,
				"marginTop": 5,
				"nestedComponents": [],
				"styleClass": "",
				"styleClassName": "",
				"seeded": false,
				"useStyleClass": "true",
				"visible": true,
				"visibleOnMobile": "",
				"visibleNestedComponents": [],
				"width": 0
			}
		}
	}
}