{"properties":{"title":"","pageLayout":"index.html","mobileLayout":"","pageDescription":"","keywords":"","hideFromSearchEngines":false,"header":"","footer":"","noIndex":false,"noFollow":false,"noArchive":false,"noSnippet":false,"isCobrowseEnabled":false,"overrideWebAnalytics":false,"webAnalyticsScript":null},"slots":{"slot-content":{"components":["d29a9aac-3407-4a48-840d-8b594cf9dd6d"],"grid":"<div class=\"scs-row\"><div style=\"width: 100%;\" class=\"scs-col\"><div id=\"d29a9aac-3407-4a48-840d-8b594cf9dd6d\"></div></div></div>"},"footer":{"components":["bc4dd721-758a-40ea-8060-e0c9300b8d34"],"grid":"<div class=\"scs-row\"><div class=\"scs-col\" style=\"width: 100%;\"><div id=\"bc4dd721-758a-40ea-8060-e0c9300b8d34\"></div></div></div>"},"navMenu":{"components":["a14a948c-dbde-4e9f-9669-98041a7cb954"],"grid":"<div class=\"scs-row\"><div class=\"scs-col\" style=\"width: 100%;\"><div id=\"a14a948c-dbde-4e9f-9669-98041a7cb954\"></div></div></div>"},"logocontainer":{"components":["a8bdab3e-c53a-46ae-afdd-1144afc815ca"],"grid":"<div class=\"scs-row\"><div class=\"scs-col\" style=\"width: 100%;\"><div id=\"a8bdab3e-c53a-46ae-afdd-1144afc815ca\"></div></div></div>"}},"componentInstances":{"a14a948c-dbde-4e9f-9669-98041a7cb954":{"type":"scs-component","id":"StarterNavMenu","data":{"actions":"","alignment":"fill","assets":"","borderColor":"#808080","borderRadius":0,"borderStyle":"none","borderWidth":1,"componentId":"starterNavMenu","componentName":"Starter Navigation Menu Component","componentFactory":"","componentLayout":"default","contentId":"","contentLayoutCategory":"","contentPlaceholder":false,"contentTypes":[],"contentViewing":"","customSettingsData":{"externalSiteEnabled":false},"componentConfig":{"id":"StarterNavMenu-component","settingsData":{"settingsWidth":350,"settingsRenderOption":"dialog","componentLayouts":[],"actions":[]},"initialData":{"componentId":"starterNavMenu","componentName":"Starter Navigation Menu Component","componentLayout":"default","marginBottom":0,"marginLeft":0,"marginRight":0,"marginTop":0,"customSettingsData":{"externalSiteEnabled":false},"nestedComponents":[]}},"description":"","detailPageId":"","height":"","initialized":true,"isCaaSLayout":false,"linkType":"scs-link-action","marginBottom":0,"marginLeft":0,"marginRight":0,"marginTop":0,"nestedComponents":[],"styleClass":"","styleClassName":"","seeded":false,"useStyleClass":"true","visible":true,"visibleNestedComponents":[],"width":0}},"a8bdab3e-c53a-46ae-afdd-1144afc815ca":{"type":"scs-title","id":"scs-title","data":{"alignment":"fill","backgroundColor":"","borderColor":"#808080","borderRadius":0,"borderStyle":"none","borderWidth":1,"fontColor":"#333333","fontFamily":"'Helvetica Neue', Helvetica, Arial, sans-serif","fontSize":24,"innerHTML":"<div><!-- ko if: visible --><div class=\"scs-title  scs-component scs-title-default-style\" style=\"margin-top:5px;margin-right:5px;margin-bottom:5px;margin-left:5px;\"><div class=\"scs-component-content\" data-bind=\"scsCompSetupLightbox\" style=\"text-align:left;width:100%;\"><div class=\"scs-title-text\" style=\"\"><div>Starter Template</div></div></div></div><!-- /ko --></div>","marginBottom":5,"marginLeft":5,"marginRight":5,"marginTop":5,"placeholderText":"","styleClass":"","styleClassName":"","styleClassTag":"","toolbarGroups":"","useStyleClass":"true","userText":"<div>Starter Template</div>","visible":true,"width":400}},"ab74ab24-f7d5-4563-b5bf-c480d59196fe":{"type":"scs-socialbar","id":"scs-socialbar","data":{"alignment":"left","backgroundColor":"","borderColor":"#808080","borderRadius":0,"borderStyle":"none","borderWidth":1,"iconSize":28,"iconSpacing":10,"images":[{"source":"","name":"COMP_ICON_FACEBOOK","class":"scs-facebook-icon","title":"","altText":"","description":"","link":"http://www.facebook.com","target":["_blank"]},{"source":"","name":"COMP_ICON_LINKEDIN","class":"scs-linkedin-icon","title":"","altText":"","description":"","link":"http://www.linkedin.com","target":["_blank"]},{"source":"","name":"COMP_ICON_TWITTER","class":"scs-twitter-icon","title":"","altText":"","description":"","link":"http://www.twitter.com","target":["_blank"]},{"source":"","name":"COMP_ICON_GOOGLEPLUS","class":"scs-googleplus-icon","title":"","altText":"","description":"","link":"http://plus.google.com","target":["_blank"]},{"source":"","name":"COMP_ICON_YOUTUBE","class":"scs-youtube-icon","title":"","altText":"","description":"","link":"http://www.youtube.com","target":["_blank"]}],"layout":"horizontal","marginBottom":5,"marginLeft":5,"marginRight":5,"marginTop":5,"styleClass":"","useStyleClass":"true","visible":true}},"a746301b-8a4b-47b8-af85-52d3b09fab87":{"type":"scs-title","id":"scs-title","data":{"alignment":"fill","backgroundColor":"","borderColor":"#808080","borderRadius":0,"borderStyle":"none","borderWidth":1,"fontColor":"#333333","fontFamily":"'Helvetica Neue', Helvetica, Arial, sans-serif","fontSize":24,"innerHTML":"<div><!-- ko if: visible --><div class=\"scs-title  scs-component scs-title-default-style\" style=\"margin-top:5px;margin-right:5px;margin-bottom:5px;margin-left:5px;\"><div class=\"scs-component-content\" data-bind=\"scsCompSetupLightbox\" style=\"text-align:left;width:100%;\"><div class=\"scs-title-text\" style=\"\"><div style=\"text-align:center\">COPYRIGHT © 2018</div></div></div></div><!-- /ko --></div>","marginBottom":5,"marginLeft":5,"marginRight":5,"marginTop":5,"placeholderText":"","styleClass":"","styleClassName":"","styleClassTag":"","toolbarGroups":"","useStyleClass":"true","userText":"<div style=\"text-align:center\">COPYRIGHT © 2018</div>","visible":true,"width":400}},"bc4dd721-758a-40ea-8060-e0c9300b8d34":{"type":"scs-componentgroup","id":"StarterFooter","data":{"className":"","components":["ab74ab24-f7d5-4563-b5bf-c480d59196fe","a746301b-8a4b-47b8-af85-52d3b09fab87"],"grid":"<div class=\"scs-row\"><div class=\"scs-col\" style=\"width: 33.33%;\"><div id=\"ab74ab24-f7d5-4563-b5bf-c480d59196fe\"></div></div><div class=\"scs-col\" style=\"width: 66.67%;\"><div id=\"a746301b-8a4b-47b8-af85-52d3b09fab87\"></div></div></div>"}},"d29a9aac-3407-4a48-840d-8b594cf9dd6d":{"type":"scs-app","id":"EnrollForm","data":{"actions":[],"alignment":"fill","appGUID":"CC6C1CA42BC1A0730A1D0EB74D54B761C7D790BEF599","appName":"EnrollForm","appSrc":"sandboxed/render.html","appType":"sandboxed","assets":"","autoHeight":true,"borderColor":"#808080","borderRadius":0,"borderStyle":"none","borderWidth":1,"cloudService":{"serviceName":"VBCS","properties":{"vbcsProjectId":"SchoolEnroll","url":"SchoolEnroll/live/webApps/","projectType":"VBCS","webapp":"schoolenroll"}},"compSettingsId":"","company":"","customRenderComplete":false,"customSettingsData":{},"componentConfig":{"type":"sandboxed","endpoints":{"settings":{"height":"200","width":"400"}}},"description":"","height":200,"instance":"","linkType":"scs-link-action","marginBottom":5,"marginLeft":5,"marginRight":5,"marginTop":5,"seeded":false,"settingsHeight":"200","settingsSrc":"sandboxed/settings.html","settingsWidth":"400","styleClass":"","styleClassName":"","supportEmail":"","supportPhone":"","supportUrl":"","useStyleClass":"true","visible":true,"visibleOnMobile":"","width":400}}}}