{
  "properties": {
    "title": "",
    "pageLayout": "index.html",
    "mobileLayout": "mobile-detail.html",
    "pageDescription": "",
    "keywords": "",
    "hideFromSearchEngines": false,
    "header": "",
    "footer": "",
    "noIndex": false,
    "noFollow": false,
    "noArchive": false,
    "noSnippet": false,
    "isCobrowseEnabled": false
  },
  "slots": {
    "navMenu": {
      "components": [
        "d30ff197-27fb-40a0-a71e-5073772c1826"
      ],
      "grid": "<div class=\"scs-row\"><div class=\"scs-col\" style=\"width: 100%;\"><div id=\"d30ff197-27fb-40a0-a71e-5073772c1826\"><\/div><\/div><\/div>"
    },
    "footer": {
      "components": [
        "fffaec86-a339-4f34-bdc6-61b1af2a2527"
      ],
      "grid": "<div class=\"scs-row\"><div class=\"scs-col\" style=\"width: 100%;\"><div id=\"fffaec86-a339-4f34-bdc6-61b1af2a2527\"><\/div><\/div><\/div>"
    },
    "slot-content": {
      "components": [
        "e8a0a6cc-ae7e-42e9-b2e7-cb973fd163af"
      ],
      "grid": "<div class=\"scs-row\"><div class=\"scs-col\" style=\"width: 100%;\"><div id=\"e8a0a6cc-ae7e-42e9-b2e7-cb973fd163af\"><\/div><\/div><\/div>"
    },
    "logocontainer": {
      "components": [
        "ab9a2298-3a07-4ad2-bcc3-3a042e0bcd7b"
      ],
      "grid": "<div class=\"scs-row\"><div class=\"scs-col\" style=\"width: 100%;\"><div id=\"ab9a2298-3a07-4ad2-bcc3-3a042e0bcd7b\"><\/div><\/div><\/div>"
    }
  },
  "componentInstances": {
    "c956307a-55d6-49de-bf3e-67913aa8b3e9": {
      "type": "scs-socialbar",
      "id": "scs-socialbar",
      "data": {
        "alignment": "left",
        "backgroundColor": "",
        "borderColor": "#808080",
        "borderRadius": 0,
        "borderStyle": "none",
        "borderWidth": 1,
        "iconSize": 28,
        "iconSpacing": 10,
        "images": [
          {
            "source": "",
            "name": "COMP_ICON_FACEBOOK",
            "class": "scs-facebook-icon",
            "title": "",
            "altText": "",
            "description": "",
            "link": "http:\/\/www.facebook.com",
            "target": [
              "_blank"
            ]
          },
          {
            "source": "",
            "name": "COMP_ICON_LINKEDIN",
            "class": "scs-linkedin-icon",
            "title": "",
            "altText": "",
            "description": "",
            "link": "http:\/\/www.linkedin.com",
            "target": [
              "_blank"
            ]
          },
          {
            "source": "",
            "name": "COMP_ICON_TWITTER",
            "class": "scs-twitter-icon",
            "title": "",
            "altText": "",
            "description": "",
            "link": "http:\/\/www.twitter.com",
            "target": [
              "_blank"
            ]
          },
          {
            "source": "",
            "name": "COMP_ICON_GOOGLEPLUS",
            "class": "scs-googleplus-icon",
            "title": "",
            "altText": "",
            "description": "",
            "link": "http:\/\/plus.google.com",
            "target": [
              "_blank"
            ]
          },
          {
            "source": "",
            "name": "COMP_ICON_YOUTUBE",
            "class": "scs-youtube-icon",
            "title": "",
            "altText": "",
            "description": "",
            "link": "http:\/\/www.youtube.com",
            "target": [
              "_blank"
            ]
          }
        ],
        "layout": "horizontal",
        "marginBottom": 5,
        "marginLeft": 5,
        "marginRight": 5,
        "marginTop": 5,
        "styleClass": "",
        "useStyleClass": "true",
        "visible": true
      }
    },
    "e8a0a6cc-ae7e-42e9-b2e7-cb973fd163af": {
      "type": "scs-component",
      "id": "scs-component",
      "data": {
        "actions": "",
        "alignment": "fill",
        "assets": "",
        "borderColor": "#808080",
        "borderRadius": 0,
        "borderStyle": "none",
        "borderWidth": 1,
        "componentId": "",
        "componentName": "",
        "componentFactory": "",
        "componentLayout": "",
        "contentId": "",
        "contentLayoutCategory": "",
        "contentPlaceholder": true,
        "contentTypes": [
          
        ],
        "contentViewing": "",
        "customRenderComplete": false,
        "customSettingsData": "",
        "componentConfig": "",
        "description": "",
        "detailPageId": "",
        "height": "",
        "initialized": true,
        "isCaaSLayout": true,
        "linkType": "scs-link-action",
        "marginBottom": 5,
        "marginLeft": 5,
        "marginRight": 5,
        "marginTop": 5,
        "nestedComponents": [
          
        ],
        "styleClass": "",
        "styleClassName": "",
        "seeded": true,
        "useStyleClass": "true",
        "visible": true,
        "visibleNestedComponents": [
          
        ],
        "width": 0
      }
    },
    "a66c5733-0965-4a3a-9e12-4438d60995fb": {
      "type": "scs-title",
      "id": "scs-title",
      "data": {
        "alignment": "fill",
        "backgroundColor": "",
        "borderColor": "#808080",
        "borderRadius": 0,
        "borderStyle": "none",
        "borderWidth": 1,
        "fontColor": "#333333",
        "fontFamily": "'Helvetica Neue', Helvetica, Arial, sans-serif",
        "fontSize": 24,
        "innerHTML": "<div><!-- ko if: visible --><div class=\"scs-title  scs-component scs-title-default-style\" style=\"margin-top:5px;margin-right:5px;margin-bottom:5px;margin-left:5px;\"><div class=\"scs-component-content\" data-bind=\"scsCompSetupLightbox\" style=\"text-align:left;width:100%;\"><div class=\"scs-title-text\" style=\"\"><div style=\"text-align:center\">COPYRIGHT \u00a9 2018<\/div><\/div><\/div><\/div><!-- \/ko --><\/div>",
        "marginBottom": 5,
        "marginLeft": 5,
        "marginRight": 5,
        "marginTop": 5,
        "placeholderText": "",
        "styleClass": "",
        "styleClassName": "",
        "styleClassTag": "",
        "toolbarGroups": "",
        "useStyleClass": "true",
        "userText": "<div style=\"text-align:center\">COPYRIGHT \u00a9 2018<\/div>",
        "visible": true,
        "width": 400
      }
    },
    "d30ff197-27fb-40a0-a71e-5073772c1826": {
      "type": "scs-component",
      "id": "StarterNavMenu",
      "data": {
        "actions": "",
        "alignment": "fill",
        "assets": "",
        "borderColor": "#808080",
        "borderRadius": 0,
        "borderStyle": "none",
        "borderWidth": 1,
        "componentId": "starterNavMenu",
        "componentName": "Starter Navigation Menu Component",
        "componentFactory": "",
        "componentLayout": "default",
        "contentId": "",
        "contentLayoutCategory": "",
        "contentPlaceholder": false,
        "contentTypes": [
          
        ],
        "contentViewing": "",
        "customRenderComplete": false,
        "customSettingsData": {
          "externalSiteEnabled": false
        },
        "componentConfig": {
          "id": "StarterNavMenu-component",
          "settingsData": {
            "settingsWidth": 350,
            "settingsRenderOption": "dialog",
            "componentLayouts": [
              
            ],
            "actions": [
              
            ]
          },
          "initialData": {
            "componentId": "starterNavMenu",
            "componentName": "Starter Navigation Menu Component",
            "componentLayout": "default",
            "marginBottom": 0,
            "marginLeft": 0,
            "marginRight": 0,
            "marginTop": 0,
            "customSettingsData": {
              "externalSiteEnabled": false
            },
            "nestedComponents": [
              
            ]
          }
        },
        "description": "",
        "detailPageId": "",
        "height": "",
        "initialized": true,
        "isCaaSLayout": false,
        "linkType": "scs-link-action",
        "marginBottom": 0,
        "marginLeft": 0,
        "marginRight": 0,
        "marginTop": 0,
        "nestedComponents": [
          
        ],
        "styleClass": "",
        "styleClassName": "",
        "seeded": false,
        "useStyleClass": "true",
        "visible": true,
        "visibleNestedComponents": [
          
        ],
        "width": 0
      }
    },
    "fffaec86-a339-4f34-bdc6-61b1af2a2527": {
      "type": "scs-componentgroup",
      "id": "StarterFooter",
      "data": {
        "className": "",
        "components": [
          "c956307a-55d6-49de-bf3e-67913aa8b3e9",
          "a66c5733-0965-4a3a-9e12-4438d60995fb"
        ],
        "grid": "<div class=\"scs-row\"><div class=\"scs-col\" style=\"width: 33.33%;\"><div id=\"c956307a-55d6-49de-bf3e-67913aa8b3e9\"><\/div><\/div><div class=\"scs-col\" style=\"width: 66.67%;\"><div id=\"a66c5733-0965-4a3a-9e12-4438d60995fb\"><\/div><\/div><\/div>"
      }
    },
    "ab9a2298-3a07-4ad2-bcc3-3a042e0bcd7b": {
      "type": "scs-title",
      "id": "scs-title",
      "data": {
        "alignment": "fill",
        "backgroundColor": "",
        "borderColor": "#808080",
        "borderRadius": 0,
        "borderStyle": "none",
        "borderWidth": 1,
        "fontColor": "#333333",
        "fontFamily": "'Helvetica Neue', Helvetica, Arial, sans-serif",
        "fontSize": 24,
        "innerHTML": "<div><!-- ko if: visible --><div class=\"scs-title  scs-component scs-title-default-style\" style=\"margin-top:5px;margin-right:5px;margin-bottom:5px;margin-left:5px;\"><div class=\"scs-component-content\" data-bind=\"scsCompSetupLightbox\" style=\"text-align:left;width:100%;\"><div class=\"scs-title-text\" style=\"\"><div>Starter Template<\/div><\/div><\/div><\/div><!-- \/ko --><\/div>",
        "marginBottom": 5,
        "marginLeft": 5,
        "marginRight": 5,
        "marginTop": 5,
        "placeholderText": "",
        "styleClass": "",
        "styleClassName": "",
        "styleClassTag": "",
        "toolbarGroups": "",
        "useStyleClass": "true",
        "userText": "<div>Starter Template<\/div>",
        "visible": true,
        "width": 400
      }
    }
  }
}