{"properties":{"title":"","pageLayout":"index.html","mobileLayout":"","pageDescription":"","keywords":"","hideFromSearchEngines":false,"header":"","footer":"","noIndex":false,"noFollow":false,"noArchive":false,"noSnippet":false,"isCobrowseEnabled":false,"overrideWebAnalytics":false,"webAnalyticsScript":null},"slots":{"overlay":{"components":[],"grid":""},"content":{"components":[],"grid":""},"footer":{"components":["ab138399-e08f-4fed-bdc1-e8435c9a32de"],"grid":"<div class=\"scs-row\"><div class=\"scs-col\" style=\"width: 100%;\"><div id=\"ab138399-e08f-4fed-bdc1-e8435c9a32de\"></div></div></div>"},"headline":{"components":["bf94e9fc-89d0-491a-a744-8b59994cc6e1","ec74f379-b517-4567-879f-4833e25c56be","bfd90ac9-3800-48f0-9ab8-c117a396aac6"],"grid":"<div class=\"scs-row\"><div class=\"scs-col\" style=\"width: 100%;\"><div id=\"bf94e9fc-89d0-491a-a744-8b59994cc6e1\"></div><div id=\"ec74f379-b517-4567-879f-4833e25c56be\"></div><div id=\"bfd90ac9-3800-48f0-9ab8-c117a396aac6\"></div></div></div>"},"navMenu":{"components":["b20ff181-e003-4e04-8bd3-c2160e9e2c14"],"grid":"<div class=\"scs-row\"><div class=\"scs-col\" style=\"width: 100%;\"><div id=\"b20ff181-e003-4e04-8bd3-c2160e9e2c14\"></div></div></div>"}},"componentInstances":{"bf94e9fc-89d0-491a-a744-8b59994cc6e1":{"type":"scs-title","id":"scs-title","data":{"alignment":"fill","backgroundColor":"","borderColor":"#808080","borderRadius":0,"borderStyle":"none","borderWidth":1,"fontColor":"#333333","fontFamily":"'Helvetica Neue', Helvetica, Arial, sans-serif","fontSize":24,"innerHTML":"<div><!-- ko if: visible --><div class=\"scs-title  scs-component scs-title-style-4\" style=\"margin-top:5px;margin-right:5px;margin-bottom:5px;margin-left:5px;\"><div class=\"scs-component-content\" data-bind=\"scsCompSetupLightbox\" style=\"text-align:left;width:100%;\"><div class=\"scs-title-text\" style=\"\"><div style=\"text-align:center\"><span style=\"color:#ffffff\">Get a free pastry!</span></div></div></div></div><!-- /ko --></div>","marginBottom":5,"marginLeft":5,"marginRight":5,"marginTop":5,"placeholderText":"","styleClass":"scs-title-style-4","styleClassName":"","styleClassTag":"","toolbarGroups":"","useStyleClass":"true","userText":"<div style=\"text-align:center\"><span style=\"color:#ffffff\">Get a free pastry!</span></div>","visible":true,"width":400}},"ab138399-e08f-4fed-bdc1-e8435c9a32de":{"type":"scs-componentgroup","id":"Footer_CafeSupremoLite","data":{"components":["d6af9886-4c32-448b-8424-c2aebb9d68c7","abdddc96-4dfc-46cb-bc0b-18dea3080045"],"grid":"<div class=\"scs-row\"><div class=\"scs-col\" style=\"width: 50%;\"><div id=\"d6af9886-4c32-448b-8424-c2aebb9d68c7\"></div></div><div class=\"scs-col\" style=\"width: 50%;\"><div id=\"abdddc96-4dfc-46cb-bc0b-18dea3080045\"></div></div></div>"}},"d6af9886-4c32-448b-8424-c2aebb9d68c7":{"type":"scs-socialbar","id":"scs-socialbar","data":{"alignment":"left","backgroundColor":"","borderColor":"#808080","borderRadius":0,"borderStyle":"none","borderWidth":1,"iconSize":28,"iconSpacing":10,"images":[{"name":"COMP_ICON_FACEBOOK","class":"scs-facebook-icon","title":"","altText":""},{"name":"COMP_ICON_LINKEDIN","class":"scs-linkedin-icon","title":"","altText":""},{"name":"COMP_ICON_TWITTER","class":"scs-twitter-icon","title":"","altText":""},{"name":"COMP_ICON_GOOGLEPLUS","class":"scs-googleplus-icon","title":"","altText":""},{"name":"COMP_ICON_YOUTUBE","class":"scs-youtube-icon","title":"","altText":""}],"layout":"horizontal","marginBottom":5,"marginLeft":5,"marginRight":5,"marginTop":5,"styleClass":"","useStyleClass":"true","visible":true}},"abdddc96-4dfc-46cb-bc0b-18dea3080045":{"type":"scs-image","id":"scs-image","data":{"alignment":"right","altText":"","borderColor":"#808080","borderRadius":0,"borderStyle":"none","borderWidth":1,"caption":"","contentViewing":"","imageHref":"","imageHrefContentViewing":"","imageHrefName":"","imageName":"Cafe-Supremo-Logo-8240830000004090-8240830000005020.png","imageTarget":"_self","imageUrl":"[!--$SCS_CONTENT_URL--]/Cafe-Supremo-Logo-8240830000004090-8240830000005020.png","linkType":"scs-link-no-link","marginBottom":5,"marginLeft":5,"marginRight":5,"marginTop":5,"styleClass":"","title":"","useStyleClass":"true","visible":true,"width":300}},"b20ff181-e003-4e04-8bd3-c2160e9e2c14":{"type":"scs-component","id":"NavMenu_CafeSupremoLite","data":{"actions":"","alignment":"fill","assets":"","borderColor":"#808080","borderRadius":0,"borderStyle":"none","borderWidth":1,"componentId":"navMenu","componentName":"Navigation Menu Component","componentFactory":"","componentLayout":"default","contentId":"","contentLayoutCategory":"","contentPlaceholder":false,"contentTypes":[],"contentViewing":"","customSettingsData":{"externalSiteEnabled":true,"externalSites":[{"name":"SHOP","url":"http://www.oracle.com"}]},"componentConfig":{"id":"NavMenu-component","settingsData":{"settingsWidth":350,"settingsRenderOption":"dialog","componentLayouts":[],"actions":[]},"initialData":{"componentId":"navMenu","componentName":"Navigation Menu Component","componentLayout":"default","marginBottom":0,"marginLeft":0,"marginRight":0,"marginTop":0,"customSettingsData":{"externalSiteEnabled":false},"nestedComponents":[]}},"description":"","detailPageId":"","height":"","initialized":true,"isCaaSLayout":false,"linkType":"scs-link-action","marginBottom":0,"marginLeft":0,"marginRight":0,"marginTop":0,"nestedComponents":[],"styleClass":"","styleClassName":"","seeded":false,"useStyleClass":"true","visible":true,"visibleNestedComponents":[],"width":0}},"ec74f379-b517-4567-879f-4833e25c56be":{"type":"scs-paragraph","id":"scs-paragraph","data":{"alignment":"fill","backgroundColor":"","borderColor":"#808080","borderRadius":0,"borderStyle":"none","borderWidth":1,"fontColor":"#333333","fontFamily":"'Helvetica Neue', Helvetica, Arial, sans-serif","fontSize":16,"innerHTML":"<div><!-- ko if: visible --><div class=\"scs-paragraph  scs-component scs-paragraph-style-7\" style=\"margin-top:5px;margin-right:5px;margin-bottom:5px;margin-left:5px;\"><div class=\"scs-component-content\" data-bind=\"scsCompSetupLightbox\" style=\"text-align:left;width:100%;\"><div class=\"scs-paragraph-text\" style=\"\"><div style=\"text-align:center\"><span style=\"color:#ffffff\">(for a limited time only)</span></div></div></div></div><!-- /ko --></div>","marginBottom":5,"marginLeft":5,"marginRight":5,"marginTop":5,"placeholderText":"","styleClass":"scs-paragraph-style-7","styleClassName":"","styleClassTag":"","toolbarGroups":"","useStyleClass":"true","userText":"<div style=\"text-align:center\"><span style=\"color:#ffffff\">(for a limited time only)</span></div>","visible":true,"width":400}},"bfd90ac9-3800-48f0-9ab8-c117a396aac6":{"type":"scs-button","id":"scs-button","data":{"actions":[],"alignment":"center","backgroundColor":"#DDDDDD","backgroundColorHover":"#EEEEEE","borderColor":"#808080","borderColorHover":"#2222DD","borderRadius":0,"borderStyle":"solid","borderWidth":1,"fontColor":"#000000","fontColorHover":"#2222DD","fontFamily":"'Helvetica Neue', Helvetica, Arial, sans-serif","fontSize":14,"height":0,"href":"[!--$SCS_PAGE--]34[/!--$SCS_PAGE--]","hrefContentViewing":"","hrefName":"","isCobrowse":"","linkType":"scs-link-sitepage","marginBottom":5,"marginLeft":5,"marginRight":5,"marginTop":5,"styleClass":"","styleClassName":"","target":"_self","text":"More","title":"","useStyleClass":"true","visible":true,"width":0}}}}