{"properties":{"title":"","pageLayout":"default.html","mobileLayout":"","pageDescription":"","keywords":"","hideFromSearchEngines":false,"header":"","footer":"","noIndex":false,"noFollow":false,"noArchive":false,"noSnippet":false,"isCobrowseEnabled":false,"overrideWebAnalytics":false,"webAnalyticsScript":null},"slots":{"headline":{"components":["f0f8f24a-98a8-4987-b22e-2467a760880e"],"grid":"<div class=\"scs-row\"><div class=\"scs-col\" style=\"width: 100%;\"><div id=\"f0f8f24a-98a8-4987-b22e-2467a760880e\"></div></div></div>","styles":["background-attachment:scroll","background-color:","background-position:left top","background-repeat:no-repeat","background-size:auto"]},"footer":{"components":["a67c7e3f-e63e-4c6f-b411-002a73bf3cb0"],"grid":"<div class=\"scs-row\"><div class=\"scs-col\" style=\"width: 100%;\"><div id=\"a67c7e3f-e63e-4c6f-b411-002a73bf3cb0\"></div></div></div>"},"content":{"components":["bd2b24d4-37e3-4b07-97d7-7160ede40f54"],"grid":"<div class=\"scs-row\"><div class=\"scs-col\" style=\"width: 100%;\"><div id=\"bd2b24d4-37e3-4b07-97d7-7160ede40f54\"></div></div></div>"},"logocontainer":{"components":["a3faf1db-c39a-46a6-8072-da1b922bf5a9"],"grid":"<div class=\"scs-row\"><div class=\"scs-col\" style=\"width: 100%;\"><div id=\"a3faf1db-c39a-46a6-8072-da1b922bf5a9\"></div></div></div>","styles":["background-attachment:scroll","background-color:","background-position:left top","background-repeat:no-repeat","background-size:auto"]},"navMenu":{"components":["e0d473ae-98fc-4fa3-aa80-3cc66be86ab7"],"grid":"<div class=\"scs-row\"><div class=\"scs-col\" style=\"width: 100%;\"><div id=\"e0d473ae-98fc-4fa3-aa80-3cc66be86ab7\"></div></div></div>"}},"componentInstances":{"e0d473ae-98fc-4fa3-aa80-3cc66be86ab7":{"type":"scs-component","id":"NavMenu_CafeSupremoLite","data":{"actions":"","alignment":"fill","assets":"","borderColor":"#808080","borderRadius":0,"borderStyle":"none","borderWidth":1,"componentId":"navMenu","componentName":"Navigation Menu Component","componentFactory":"","componentLayout":"default","contentId":"","contentLayoutCategory":"","contentPlaceholder":false,"contentTypes":[],"contentViewing":"","customSettingsData":{"externalSiteEnabled":true,"externalSites":[{"name":"SHOP","url":"http://www.oracle.com"}]},"componentConfig":{"id":"NavMenu-component","settingsData":{"settingsWidth":350,"settingsRenderOption":"dialog","componentLayouts":[],"actions":[]},"initialData":{"componentId":"navMenu","componentName":"Navigation Menu Component","componentLayout":"default","marginBottom":0,"marginLeft":0,"marginRight":0,"marginTop":0,"customSettingsData":{"externalSiteEnabled":false},"nestedComponents":[]}},"description":"","detailPageId":"","height":"","initialized":true,"isCaaSLayout":false,"linkType":"scs-link-action","marginBottom":0,"marginLeft":0,"marginRight":0,"marginTop":0,"nestedComponents":[],"styleClass":"","styleClassName":"","seeded":false,"useStyleClass":"true","visible":true,"visibleNestedComponents":[],"width":0}},"a67c7e3f-e63e-4c6f-b411-002a73bf3cb0":{"type":"scs-componentgroup","id":"Footer_CafeSupremoLite","data":{"components":["ddd45d59-af2a-48e7-bf44-d8be3363f348","cef1404b-5dbd-4fc4-8c3b-32712b8e17de"],"grid":"<div class=\"scs-row\"><div class=\"scs-col\" style=\"width: 50%;\"><div id=\"ddd45d59-af2a-48e7-bf44-d8be3363f348\"></div></div><div class=\"scs-col\" style=\"width: 50%;\"><div id=\"cef1404b-5dbd-4fc4-8c3b-32712b8e17de\"></div></div></div>"}},"ddd45d59-af2a-48e7-bf44-d8be3363f348":{"type":"scs-socialbar","id":"scs-socialbar","data":{"alignment":"left","backgroundColor":"","borderColor":"#808080","borderRadius":0,"borderStyle":"none","borderWidth":1,"iconSize":28,"iconSpacing":10,"images":[{"name":"COMP_ICON_FACEBOOK","class":"scs-facebook-icon","title":"","altText":""},{"name":"COMP_ICON_LINKEDIN","class":"scs-linkedin-icon","title":"","altText":""},{"name":"COMP_ICON_TWITTER","class":"scs-twitter-icon","title":"","altText":""},{"name":"COMP_ICON_GOOGLEPLUS","class":"scs-googleplus-icon","title":"","altText":""},{"name":"COMP_ICON_YOUTUBE","class":"scs-youtube-icon","title":"","altText":""}],"layout":"horizontal","marginBottom":5,"marginLeft":5,"marginRight":5,"marginTop":5,"styleClass":"","useStyleClass":"true","visible":true}},"cef1404b-5dbd-4fc4-8c3b-32712b8e17de":{"type":"scs-image","id":"scs-image","data":{"alignment":"right","altText":"","borderColor":"#808080","borderRadius":0,"borderStyle":"none","borderWidth":1,"caption":"","contentViewing":"","imageHref":"","imageHrefContentViewing":"","imageHrefName":"","imageName":"Cafe-Supremo-Logo.png","imageTarget":"_self","imageUrl":"[!--$SCS_CONTENT_URL--]/Cafe-Supremo-Logo-8240830000004182.png","linkType":"scs-link-no-link","marginBottom":5,"marginLeft":5,"marginRight":5,"marginTop":5,"styleClass":"","title":"","useStyleClass":"true","visible":true,"width":300}},"f0f8f24a-98a8-4987-b22e-2467a760880e":{"type":"scs-title","id":"scs-title","data":{"alignment":"fill","backgroundColor":"","borderColor":"#808080","borderRadius":0,"borderStyle":"none","borderWidth":1,"fontColor":"#333333","fontFamily":"'Helvetica Neue', Helvetica, Arial, sans-serif","fontSize":24,"innerHTML":"<div><!-- ko if: visible --><div class=\"scs-title  scs-component scs-title-default-style\" style=\"margin-top:5px;margin-right:5px;margin-bottom:5px;margin-left:5px;\"><div class=\"scs-component-content\" data-bind=\"scsCompSetupLightbox\" style=\"text-align:left;width:100%;\"><div class=\"scs-title-text\" style=\"\"><div><span style=\"color:#ffffff\"><strong><span style=\"font-size:36px\">Catalog Favorite This Week</span></strong></span></div></div></div></div><!-- /ko --></div>","marginBottom":5,"marginLeft":5,"marginRight":5,"marginTop":5,"placeholderText":"","styleClass":"","styleClassName":"","styleClassTag":"","toolbarGroups":"","useStyleClass":"true","userText":"<div><span style=\"color:#ffffff\"><strong><span style=\"font-size:36px\">Catalog Favorite This Week</span></strong></span></div>","visible":true,"width":400}},"bd2b24d4-37e3-4b07-97d7-7160ede40f54":{"type":"scs-component","id":"scs-comp-article","data":{"actions":"","alignment":"fill","assets":"","borderColor":"#808080","borderRadius":0,"borderStyle":"none","borderWidth":1,"componentId":"scs-comp-article","componentName":"Article","componentFactory":"scs-article","componentLayout":"right","contentId":"","contentLayoutCategory":"","contentPlaceholder":false,"contentTypes":[],"contentViewing":"","customSettingsData":{"width":"200px"},"componentConfig":"","description":"","detailPageId":"","height":"","initialized":true,"isCaaSLayout":false,"linkType":"scs-link-action","marginBottom":30,"marginLeft":5,"marginRight":5,"marginTop":50,"nestedComponents":[{"id":"image","type":"scs-image","data":{"alignment":"fill","altText":"","borderColor":"#808080","borderRadius":0,"borderStyle":"none","borderWidth":1,"caption":"","contentViewing":"","imageHref":"","imageHrefContentViewing":"","imageHrefName":"","imageName":"Blog_2_Thumb_400px.jpg","imageTarget":"_self","imageUrl":"[!--$SCS_CONTENT_URL--]/Blog_2_Thumb_400px-8240830000006395.jpg","linkType":"scs-link-no-link","marginBottom":0,"marginLeft":0,"marginRight":0,"marginTop":0,"styleClass":"","title":"","useStyleClass":"true","visible":true,"width":300}},{"id":"title","type":"scs-title","data":{"alignment":"fill","backgroundColor":"","borderColor":"#808080","borderRadius":0,"borderStyle":"none","borderWidth":1,"fontColor":"#333333","fontFamily":"'Helvetica Neue', Helvetica, Arial, sans-serif","fontSize":24,"marginBottom":5,"marginLeft":0,"marginRight":0,"marginTop":0,"placeholderText":"","styleClass":"","styleClassName":"","styleClassTag":"","toolbarGroups":"","useStyleClass":"true","userText":"<div><span style=\"font-size:36px\">Our Pastries</span></div>","visible":true,"width":400}},{"id":"byLine","type":"scs-paragraph","data":{"alignment":"fill","backgroundColor":"","borderColor":"#808080","borderRadius":0,"borderStyle":"none","borderWidth":1,"fontColor":"#808080","fontFamily":"'Helvetica Neue', Helvetica, Arial, sans-serif","fontSize":16,"marginBottom":5,"marginLeft":0,"marginRight":0,"marginTop":0,"placeholderText":"Lorem ipsum dolor","styleClass":"","styleClassName":"","styleClassTag":"","toolbarGroups":"","useStyleClass":"false","userText":"<div><span style=\"color:#2c3e50\"><span style=\"font-size:28px\">Get the perfect pastries to go with your prefect coffee</span></span></div>","visible":true,"width":400}},{"id":"paragraph","type":"scs-paragraph","data":{"alignment":"fill","backgroundColor":"","borderColor":"#808080","borderRadius":0,"borderStyle":"none","borderWidth":1,"fontColor":"#333333","fontFamily":"'Helvetica Neue', Helvetica, Arial, sans-serif","fontSize":16,"marginBottom":0,"marginLeft":0,"marginRight":0,"marginTop":0,"placeholderText":"","styleClass":"","styleClassName":"","styleClassTag":"","toolbarGroups":"","useStyleClass":"true","userText":"<div>&nbsp;</div><div><span style=\"font-size:20px\">Our pastries are made from scratch and baked in-house daily. Come enjoy our croissants, scones, danishes and any other varieties.&nbsp; Satisfy your sweet tooth or enjoy something savory.&nbsp;&nbsp; Our pastries are made from scratch and baked in-house daily. Come enjoy our croissants, scones, danishes and any other varieties.&nbsp; Satisfy your sweet tooth or enjoy something savory.&nbsp;</span></div>","visible":true,"width":400}}],"styleClass":"","styleClassName":"","seeded":true,"useStyleClass":"true","visible":true,"visibleNestedComponents":[],"width":0}}}}