{
    "properties": {
        "title": "",
        "pageLayout": "default.html",
        "pageDescription": "",
        "keywords": "",
        "hideFromSearchEngines": false,
        "header": "",
        "footer": "",
        "noIndex": true,
        "noFollow": true,
        "noArchive": true,
        "noSnippet": true,
        "isCobrowseEnabled": false
    },
    "slots": {
        "headline": {
            "components": [],
            "grid": ""
        },
        "footer": {
            "components": ["e38ee080-f17a-431b-a99e-641742b7f266"],
            "grid": "<div class=\"scs-row\"><div class=\"scs-col\" style=\"width: 100%;\"><div id=\"e38ee080-f17a-431b-a99e-641742b7f266\"></div></div></div>"
        },
        "content": {
            "components": [],
            "grid": ""
        },
        "logocontainer": {
            "components": [],
            "grid": "",
            "styles": ["background-attachment:scroll", "background-color:", "background-position:left top", "background-repeat:no-repeat", "background-size:auto"]
        },
        "navMenu": {
            "components": ["a175bb30-7bbb-44ab-bae8-0b571c87951a"],
            "grid": "<div class=\"scs-row\"><div class=\"scs-col\" style=\"width: 100%;\"><div id=\"a175bb30-7bbb-44ab-bae8-0b571c87951a\"></div></div></div>"
        }
    },
    "componentInstances": {
        "e38ee080-f17a-431b-a99e-641742b7f266": {
            "type": "scs-componentgroup",
            "id": "Footer_CafeSupremoLite",
            "data": {
                "components": ["f045ee90-d271-4def-a62b-cc7cdc21e30e", "baf7dbd0-2c56-4818-8e3a-1f1c9ac84840"],
                "grid": "<div class=\"scs-row\"><div class=\"scs-col\" style=\"width: 50%;\"><div id=\"f045ee90-d271-4def-a62b-cc7cdc21e30e\"></div></div><div class=\"scs-col\" style=\"width: 50%;\"><div id=\"baf7dbd0-2c56-4818-8e3a-1f1c9ac84840\"></div></div></div>"
            }
        },
        "f045ee90-d271-4def-a62b-cc7cdc21e30e": {
            "type": "scs-socialbar",
            "id": "scs-socialbar",
            "data": {
                "alignment": "left",
                "backgroundColor": "",
                "borderColor": "#808080",
                "borderRadius": 0,
                "borderStyle": "none",
                "borderWidth": 1,
                "iconSize": 28,
                "iconSpacing": 10,
                "images": [{
                    "name": "COMP_ICON_FACEBOOK",
                    "class": "scs-facebook-icon",
                    "title": "",
                    "altText": ""
                }, {
                    "name": "COMP_ICON_LINKEDIN",
                    "class": "scs-linkedin-icon",
                    "title": "",
                    "altText": ""
                }, {
                    "name": "COMP_ICON_TWITTER",
                    "class": "scs-twitter-icon",
                    "title": "",
                    "altText": ""
                }, {
                    "name": "COMP_ICON_GOOGLEPLUS",
                    "class": "scs-googleplus-icon",
                    "title": "",
                    "altText": ""
                }, {
                    "name": "COMP_ICON_YOUTUBE",
                    "class": "scs-youtube-icon",
                    "title": "",
                    "altText": ""
                }],
                "layout": "horizontal",
                "marginBottom": 5,
                "marginLeft": 5,
                "marginRight": 5,
                "marginTop": 5,
                "styleClass": "",
                "useStyleClass": "true",
                "visible": true
            }
        },
        "baf7dbd0-2c56-4818-8e3a-1f1c9ac84840": {
            "type": "scs-image",
            "id": "scs-image",
            "data": {
                "alignment": "right",
                "altText": "",
                "borderColor": "#808080",
                "borderRadius": 0,
                "borderStyle": "none",
                "borderWidth": 1,
                "caption": "",
                "contentViewing": "",
                "imageHref": "",
                "imageHrefContentViewing": "",
                "imageHrefName": "",
                "imageName": "Cafe-Supremo-Logo-8240830000004090-8240830000005017.png",
                "imageTarget": "_self",
                "imageUrl": "[!--$SCS_CONTENT_URL--]/Cafe-Supremo-Logo-8240830000004090-8240830000005017.png",
                "linkType": "scs-link-no-link",
                "marginBottom": 5,
                "marginLeft": 5,
                "marginRight": 5,
                "marginTop": 5,
                "styleClass": "",
                "title": "",
                "useStyleClass": "true",
                "visible": true,
                "width": 300
            }
        },
        "a175bb30-7bbb-44ab-bae8-0b571c87951a": {
            "type": "scs-component",
            "id": "NavMenu_CafeSupremoLite",
            "data": {
                "actions": "",
                "alignment": "fill",
                "assets": "",
                "borderColor": "#808080",
                "borderRadius": 0,
                "borderStyle": "none",
                "borderWidth": 1,
                "componentId": "navMenu",
                "componentName": "Navigation Menu Component",
                "componentFactory": "",
                "componentLayout": "default",
                "contentId": "",
                "contentLayoutCategory": "",
                "contentPlaceholder": false,
                "contentTypes": [],
                "contentViewing": "",
                "customSettingsData": {
                    "externalSiteEnabled": true,
                    "externalSites": [{
                        "name": "SHOP",
                        "url": "http://www.oracle.com"
                    }]
                },
                "componentConfig": {
                    "id": "NavMenu-component",
                    "settingsData": {
                        "settingsWidth": 350,
                        "settingsRenderOption": "dialog",
                        "componentLayouts": [],
                        "actions": []
                    },
                    "initialData": {
                        "componentId": "navMenu",
                        "componentName": "Navigation Menu Component",
                        "componentLayout": "default",
                        "marginBottom": 0,
                        "marginLeft": 0,
                        "marginRight": 0,
                        "marginTop": 0,
                        "customSettingsData": {
                            "externalSiteEnabled": false
                        },
                        "nestedComponents": []
                    }
                },
                "description": "",
                "detailPageId": "",
                "height": "",
                "initialized": true,
                "isCaaSLayout": false,
                "linkType": "scs-link-action",
                "marginBottom": 0,
                "marginLeft": 0,
                "marginRight": 0,
                "marginTop": 0,
                "nestedComponents": [],
                "styleClass": "",
                "styleClassName": "",
                "seeded": false,
                "useStyleClass": "true",
                "visible": true,
                "visibleNestedComponents": [],
                "width": 0
            }
        }
    }
}