{"properties":{"title":"","pageLayout":"index.html","mobileLayout":"","pageDescription":"","keywords":"","hideFromSearchEngines":false,"header":"","footer":"","noIndex":false,"noFollow":false,"noArchive":false,"noSnippet":false,"isCobrowseEnabled":false,"overrideWebAnalytics":false,"webAnalyticsScript":null},"slots":{"headline":{"components":["de281e86-7f31-458f-96b8-709b512de4fa","f7df9f19-cb84-409c-aa7b-72e42520ccf8"],"grid":"<div class=\"scs-row\"><div class=\"scs-col\" style=\"width: 100%;\"><div id=\"de281e86-7f31-458f-96b8-709b512de4fa\"></div></div></div><div class=\"scs-row\"><div class=\"scs-col\" style=\"width: 100%;\"><div id=\"f7df9f19-cb84-409c-aa7b-72e42520ccf8\"></div></div></div>"},"footer":{"components":["de90397b-804c-4d6c-a099-bbe688937d83","dcc8f2c7-da86-4a8a-af25-bd7b199009c9"],"grid":"<div class=\"scs-row\"><div class=\"scs-col\" style=\"width: 100%;\"><div id=\"dcc8f2c7-da86-4a8a-af25-bd7b199009c9\"></div></div></div>\n\t<div class=\"scs-row\"><div class=\"scs-col\" style=\"width: 100%;\"><div id=\"de90397b-804c-4d6c-a099-bbe688937d83\"></div></div></div>"},"content":{"components":["e05219e2-d286-4af8-8cb7-ebf5b6366101","b3d01d68-4cba-4705-8c23-71725d52e8c7","e0974c18-1dc0-417e-87d7-133a1549d62b","ca0fb12a-f85b-4e63-83ef-87eba1303f8d","df4d17ce-eb3f-48c1-9870-5c104b94a597","a918c074-d536-4cf7-ae06-49a8d568392b"],"grid":"<div class=\"scs-row\"><div class=\"scs-col\" style=\"width: 33.33%;\"><div id=\"ca0fb12a-f85b-4e63-83ef-87eba1303f8d\"></div><div id=\"e05219e2-d286-4af8-8cb7-ebf5b6366101\"></div></div><div class=\"scs-col\" style=\"width: 33.34%;\"><div id=\"df4d17ce-eb3f-48c1-9870-5c104b94a597\"></div><div id=\"b3d01d68-4cba-4705-8c23-71725d52e8c7\"></div></div><div class=\"scs-col\" style=\"width: 33.33%;\"><div id=\"a918c074-d536-4cf7-ae06-49a8d568392b\"></div><div id=\"e0974c18-1dc0-417e-87d7-133a1549d62b\"></div></div></div>"},"logocontainer":{"components":["a3faf1db-c39a-46a6-8072-da1b922bf5a9"],"grid":"<div class=\"scs-row\"><div class=\"scs-col\" style=\"width: 100%;\"><div id=\"a3faf1db-c39a-46a6-8072-da1b922bf5a9\"></div></div></div>","styles":["background-attachment:scroll","background-color:","background-position:left top","background-repeat:no-repeat","background-size:auto"]},"overlay":{"components":[],"grid":""},"navMenu":{"components":["a7c873f0-f35e-4436-8a0a-72c0f2e3b10e"],"grid":"<div class=\"scs-row\"><div class=\"scs-col\" style=\"width: 100%;\"><div id=\"a7c873f0-f35e-4436-8a0a-72c0f2e3b10e\"></div></div></div>"}},"componentInstances":{"headline-img":{"type":"scs-inline-image","isInlineComponent":true,"data":{"attr_src":"[!--$SCS_CONTENT_URL--]/Blog_5_Header_1440x540px-8240830000003806.jpg","imageName":"Blog_5_Header_1440x540px.jpg"}},"title1":{"type":"scs-inline-text","isInlineComponent":true,"data":{"innerHTML":"Cake Better the right way!"}},"p1":{"type":"scs-inline-text","isInlineComponent":true,"data":{"innerHTML":"Step by step guide for the perfect consistency"}},"de90397b-804c-4d6c-a099-bbe688937d83":{"type":"scs-componentgroup","id":"Footer_CafeSupremoLite","data":{"className":"","components":["b5b32cfa-8501-4191-aa04-fe49925de6e5","fac22552-cff6-47ab-bdd8-4f2b814b7f0f"],"grid":"<div class=\"scs-row\"><div class=\"scs-col\" style=\"width: 50%;\"><div id=\"b5b32cfa-8501-4191-aa04-fe49925de6e5\"></div></div><div class=\"scs-col\" style=\"width: 50%;\"><div id=\"fac22552-cff6-47ab-bdd8-4f2b814b7f0f\"></div></div></div>"}},"b5b32cfa-8501-4191-aa04-fe49925de6e5":{"type":"scs-socialbar","id":"scs-socialbar","data":{"alignment":"left","backgroundColor":"","borderColor":"#808080","borderRadius":0,"borderStyle":"none","borderWidth":1,"iconSize":28,"iconSpacing":10,"images":[{"name":"COMP_ICON_FACEBOOK","class":"scs-facebook-icon","title":"","altText":""},{"name":"COMP_ICON_LINKEDIN","class":"scs-linkedin-icon","title":"","altText":""},{"name":"COMP_ICON_TWITTER","class":"scs-twitter-icon","title":"","altText":""},{"name":"COMP_ICON_GOOGLEPLUS","class":"scs-googleplus-icon","title":"","altText":""},{"name":"COMP_ICON_YOUTUBE","class":"scs-youtube-icon","title":"","altText":""}],"layout":"horizontal","marginBottom":5,"marginLeft":5,"marginRight":5,"marginTop":5,"styleClass":"","useStyleClass":"true","visible":true}},"fac22552-cff6-47ab-bdd8-4f2b814b7f0f":{"type":"scs-image","id":"scs-image","data":{"alignment":"right","altText":"","borderColor":"#808080","borderRadius":0,"borderStyle":"none","borderWidth":1,"caption":"","contentViewing":"","imageHref":"","imageHrefContentViewing":"","imageHrefName":"","imageName":"Cafe-Supremo-Logo.png","imageTarget":"_self","imageUrl":"[!--$SCS_CONTENT_URL--]/Cafe-Supremo-Logo-8240830000004090.png","linkType":"scs-link-no-link","marginBottom":5,"marginLeft":5,"marginRight":5,"marginTop":5,"styleClass":"","title":"","useStyleClass":"true","visible":true,"width":300}},"a7c873f0-f35e-4436-8a0a-72c0f2e3b10e":{"type":"scs-component","id":"NavMenu_CafeSupremoLite","data":{"actions":"","alignment":"fill","assets":"","borderColor":"#808080","borderRadius":0,"borderStyle":"none","borderWidth":1,"componentId":"navMenu","componentName":"Navigation Menu Component","componentFactory":"","componentLayout":"default","contentId":"","contentLayoutCategory":"","contentPlaceholder":false,"contentTypes":[],"contentViewing":"","customSettingsData":{"externalSiteEnabled":true,"externalSites":[{"name":"SHOP","url":"http://www.oracle.com"}]},"componentConfig":{"id":"NavMenu-component","settingsData":{"settingsWidth":350,"settingsRenderOption":"dialog","componentLayouts":[],"actions":[]},"initialData":{"componentId":"navMenu","componentName":"Navigation Menu Component","componentLayout":"default","marginBottom":0,"marginLeft":0,"marginRight":0,"marginTop":0,"customSettingsData":{"externalSiteEnabled":false},"nestedComponents":[]}},"description":"","detailPageId":"","height":"","initialized":true,"isCaaSLayout":false,"linkType":"scs-link-action","marginBottom":0,"marginLeft":0,"marginRight":0,"marginTop":0,"nestedComponents":[],"styleClass":"","styleClassName":"","seeded":false,"useStyleClass":"true","visible":true,"visibleNestedComponents":[],"width":0}},"de281e86-7f31-458f-96b8-709b512de4fa":{"type":"scs-title","id":"scs-title","data":{"alignment":"fill","backgroundColor":"","borderColor":"#808080","borderRadius":0,"borderStyle":"none","borderWidth":1,"fontColor":"#333333","fontFamily":"'Helvetica Neue', Helvetica, Arial, sans-serif","fontSize":24,"innerHTML":"<div><!-- ko if: visible --><div class=\"scs-title  scs-component scs-title-style-4\" style=\"margin-top:5px;margin-right:5px;margin-bottom:5px;margin-left:5px;\"><div class=\"scs-component-content\" data-bind=\"scsCompSetupLightbox\" style=\"text-align:left;width:100%;\"><div class=\"scs-title-text\" style=\"\"><div>Blog&nbsp;headline here</div></div></div></div><!-- /ko --></div>","marginBottom":5,"marginLeft":5,"marginRight":5,"marginTop":5,"placeholderText":"","styleClass":"scs-title-style-4","styleClassName":"","styleClassTag":"","toolbarGroups":"","useStyleClass":"true","userText":"<div>Blog&nbsp;headline here</div>","visible":true,"width":400}},"f7df9f19-cb84-409c-aa7b-72e42520ccf8":{"type":"scs-paragraph","id":"scs-paragraph","data":{"alignment":"fill","backgroundColor":"","borderColor":"#808080","borderRadius":0,"borderStyle":"none","borderWidth":1,"fontColor":"#333333","fontFamily":"'Helvetica Neue', Helvetica, Arial, sans-serif","fontSize":16,"innerHTML":"<div><!-- ko if: visible --><div class=\"scs-paragraph  scs-component scs-paragraph-style-7\" style=\"margin-top:5px;margin-right:5px;margin-bottom:5px;margin-left:5px;\"><div class=\"scs-component-content\" data-bind=\"scsCompSetupLightbox\" style=\"text-align:left;width:100%;\"><div class=\"scs-paragraph-text\" style=\"\"><div>Click to add description here. Lorem ipsum dolor sit amet, consectetur adipiscing elit.</div></div></div></div><!-- /ko --></div>","marginBottom":5,"marginLeft":5,"marginRight":5,"marginTop":5,"placeholderText":"","styleClass":"scs-paragraph-style-7","styleClassName":"","styleClassTag":"","toolbarGroups":"","useStyleClass":"true","userText":"<div>Click to add description here. Lorem ipsum dolor sit amet, consectetur adipiscing elit.</div>","visible":true,"width":400}},"e05219e2-d286-4af8-8cb7-ebf5b6366101":{"type":"scs-image","id":"scs-image","data":{"alignment":"fill","altText":"","borderColor":"#808080","borderRadius":0,"borderStyle":"none","borderWidth":1,"caption":"","contentViewing":"","imageHref":"","imageHrefContentViewing":"","imageHrefName":"","imageName":"Blog_5_Thumb_400px.jpg","imageTarget":"_self","imageUrl":"[!--$SCS_CONTENT_URL--]/Blog_5_Thumb_400px-8240830000005981.jpg","linkType":"scs-link-no-link","marginBottom":10,"marginLeft":15,"marginRight":15,"marginTop":10,"styleClass":"","title":"","useStyleClass":"true","visible":true,"width":300}},"b3d01d68-4cba-4705-8c23-71725d52e8c7":{"type":"scs-image","id":"scs-image","data":{"alignment":"fill","altText":"","borderColor":"#808080","borderRadius":0,"borderStyle":"none","borderWidth":1,"caption":"","contentViewing":"","imageHref":"","imageHrefContentViewing":"","imageHrefName":"","imageName":"Blog_6_Thumb_400px.jpg","imageTarget":"_self","imageUrl":"[!--$SCS_CONTENT_URL--]/Blog_6_Thumb_400px-8240830000005982.jpg","linkType":"scs-link-no-link","marginBottom":10,"marginLeft":15,"marginRight":15,"marginTop":10,"styleClass":"","title":"","useStyleClass":"true","visible":true,"width":300}},"e0974c18-1dc0-417e-87d7-133a1549d62b":{"type":"scs-image","id":"scs-image","data":{"alignment":"fill","altText":"","borderColor":"#808080","borderRadius":0,"borderStyle":"none","borderWidth":1,"caption":"","contentViewing":"","imageHref":"","imageHrefContentViewing":"","imageHrefName":"","imageName":"Blog_9_Thumb_400px.jpg","imageTarget":"_self","imageUrl":"[!--$SCS_CONTENT_URL--]/Blog_9_Thumb_400px-8240830000005983.jpg","linkType":"scs-link-no-link","marginBottom":10,"marginLeft":15,"marginRight":15,"marginTop":10,"styleClass":"","title":"","useStyleClass":"true","visible":true,"width":300}},"ca0fb12a-f85b-4e63-83ef-87eba1303f8d":{"type":"scs-title","id":"scs-title","data":{"alignment":"fill","backgroundColor":"","borderColor":"#808080","borderRadius":0,"borderStyle":"none","borderWidth":1,"fontColor":"#333333","fontFamily":"'Helvetica Neue', Helvetica, Arial, sans-serif","fontSize":24,"innerHTML":"<div><!-- ko if: visible --><div class=\"scs-title  scs-component scs-title-default-style\" style=\"margin-top:5px;margin-right:5px;margin-bottom:5px;margin-left:5px;\"><div class=\"scs-component-content\" data-bind=\"scsCompSetupLightbox\" style=\"text-align:left;width:100%;\"><div class=\"scs-title-text\" style=\"\"><div style=\"text-align:center\"><a target=\"_self\" linktype=\"scs-link-sitepage\" href=\"[!--$SCS_PAGE--]134[/!--$SCS_PAGE--]\">HOW TO</a></div></div></div></div><!-- /ko --></div>","marginBottom":5,"marginLeft":5,"marginRight":5,"marginTop":5,"placeholderText":"","styleClass":"","styleClassName":"","styleClassTag":"","toolbarGroups":"","useStyleClass":"true","userText":"<div style=\"text-align:center\"><a target=\"_self\" linktype=\"scs-link-sitepage\" href=\"[!--$SCS_PAGE--]134[/!--$SCS_PAGE--]\">HOW TO</a></div>","visible":true,"width":400}},"df4d17ce-eb3f-48c1-9870-5c104b94a597":{"type":"scs-title","id":"scs-title","data":{"alignment":"fill","backgroundColor":"","borderColor":"#808080","borderRadius":0,"borderStyle":"none","borderWidth":1,"fontColor":"#333333","fontFamily":"'Helvetica Neue', Helvetica, Arial, sans-serif","fontSize":24,"innerHTML":"<div><!-- ko if: visible --><div class=\"scs-title  scs-component scs-title-default-style\" style=\"margin-top:5px;margin-right:5px;margin-bottom:5px;margin-left:5px;\"><div class=\"scs-component-content\" data-bind=\"scsCompSetupLightbox\" style=\"text-align:left;width:100%;\"><div class=\"scs-title-text\" style=\"\"><div style=\"text-align:center\"><a target=\"_self\" linktype=\"scs-link-sitepage\" href=\"[!--$SCS_PAGE--]135[/!--$SCS_PAGE--]\">DRINKS</a></div></div></div></div><!-- /ko --></div>","marginBottom":5,"marginLeft":5,"marginRight":5,"marginTop":5,"placeholderText":"","styleClass":"","styleClassName":"","styleClassTag":"","toolbarGroups":"","useStyleClass":"true","userText":"<div style=\"text-align:center\"><a target=\"_self\" linktype=\"scs-link-sitepage\" href=\"[!--$SCS_PAGE--]135[/!--$SCS_PAGE--]\">DRINKS</a></div>","visible":true,"width":400}},"a918c074-d536-4cf7-ae06-49a8d568392b":{"type":"scs-title","id":"scs-title","data":{"alignment":"fill","backgroundColor":"","borderColor":"#808080","borderRadius":0,"borderStyle":"none","borderWidth":1,"fontColor":"#333333","fontFamily":"'Helvetica Neue', Helvetica, Arial, sans-serif","fontSize":24,"innerHTML":"<div><!-- ko if: visible --><div class=\"scs-title  scs-component scs-title-default-style\" style=\"margin-top:5px;margin-right:5px;margin-bottom:5px;margin-left:5px;\"><div class=\"scs-component-content\" data-bind=\"scsCompSetupLightbox\" style=\"text-align:left;width:100%;\"><div class=\"scs-title-text\" style=\"\"><div style=\"text-align:center\"><a target=\"_self\" linktype=\"scs-link-sitepage\" href=\"[!--$SCS_PAGE--]141[/!--$SCS_PAGE--]\">RECIPES</a></div></div></div></div><!-- /ko --></div>","marginBottom":5,"marginLeft":5,"marginRight":5,"marginTop":5,"placeholderText":"","styleClass":"","styleClassName":"","styleClassTag":"","toolbarGroups":"","useStyleClass":"true","userText":"<div style=\"text-align:center\"><a target=\"_self\" linktype=\"scs-link-sitepage\" href=\"[!--$SCS_PAGE--]141[/!--$SCS_PAGE--]\">RECIPES</a></div>","visible":true,"width":400}},"dcc8f2c7-da86-4a8a-af25-bd7b199009c9":{"type":"scs-divider","id":"scs-divider","data":{}}}}