{"properties":{"title":"","pageLayout":"default.html","mobileLayout":"","pageDescription":"","keywords":"","hideFromSearchEngines":false,"header":"","footer":"","noIndex":true,"noFollow":true,"noArchive":true,"noSnippet":true,"isCobrowseEnabled":false,"overrideWebAnalytics":false,"webAnalyticsScript":null},"slots":{"content":{"components":["b72ac2d4-6fcb-4c4b-85ac-827119db393b"],"grid":"<div class=\"scs-row\"><div class=\"scs-col\" style=\"width: 100%;\"><div id=\"b72ac2d4-6fcb-4c4b-85ac-827119db393b\"></div></div></div>"},"footer":{"components":["d97ca5be-36f0-404e-825e-76ed2e6c51a7"],"grid":"<div class=\"scs-row\"><div class=\"scs-col\" style=\"width: 100%;\"><div id=\"d97ca5be-36f0-404e-825e-76ed2e6c51a7\"></div></div></div>"},"headline":{"components":[],"grid":""},"navMenu":{"components":["a93c5389-e9b9-454b-ac08-f4a23348d94c"],"grid":"<div class=\"scs-row\"><div class=\"scs-col\" style=\"width: 100%;\"><div id=\"a93c5389-e9b9-454b-ac08-f4a23348d94c\"></div></div></div>"},"logocontainer":{"components":["a3faf1db-c39a-46a6-8072-da1b922bf5a9"],"grid":"<div class=\"scs-row\"><div class=\"scs-col\" style=\"width: 100%;\"><div id=\"a3faf1db-c39a-46a6-8072-da1b922bf5a9\"></div></div></div>","styles":["background-attachment:scroll","background-color:","background-position:left top","background-repeat:no-repeat","background-size:auto"]}},"componentInstances":{"b72ac2d4-6fcb-4c4b-85ac-827119db393b":{"type":"scs-title","id":"scs-title","data":{"alignment":"fill","backgroundColor":"","borderColor":"#808080","borderRadius":0,"borderStyle":"none","borderWidth":1,"fontColor":"#333333","fontFamily":"'Helvetica Neue', Helvetica, Arial, sans-serif","fontSize":24,"innerHTML":"<div><!-- ko if: visible --><div class=\"scs-title  scs-component scs-title-default-style\" style=\"margin-top:5px;margin-right:5px;margin-bottom:5px;margin-left:5px;\"><div class=\"scs-component-content\" data-bind=\"scsCompSetupLightbox\" style=\"text-align:left;width:100%;\"><div class=\"scs-title-text\" style=\"\"><div style=\"text-align:center\">This site uses cookies for identifying unique user visits, but not for tracking your personal information. By continuing to use our site you are accepting our use of cookies.</div></div></div></div><!-- /ko --></div>","marginBottom":5,"marginLeft":5,"marginRight":5,"marginTop":5,"placeholderText":"","styleClass":"","styleClassName":"","styleClassTag":"","toolbarGroups":"","useStyleClass":"true","userText":"<div style=\"text-align:center\">This site uses cookies for identifying unique user visits, but not for tracking your personal information. By continuing to use our site you are accepting our use of cookies.</div>","visible":true,"width":400}},"d97ca5be-36f0-404e-825e-76ed2e6c51a7":{"type":"scs-componentgroup","id":"Footer_CafeSupremoLite","data":{"components":["d405fa1d-83e9-4444-bf45-5697061c9228","a9bf6e76-d88c-486a-8731-2a9431fb0459"],"grid":"<div class=\"scs-row\"><div class=\"scs-col\" style=\"width: 50%;\"><div id=\"d405fa1d-83e9-4444-bf45-5697061c9228\"></div></div><div class=\"scs-col\" style=\"width: 50%;\"><div id=\"a9bf6e76-d88c-486a-8731-2a9431fb0459\"></div></div></div>"}},"d405fa1d-83e9-4444-bf45-5697061c9228":{"type":"scs-socialbar","id":"scs-socialbar","data":{"alignment":"left","backgroundColor":"","borderColor":"#808080","borderRadius":0,"borderStyle":"none","borderWidth":1,"iconSize":28,"iconSpacing":10,"images":[{"name":"COMP_ICON_FACEBOOK","class":"scs-facebook-icon","title":"","altText":""},{"name":"COMP_ICON_LINKEDIN","class":"scs-linkedin-icon","title":"","altText":""},{"name":"COMP_ICON_TWITTER","class":"scs-twitter-icon","title":"","altText":""},{"name":"COMP_ICON_GOOGLEPLUS","class":"scs-googleplus-icon","title":"","altText":""},{"name":"COMP_ICON_YOUTUBE","class":"scs-youtube-icon","title":"","altText":""}],"layout":"horizontal","marginBottom":5,"marginLeft":5,"marginRight":5,"marginTop":5,"styleClass":"","useStyleClass":"true","visible":true}},"a9bf6e76-d88c-486a-8731-2a9431fb0459":{"type":"scs-image","id":"scs-image","data":{"alignment":"right","altText":"","borderColor":"#808080","borderRadius":0,"borderStyle":"none","borderWidth":1,"caption":"","contentViewing":"","imageHref":"","imageHrefContentViewing":"","imageHrefName":"","imageName":"Cafe-Supremo-Logo-8240830000004090-8240830000005011.png","imageTarget":"_self","imageUrl":"[!--$SCS_CONTENT_URL--]/Cafe-Supremo-Logo-8240830000004090-8240830000005011.png","linkType":"scs-link-no-link","marginBottom":5,"marginLeft":5,"marginRight":5,"marginTop":5,"styleClass":"","title":"","useStyleClass":"true","visible":true,"width":300}},"a93c5389-e9b9-454b-ac08-f4a23348d94c":{"type":"scs-component","id":"NavMenu_CafeSupremoLite","data":{"actions":"","alignment":"fill","assets":"","borderColor":"#808080","borderRadius":0,"borderStyle":"none","borderWidth":1,"componentId":"navMenu","componentName":"Navigation Menu Component","componentFactory":"","componentLayout":"default","contentId":"","contentLayoutCategory":"","contentPlaceholder":false,"contentTypes":[],"contentViewing":"","customSettingsData":{"externalSiteEnabled":true,"externalSites":[{"name":"SHOP","url":"http://www.oracle.com"}]},"componentConfig":{"id":"NavMenu-component","settingsData":{"settingsWidth":350,"settingsRenderOption":"dialog","componentLayouts":[],"actions":[]},"initialData":{"componentId":"navMenu","componentName":"Navigation Menu Component","componentLayout":"default","marginBottom":0,"marginLeft":0,"marginRight":0,"marginTop":0,"customSettingsData":{"externalSiteEnabled":false},"nestedComponents":[]}},"description":"","detailPageId":"","height":"","initialized":true,"isCaaSLayout":false,"linkType":"scs-link-action","marginBottom":0,"marginLeft":0,"marginRight":0,"marginTop":0,"nestedComponents":[],"styleClass":"","styleClassName":"","seeded":false,"useStyleClass":"true","visible":true,"visibleNestedComponents":[],"width":0}}}}