{
    "type": "contentform",
    "name": "Starter-Blog-Post-Form",
    "create": {
        "sidebar": {}
    },
    "edit": {
        "sidebar": {
            "expand": false,
            "active": "properties",
            "analytics": false,
            "categories": false,
            "channels": true,
            "conversation": false,
            "inventory": true,
            "properties": true,
            "tagsAndCollections": true,
            "translations": false,
            "workflow": false
        }
    }
}