{"properties":{"title":null,"pageLayout":"hero.html","pageDescription":null,"keywords":null,"hideFromSearchEngines":false,"header":"","footer":"","noIndex":false,"noFollow":false,"noArchive":false,"noSnippet":false,"isCobrowseEnabled":false},"slots":{"slot-content":{"components":["5a5dd154-e7cd-4d36-a2ee-8e1bd1cdce9a","a86b28cc-871e-44c7-a18d-0416b94a8ecc"],"grid":"<div class=\"scs-row\"><div class=\"scs-col\" style=\"width: 100%;\"><div id=\"a86b28cc-871e-44c7-a18d-0416b94a8ecc\"></div></div></div><div class=\"scs-row\"><div class=\"scs-col\" style=\"width: 100%;\"><div id=\"5a5dd154-e7cd-4d36-a2ee-8e1bd1cdce9a\"></div></div></div>"}},"componentInstances":{"5a5dd154-e7cd-4d36-a2ee-8e1bd1cdce9a":{"type":"scs-paragraph","id":"scs-paragraph","data":{"alignment":"fill","backgroundColor":"","borderColor":"#808080","borderRadius":0,"borderStyle":"none","borderWidth":1,"fontColor":"#333333","fontFamily":"'Helvetica Neue', Helvetica, Arial, sans-serif","fontSize":16,"innerHTML":"<div><!-- ko if: visible --><div class=\"scs-paragraph  scs-component scs-paragraph-default-style\" style=\"margin-top:5px;margin-right:5px;margin-bottom:5px;margin-left:5px;\"><div class=\"scs-component-content\" data-bind=\"scsCompSetupLightbox\" style=\"text-align:left;width:100%;\"><div class=\"scs-paragraph-text\" style=\"\"><div>This starter template provides versions of a theme and site navigation configured to use the <a linktype=\"scs-link-sitepage\" target=\"_self\" href=\"http://www.oracle.com/webfolder/technetwork/jet/index.html\">Oracle JavaScript Extension Toolkit (JET)</a>, which you can easily modify it to create your own template.</div><div>&nbsp;</div><div>Explore the pages in this site to learn more about developing the different parts of a template. To view a particular page:</div><ul><li>Use the site navigation at the top of each page or in the footer to go to a selected page.</li><li>Click <strong>Edit </strong>and then click the <strong>Pages </strong>icon in the left panel to use the site tree to go to a selected page.</li></ul><div>To remove the documentation pages from this site, click the Developing Templates page in the site tree in the left panel and click the <strong>Delete </strong>icon. The Developing Templates page and all nested pages are deleted.</div><div>&nbsp;</div><div>For more information about developing templates, see <a linktype=\"scs-link-sitepage\" target=\"_self\" href=\"[!--$SCS_PAGE--]100[/!--$SCS_PAGE--]\">Developing Templates</a>.</div></div></div></div><!-- /ko --></div>","marginBottom":5,"marginLeft":5,"marginRight":5,"marginTop":5,"placeholderText":"","styleClass":"","styleClassName":"","styleClassTag":"","toolbarGroups":"","useStyleClass":"true","userText":"<div>This starter template provides versions of a theme and site navigation configured to use the <a linktype=\"scs-link-sitepage\" target=\"_self\" href=\"http://www.oracle.com/webfolder/technetwork/jet/index.html\">Oracle JavaScript Extension Toolkit (JET)</a>, which you can easily modify it to create your own template.</div><div>&nbsp;</div><div>Explore the pages in this site to learn more about developing the different parts of a template. To view a particular page:</div><ul><li>Use the site navigation at the top of each page or in the footer to go to a selected page.</li><li>Click <strong>Edit </strong>and then click the <strong>Pages </strong>icon in the left panel to use the site tree to go to a selected page.</li></ul><div>To remove the documentation pages from this site, click the Developing Templates page in the site tree in the left panel and click the <strong>Delete </strong>icon. The Developing Templates page and all nested pages are deleted.</div><div>&nbsp;</div><div>For more information about developing templates, see <a linktype=\"scs-link-sitepage\" target=\"_self\" href=\"[!--$SCS_PAGE--]100[/!--$SCS_PAGE--]\">Developing Templates</a>.</div>","visible":true,"width":400}},"a86b28cc-871e-44c7-a18d-0416b94a8ecc":{"type":"scs-title","id":"scs-text","data":{"alignment":"fill","backgroundColor":"","borderColor":"#808080","borderRadius":0,"borderStyle":"none","borderWidth":1,"fontColor":"#333333","fontFamily":"'Helvetica Neue', Helvetica, Arial, sans-serif","fontSize":24,"innerHTML":"<div><!-- ko if: visible --><div class=\"scs-title  scs-component scs-text-heading-style-2\" style=\"margin-top:5px;margin-right:5px;margin-bottom:5px;margin-left:5px;\"><div class=\"scs-component-content\" data-bind=\"scsCompSetupLightbox\" style=\"text-align:left;width:100%;\"><h2 class=\"scs-text\" style=\"\">Welcome!</h2></div></div><!-- /ko --></div>","marginBottom":5,"marginLeft":5,"marginRight":5,"marginTop":5,"placeholderText":"Click to edit text","styleClass":"scs-text-heading-style-2","styleClassName":"scs-text","styleClassTag":"h2","toolbarGroups":[],"useStyleClass":"true","userText":"Welcome!","visible":true,"width":400}},"heroTitle":{"type":"scs-inline-text","isInlineComponent":true,"data":{"innerHTML":"Using JET with Sites"}},"button22":{"type":"scs-inline-text","isInlineComponent":true,"data":{"innerHTML":"<a target=\"_blank\" linktype=\"scs-link-webpage\" href=\"https://docs.oracle.com/en/cloud/paas/content-cloud/books.html\">Documentation</a>"}},"heroDescription":{"type":"scs-inline-text","isInlineComponent":true,"data":{"innerHTML":"Oracle Content and Experience Cloud is a cloud-based content hub to drive omni-channel content management and accelerate experience delivery."}}}}