{"properties":{"title":"","pageLayout":"detail.html","pageDescription":"","keywords":"","hideFromSearchEngines":false,"header":"","footer":"","noIndex":false,"noFollow":false,"noArchive":false,"noSnippet":false,"isCobrowseEnabled":false},"slots":{"slot-content":{"components":["f341b598-d8d1-4547-90d8-b456f3c4a30d","ed591049-fa06-4dd2-b49c-5049c7a51cc8","c7007f53-31de-4532-b1d9-db0f3a188266","a96b1cca-7fea-4c29-9fbe-0b586084b2e5","e79b0a4d-9cc8-491b-a1df-67ec5514d4e5"],"grid":"<div class=\"scs-row\"><div class=\"scs-col\" style=\"width: 100%;\"><div id=\"f341b598-d8d1-4547-90d8-b456f3c4a30d\"></div></div></div><div class=\"scs-row\"><div class=\"scs-col\" style=\"width: 100%;\"><div id=\"a96b1cca-7fea-4c29-9fbe-0b586084b2e5\"></div><div id=\"e79b0a4d-9cc8-491b-a1df-67ec5514d4e5\"></div><div id=\"ed591049-fa06-4dd2-b49c-5049c7a51cc8\"></div><div id=\"c7007f53-31de-4532-b1d9-db0f3a188266\"></div></div></div>"}},"componentInstances":{"f341b598-d8d1-4547-90d8-b456f3c4a30d":{"type":"scs-paragraph","id":"scs-paragraph","data":{"alignment":"fill","backgroundColor":"","borderColor":"#808080","borderRadius":0,"borderStyle":"none","borderWidth":1,"fontColor":"#333333","fontFamily":"'Helvetica Neue', Helvetica, Arial, sans-serif","fontSize":16,"innerHTML":"<div><!-- ko if: visible --><div class=\"scs-paragraph  scs-component scs-paragraph-default-style\" style=\"margin-top:5px;margin-right:5px;margin-bottom:5px;margin-left:5px;\"><div class=\"scs-component-content\" data-bind=\"scsCompSetupLightbox\" style=\"text-align:left;width:100%;\"><div class=\"scs-paragraph-text\" style=\"\"><div><span style=\"font-size:18px\"><strong>CECS Components</strong></span></div><div>Components are the individual parts of a page, including titles, paragraphs, images and so. In addition to the wide range of components provided, you can create your own components. There are three types of custom components:</div><div><ul><li><span name=\"OracleReview\" id=\"33\" class=\"segment\"><strong>Local component</strong>: All dependencies are expected to be local.</span></li><li><span name=\"OracleReview\" id=\"35\" class=\"segment\"><strong>Local component rendered in an inline frame</strong>: Component is served from the same domain as Oracle Sites Cloud Service.</span></li><li><span name=\"OracleReview\" id=\"37\" class=\"segment\"><strong>Remote component</strong>: Component is served from remote location.</span></li></ul><div>&nbsp;</div><div><span style=\"font-size:18px\"><strong>Oracle JET Composite Component Architecture (CCA)</strong></span></div><div>Since this template is configured to use Oracle JET, you can also use Oracle JET CCA components on the page.&nbsp; These components need to be wrapped in a Local Component to support adding them to the page and mapping of the CCA functionality:&nbsp;</div><ul><li>CCA Parameters to Component Custom Settings and integration with a settings panel</li><li>CCA Events to Component Triggers</li><li>CCA Methods to Component Actions</li></ul><div>The wrapper local component also allows for&nbsp;graceful failure when it is placed on a page that isn't configured to support Oracle JET.&nbsp;</div><div>You can see an example of a JET CCA component rendered below and interacting with the button component.&nbsp;</div><div>&nbsp;</div><div>For more information about developing components, see <a target=\"_self\" linktype=\"scs-link-webpage\" href=\"http://www.oracle.com/pls/topic/lookup?ctx=cloud&amp;id=CECSD-GUID-120936B2-950A-4C69-A0CE-20A87350D25A\">Developing Components</a> in Developing for Oracle Content and Experience Cloud.</div></div></div></div></div><!-- /ko --></div>","marginBottom":5,"marginLeft":5,"marginRight":5,"marginTop":5,"placeholderText":"","styleClass":"","styleClassName":"","styleClassTag":"","toolbarGroups":"","useStyleClass":"true","userText":"<div><span style=\"font-size:18px\"><strong>CECS Components</strong></span></div><div>Components are the individual parts of a page, including titles, paragraphs, images and so. In addition to the wide range of components provided, you can create your own components. There are three types of custom components:</div><div><ul><li><span name=\"OracleReview\" id=\"33\" class=\"segment\"><strong>Local component</strong>: All dependencies are expected to be local.</span></li><li><span name=\"OracleReview\" id=\"35\" class=\"segment\"><strong>Local component rendered in an inline frame</strong>: Component is served from the same domain as Oracle Sites Cloud Service.</span></li><li><span name=\"OracleReview\" id=\"37\" class=\"segment\"><strong>Remote component</strong>: Component is served from remote location.</span></li></ul><div>&nbsp;</div><div><span style=\"font-size:18px\"><strong>Oracle JET Composite Component Architecture (CCA)</strong></span></div><div>Since this template is configured to use Oracle JET, you can also use Oracle JET CCA components on the page.&nbsp; These components need to be wrapped in a Local Component to support adding them to the page and mapping of the CCA functionality:&nbsp;</div><ul><li>CCA Parameters to Component Custom Settings and integration with a settings panel</li><li>CCA Events to Component Triggers</li><li>CCA Methods to Component Actions</li></ul><div>The wrapper local component also allows for&nbsp;graceful failure when it is placed on a page that isn't configured to support Oracle JET.&nbsp;</div><div>You can see an example of a JET CCA component rendered below and interacting with the button component.&nbsp;</div><div>&nbsp;</div><div>For more information about developing components, see <a target=\"_self\" linktype=\"scs-link-webpage\" href=\"http://www.oracle.com/pls/topic/lookup?ctx=cloud&amp;id=CECSD-GUID-120936B2-950A-4C69-A0CE-20A87350D25A\">Developing Components</a> in Developing for Oracle Content and Experience Cloud.</div></div>","visible":true,"width":400}},"ed591049-fa06-4dd2-b49c-5049c7a51cc8":{"type":"scs-button","id":"scs-button","data":{"actions":[{"triggerName":"scsLinkClicked","actionName":"flipCards","actionDescription":"Flip the cards","actionComponent":"comp","actionAppId":"c7007f53-31de-4532-b1d9-db0f3a188266","actionPayload":[]}],"alignment":"center","backgroundColor":"#DDDDDD","backgroundColorHover":"#EEEEEE","borderColor":"#808080","borderColorHover":"#2222DD","borderRadius":0,"borderStyle":"solid","borderWidth":1,"fontColor":"#000000","fontColorHover":"#2222DD","fontFamily":"'Helvetica Neue', Helvetica, Arial, sans-serif","fontSize":14,"height":0,"href":"","hrefContentViewing":"","hrefName":"","isCobrowse":"","linkType":"scs-link-action","marginBottom":5,"marginLeft":5,"marginRight":5,"marginTop":5,"styleClass":"","styleClassName":"","target":"_self","text":"Click this button link to flip the card﻿","title":"","useStyleClass":"true","visible":true,"width":0}},"c7007f53-31de-4532-b1d9-db0f3a188266":{"type":"scs-component","id":"Sample-JET-CCA-Demo-Card","data":{"actions":"","alignment":"center","assets":"","borderColor":"#808080","borderRadius":0,"borderStyle":"none","borderWidth":1,"componentId":"sampleComp","componentName":"Sample-JET-CCA-Demo-Card","componentFactory":"","componentLayout":"default","contentId":"","contentLayoutCategory":"","contentPlaceholder":false,"contentTypes":[],"contentViewing":"","customSettingsData":{"name":"Deb Raphaely","avatar":"debraphaely.png","title":"Purchasing Director","work":5171278897,"email":"deb.raphaely@oracle.com","backgroundImage":"card-background_1.png"},"componentConfig":{"id":"sample-component","settingsData":{"settingsHeight":490,"settingsWidth":300,"settingsRenderOption":"panel","triggers":[{"triggerName":"selectCard","triggerDescription":"Card Selected","triggerPayload":[{"name":"name","displayName":"The employee's full name."},{"name":"avatar","displayName":"The url of the employee's image."},{"name":"workTitle","displayName":"The employee's job title."},{"name":"workNumber","displayName":"The employee's work number."},{"name":"email","displayName":"The employee's email."},{"name":"backgroundImage","displayName":"The url of the background to use for the employee's card"}]}],"actions":[{"actionName":"flipCards","actionDescription":"Flip the cards","actionPayload":[]}]},"initialData":{"componentId":"sampleComp","componentLayout":"default","customSettingsData":{"name":"Deb Raphaely","avatar":"debraphaely.png","title":"Purchasing Director","work":5171278899,"email":"deb.raphaely@oracle.com","backgroundImage":"card-background_1.png"}}},"description":"","detailPageId":"","height":"","initialized":true,"isCaaSLayout":false,"linkType":"scs-link-action","marginBottom":5,"marginLeft":5,"marginRight":5,"marginTop":5,"nestedComponents":[],"styleClass":"","styleClassName":"","seeded":false,"useStyleClass":"true","visible":true,"visibleNestedComponents":[],"width":0}},"a96b1cca-7fea-4c29-9fbe-0b586084b2e5":{"type":"scs-title","id":"scs-text","data":{"alignment":"fill","backgroundColor":"","borderColor":"#808080","borderRadius":0,"borderStyle":"none","borderWidth":1,"fontColor":"#333333","fontFamily":"'Helvetica Neue', Helvetica, Arial, sans-serif","fontSize":24,"innerHTML":"<div><!-- ko if: visible --><div class=\"scs-title  scs-component scs-text-heading-style-2\" style=\"margin-top:5px;margin-right:5px;margin-bottom:5px;margin-left:5px;\"><div class=\"scs-component-content\" data-bind=\"scsCompSetupLightbox\" style=\"text-align:left;width:100%;\"><h2 class=\"scs-text\" style=\"\">CCA Card Demo</h2></div></div><!-- /ko --></div>","marginBottom":5,"marginLeft":5,"marginRight":5,"marginTop":5,"placeholderText":"Click to edit text","styleClass":"scs-text-heading-style-2","styleClassName":"scs-text","styleClassTag":"h2","toolbarGroups":[],"useStyleClass":"true","userText":"CCA Card Demo","visible":true,"width":400}},"e79b0a4d-9cc8-491b-a1df-67ec5514d4e5":{"type":"scs-paragraph","id":"scs-paragraph","data":{"alignment":"fill","backgroundColor":"","borderColor":"#808080","borderRadius":0,"borderStyle":"none","borderWidth":1,"fontColor":"#333333","fontFamily":"'Helvetica Neue', Helvetica, Arial, sans-serif","fontSize":16,"innerHTML":"<div><!-- ko if: visible --><div class=\"scs-paragraph  scs-component scs-paragraph-default-style\" style=\"margin-top:5px;margin-right:5px;margin-bottom:5px;margin-left:5px;\"><div class=\"scs-component-content\" data-bind=\"scsCompSetupLightbox\" style=\"text-align:left;width:100%;\"><div class=\"scs-paragraph-text\" style=\"\"><div>This demo uses the Oracle JET <a target=\"_self\" linktype=\"scs-link-webpage\" href=\"http://www.oracle.com/webfolder/technetwork/jet/jetCookbook.html?component=composite&amp;demo=basic\">\"Card Demo\"</a> Composite Component. This JET CCA component is wrapped in a Sites Custom Component to allow a knowledge worker to drop it onto the page and update parameters passed to it via a settings panel.&nbsp;</div><div>There is also a \"FlipCard\" method&nbsp;added to the component, which can be invoked from other Custom Components on the page.&nbsp; In this case, a Button Component has been added to the page and configured via the \"Trigger Actions\" trigger to call the&nbsp;\"Flip the Card\" action.&nbsp;&nbsp;</div></div></div></div><!-- /ko --></div>","marginBottom":5,"marginLeft":5,"marginRight":5,"marginTop":5,"placeholderText":"","styleClass":"","styleClassName":"","styleClassTag":"","toolbarGroups":"","useStyleClass":"true","userText":"<div>This demo uses the Oracle JET <a target=\"_self\" linktype=\"scs-link-webpage\" href=\"http://www.oracle.com/webfolder/technetwork/jet/jetCookbook.html?component=composite&amp;demo=basic\">\"Card Demo\"</a> Composite Component. This JET CCA component is wrapped in a Sites Custom Component to allow a knowledge worker to drop it onto the page and update parameters passed to it via a settings panel.&nbsp;</div><div>There is also a \"FlipCard\" method&nbsp;added to the component, which can be invoked from other Custom Components on the page.&nbsp; In this case, a Button Component has been added to the page and configured via the \"Trigger Actions\" trigger to call the&nbsp;\"Flip the Card\" action.&nbsp;&nbsp;</div>","visible":true,"width":400}}}}
