{
	"properties": {
		"title": "",
		"pageLayout": "detail.html",
		"pageDescription": "",
		"keywords": "",
		"hideFromSearchEngines": false,
		"header": "",
		"footer": "",
		"noIndex": false,
		"noFollow": false,
		"noArchive": false,
		"noSnippet": false
	},
	"slots": {
		"slot-content": {
			"components": [
				"b2ae10c0-d11d-4c30-b8cb-b2d151a01707"
			],
			"grid": "<div class=\"scs-row\"><div class=\"scs-col\" style=\"width: 100%;\"><div id=\"b2ae10c0-d11d-4c30-b8cb-b2d151a01707\"><\/div><\/div><\/div>"
		}
	},
	"componentInstances": {
		"b2ae10c0-d11d-4c30-b8cb-b2d151a01707": {
			"type": "scs-paragraph",
			"id": "scs-paragraph",
			"data": {
				"alignment": "fill",
				"backgroundColor": "",
				"borderColor": "#808080",
				"borderRadius": 0,
				"borderStyle": "none",
				"borderWidth": 1,
				"fontColor": "#333333",
				"fontFamily": "'Helvetica Neue', Helvetica, Arial, sans-serif",
				"fontSize": 16,
				"innerHTML": "<div><!-- ko if: visible --><div class=\"scs-paragraph  scs-component scs-paragraph-default-style\" style=\"margin-top:5px;margin-right:5px;margin-bottom:5px;margin-left:5px;\"><div class=\"scs-component-content\" style=\"text-align:left;width:100%;\"><div class=\"scs-paragraph-text\" style=\"\"><div>This site uses cookies for identifying unique user visits, but not for tracking your personal information. By continuing to use our site you are accepting our use of cookies.<\/div><\/div><\/div><\/div><!-- \/ko --><\/div>",
				"marginBottom": 5,
				"marginLeft": 5,
				"marginRight": 5,
				"marginTop": 5,
				"placeholderText": "",
				"styleClass": "",
				"styleClassName": "",
				"styleClassTag": "",
				"toolbarGroups": "",
				"useStyleClass": "true",
				"userText": "<div>This site uses cookies for identifying unique user visits, but not for tracking your personal information. By continuing to use our site you are accepting our use of cookies.<\/div>",
				"visible": true,
				"width": 400
			}
		}
	}
}