{
  "properties": {
    "title": null,
    "pageLayout": "index.html",
    "pageDescription": null,
    "keywords": null,
    "hideFromSearchEngines": false
  },
  "slots": {
    "slot-promo": {
      "components": [
        "5914de88-603f-4e10-bb02-26a03c53ea00",
        "a6f9a30c-0079-44b0-a334-430553b7b39e",
        "f846c913-5c91-48da-b8dc-3484a7ecb9f0"
      ],
      "grid": "\n        <div class=\"scs-row\"><div class=\"scs-col\" style=\"width: 100%;\"><div id=\"5914de88-603f-4e10-bb02-26a03c53ea00\"><\/div><div id=\"a6f9a30c-0079-44b0-a334-430553b7b39e\"><\/div><div id=\"f846c913-5c91-48da-b8dc-3484a7ecb9f0\"><\/div><\/div><\/div>"
    },
    "slot-promo-video": {
      "components": [
        
      ],
      "grid": ""
    },
    "slot-row-1-content": {
      "components": [
        "e8245c5e-bc67-4f35-9bd3-e9f41a457362",
        "453b674d-80d8-4bc9-b07d-443993cc505b"
      ],
      "grid": "\n                        <div class=\"scs-row\"><div class=\"scs-col\" style=\"width: 100%;\"><div id=\"e8245c5e-bc67-4f35-9bd3-e9f41a457362\"><\/div><div id=\"453b674d-80d8-4bc9-b07d-443993cc505b\"><\/div><\/div><\/div>"
    },
    "slot-row-1-quote-profile": {
      "components": [
        "256a7712-8c87-4ba5-a993-ea2b5efd4cb9"
      ],
      "grid": "\n                            <div class=\"scs-row\"><div class=\"scs-col\" style=\"width: 100%;\"><div id=\"256a7712-8c87-4ba5-a993-ea2b5efd4cb9\"><\/div><\/div><\/div>"
    },
    "slot-row-1-quote-content": {
      "components": [
        "fc0ac563-1213-4291-a75b-d0362316309e"
      ],
      "grid": "\n                            <div class=\"scs-row\"><div class=\"scs-col\" style=\"width: 100%;\"><div id=\"fc0ac563-1213-4291-a75b-d0362316309e\"><\/div><\/div><\/div>"
    },
    "slot-why-header": {
      "components": [
        "e5746537-797c-48c6-9176-b92c92928ef0",
        "eb048b4d-86b4-477f-bdb9-d3e80f64a732"
      ],
      "grid": "\n                <div class=\"scs-row\"><div class=\"scs-col\" style=\"width: 100%;\"><div id=\"e5746537-797c-48c6-9176-b92c92928ef0\"><\/div><div id=\"eb048b4d-86b4-477f-bdb9-d3e80f64a732\"><\/div><\/div><\/div>"
    },
    "slot-row-1-figure": {
      "components": [
        "49c3ab7b-a915-40f2-a075-49b05f1bb59f"
      ],
      "grid": "<div class=\"scs-row\"><div class=\"scs-col\" style=\"width: 100%;\"><div id=\"49c3ab7b-a915-40f2-a075-49b05f1bb59f\"><\/div><\/div><\/div>"
    },
    "slot-row-2-figure": {
      "components": [
        "157e4427-e3ca-4896-9419-245a26a39f18"
      ],
      "grid": "<div class=\"scs-row\"><div class=\"scs-col\" style=\"width: 100%;\"><div id=\"157e4427-e3ca-4896-9419-245a26a39f18\"><\/div><\/div><\/div>"
    },
    "slot-row-2-content": {
      "components": [
        "7062821f-5d2e-4bc4-b44c-a0d4098f75c9",
        "45b1ba9b-f2b2-4c64-a5d5-970d0284826d"
      ],
      "grid": "<div class=\"scs-row\"><div class=\"scs-col\" style=\"width: 100%;\"><div id=\"7062821f-5d2e-4bc4-b44c-a0d4098f75c9\"><\/div><div id=\"45b1ba9b-f2b2-4c64-a5d5-970d0284826d\"><\/div><\/div><\/div>"
    },
    "slot-row-2-quote-profile": {
      "components": [
        "9d43eb46-8d89-4f9b-862f-5d1064a79a3d"
      ],
      "grid": "<div class=\"scs-row\"><div class=\"scs-col\" style=\"width: 100%;\"><div id=\"9d43eb46-8d89-4f9b-862f-5d1064a79a3d\"><\/div><\/div><\/div>"
    },
    "slot-row-2-quote-content": {
      "components": [
        "aa3cc20c-232f-45ea-889b-73851edbbbc4"
      ],
      "grid": "<div class=\"scs-row\"><div class=\"scs-col\" style=\"width: 100%;\"><div id=\"aa3cc20c-232f-45ea-889b-73851edbbbc4\"><\/div><\/div><\/div>"
    },
    "slot-row-3-content": {
      "components": [
        "90a00bb7-efec-416f-85f6-de823f1aa6e6",
        "61cd5bbb-3316-46d6-a7bd-856177a400a9",
        "013709ad-32de-4cb7-a5f0-07dcb5a855af",
        "d031ae7c-97ba-4c0b-a212-af80792fd66d",
        "11fce105-8270-4e64-a753-317dc0c3b9da",
        "5fd2aaf3-2314-46ba-a0b8-fe40854a4b09",
        "babaa554-b46b-4f89-9ee6-2cee02a14716",
        "e58a2fcc-5ef9-4179-9b05-9e0fa0ea1439"
      ],
      "grid": "<div class=\"scs-row\"><div class=\"scs-col\" style=\"width: 100%;\"><div id=\"5fd2aaf3-2314-46ba-a0b8-fe40854a4b09\"><\/div><div id=\"babaa554-b46b-4f89-9ee6-2cee02a14716\"><\/div><\/div><\/div>"
    },
    "slot-row-3-quote-profile": {
      "components": [
        "d31c8aaa-ca8a-43eb-9f35-71f82a90fd21"
      ],
      "grid": "<div class=\"scs-row\"><div class=\"scs-col\" style=\"width: 100%;\"><div id=\"d31c8aaa-ca8a-43eb-9f35-71f82a90fd21\"><\/div><\/div><\/div>"
    },
    "slot-row-3-quote-content": {
      "components": [
        "26f3210f-6771-4c8d-a3b0-835a67b8d80f"
      ],
      "grid": "<div class=\"scs-row\"><div class=\"scs-col\" style=\"width: 100%;\"><div id=\"26f3210f-6771-4c8d-a3b0-835a67b8d80f\"><\/div><\/div><\/div>"
    },
    "slot-row-3-figure": {
      "components": [
        "32617e32-094b-423f-a7e7-888dd839d908"
      ],
      "grid": "<div class=\"scs-row\"><div class=\"scs-col\" style=\"width: 100%;\"><div id=\"32617e32-094b-423f-a7e7-888dd839d908\"><\/div><\/div><\/div>"
    },
    "slot-row-4-figure": {
      "components": [
        "e65fcacc-60a4-435b-aae5-24a5394e4d64"
      ],
      "grid": "<div class=\"scs-row\"><div class=\"scs-col\" style=\"width: 100%;\"><div id=\"e65fcacc-60a4-435b-aae5-24a5394e4d64\"><\/div><\/div><\/div>"
    },
    "slot-row-4-quote-profile": {
      "components": [
        "bf578265-3fe0-45e2-976d-36dad45c2a43"
      ],
      "grid": "<div class=\"scs-row\"><div class=\"scs-col\" style=\"width: 100%;\"><div id=\"bf578265-3fe0-45e2-976d-36dad45c2a43\"><\/div><\/div><\/div>"
    },
    "slot-row-4-quote-content": {
      "components": [
        "1d9c9176-d225-4a85-a772-b0fb46051e35"
      ],
      "grid": "<div class=\"scs-row\"><div class=\"scs-col\" style=\"width: 100%;\"><div id=\"1d9c9176-d225-4a85-a772-b0fb46051e35\"><\/div><\/div><\/div>"
    },
    "slot-feature-lead": {
      "components": [
        "91d63c7e-15e1-468e-84bc-75571c97676e",
        "cd700beb-387f-4ff2-9917-225fff36c24f"
      ],
      "grid": "<div class=\"scs-row\"><div class=\"scs-col\" style=\"width: 100%;\"><div id=\"91d63c7e-15e1-468e-84bc-75571c97676e\"><\/div><div id=\"cd700beb-387f-4ff2-9917-225fff36c24f\"><\/div><\/div><\/div>"
    },
    "slot-carousel-header": {
      "components": [
        "443d9ffc-1d41-4c7e-8692-24183cf2921a"
      ],
      "grid": "<div class=\"scs-row\"><div class=\"scs-col\" style=\"width: 100%;\"><div id=\"443d9ffc-1d41-4c7e-8692-24183cf2921a\"><\/div><\/div><\/div>"
    },
    "slot-carousel-2-figure": {
      "components": [
        "3fc10e94-360a-4276-86a4-4ffd298b39d0"
      ],
      "grid": "<div class=\"scs-row\"><div class=\"scs-col\" style=\"width: 100%;\"><div id=\"3fc10e94-360a-4276-86a4-4ffd298b39d0\"><\/div><\/div><\/div>"
    },
    "slot-carousel-1-figure": {
      "components": [
        "d7fe2905-639a-4321-a7ec-8d8edc71f5d3"
      ],
      "grid": "<div class=\"scs-row\"><div class=\"scs-col\" style=\"width: 100%;\"><div id=\"d7fe2905-639a-4321-a7ec-8d8edc71f5d3\"><\/div><\/div><\/div>"
    },
    "slot-carousel-1-content": {
      "components": [
        "44758e4c-28f7-4516-a9e0-f0905fbb5b46"
      ],
      "grid": "<div class=\"scs-row\"><div class=\"scs-col\" style=\"width: 100%;\"><div id=\"44758e4c-28f7-4516-a9e0-f0905fbb5b46\"><\/div><\/div><\/div>"
    },
    "slot-carousel-3-figure": {
      "components": [
        "a42bc844-2ed9-4cd9-96e7-485cd11e9533"
      ],
      "grid": "<div class=\"scs-row\"><div class=\"scs-col\" style=\"width: 100%;\"><div id=\"a42bc844-2ed9-4cd9-96e7-485cd11e9533\"><\/div><\/div><\/div>"
    },
    "slot-carousel-2-content": {
      "components": [
        "e0404cc8-ed2b-4543-8a89-d5dfaa8f2446"
      ],
      "grid": "<div class=\"scs-row\"><div class=\"scs-col\" style=\"width: 100%;\"><div id=\"e0404cc8-ed2b-4543-8a89-d5dfaa8f2446\"><\/div><\/div><\/div>"
    },
    "slot-carousel-3-content": {
      "components": [
        "f3600a01-3cd5-492a-b739-34de82730453"
      ],
      "grid": "<div class=\"scs-row\"><div class=\"scs-col\" style=\"width: 100%;\"><div id=\"f3600a01-3cd5-492a-b739-34de82730453\"><\/div><\/div><\/div>"
    },
    "slot-carousel-2-signature": {
      "components": [
        "bc210d54-2c55-4535-948e-fece8cd145f9"
      ],
      "grid": "<div class=\"scs-row\"><div class=\"scs-col\" style=\"width: 100%;\"><div id=\"bc210d54-2c55-4535-948e-fece8cd145f9\"><\/div><\/div><\/div>"
    },
    "slot-carousel-3-signature": {
      "components": [
        "825c807e-9ee3-40fd-a370-e426887e5c69"
      ],
      "grid": "<div class=\"scs-row\"><div class=\"scs-col\" style=\"width: 100%;\"><div id=\"825c807e-9ee3-40fd-a370-e426887e5c69\"><\/div><\/div><\/div>"
    },
    "slot-carousel-1-signature": {
      "components": [
        "570e48a6-f9bf-4b08-99f3-afc1b601783b"
      ],
      "grid": "<div class=\"scs-row\"><div class=\"scs-col\" style=\"width: 100%;\"><div id=\"570e48a6-f9bf-4b08-99f3-afc1b601783b\"><\/div><\/div><\/div>"
    },
    "slot-press-heading": {
      "components": [
        "8c8681b0-23a9-4b97-a476-ff678e1dd0b4"
      ],
      "grid": "<div class=\"scs-row\"><div class=\"scs-col\" style=\"width: 100%;\"><div id=\"8c8681b0-23a9-4b97-a476-ff678e1dd0b4\"><\/div><\/div><\/div>"
    },
    "slot-press-image-1": {
      "components": [
        
      ],
      "grid": ""
    },
    "slot-press-image-2": {
      "components": [
        
      ],
      "grid": ""
    },
    "slot-press-image-3": {
      "components": [
        
      ],
      "grid": ""
    },
    "slot-press-image-4": {
      "components": [
        
      ],
      "grid": ""
    },
    "slot-press-image-5": {
      "components": [
        
      ],
      "grid": ""
    },
    "slot-press-image-6": {
      "components": [
        
      ],
      "grid": ""
    },
    "slot-press-image-7": {
      "components": [
        
      ],
      "grid": ""
    },
    "slot-press-image-8": {
      "components": [
        
      ],
      "grid": ""
    },
    "slot-press-image-9": {
      "components": [
        
      ],
      "grid": ""
    },
    "slot-press-image-10": {
      "components": [
        
      ],
      "grid": ""
    },
    "slot-press-image-11": {
      "components": [
        
      ],
      "grid": ""
    },
    "slot-press-image-12": {
      "components": [
        
      ],
      "grid": ""
    },
    "slot-press-lead": {
      "components": [
        "0a930455-db8d-4bd2-a466-6c0f301ef857",
        "4393bcc2-7cba-4362-8c08-2320b7ef872e"
      ],
      "grid": "<div class=\"scs-row\"><div class=\"scs-col\" style=\"width: 100%;\"><div id=\"0a930455-db8d-4bd2-a466-6c0f301ef857\"><\/div><div id=\"4393bcc2-7cba-4362-8c08-2320b7ef872e\"><\/div><\/div><\/div>"
    },
    "slot-cta": {
      "components": [
        "040dfb82-3a7f-4274-bd64-b6bf2df47b55",
        "e7ed4cec-acc1-40c1-8426-da44e2b02a3e",
        "906b9c9d-46be-4f81-9913-0e77ecb3f8fe"
      ],
      "grid": "<div class=\"scs-row\"><div class=\"scs-col\" style=\"width: 100%;\"><div id=\"040dfb82-3a7f-4274-bd64-b6bf2df47b55\"><\/div><div id=\"906b9c9d-46be-4f81-9913-0e77ecb3f8fe\"><\/div><div id=\"e7ed4cec-acc1-40c1-8426-da44e2b02a3e\"><\/div><\/div><\/div>"
    },
    "slot-row-4-content": {
      "components": [
        "5e82103d-dd16-410a-87a3-95b8a7b3de88",
        "a8f80dfb-cd78-4c12-95c6-c1bba9426edb"
      ],
      "grid": "<div class=\"scs-row\"><div class=\"scs-col\" style=\"width: 100%;\"><div id=\"5e82103d-dd16-410a-87a3-95b8a7b3de88\"><\/div><div id=\"a8f80dfb-cd78-4c12-95c6-c1bba9426edb\"><\/div><\/div><\/div>"
    },
    "slot-video": {
      "components": [
        "fd0bb6d4-2eef-4e06-8bc5-dad454eb748a"
      ],
      "grid": "<div class=\"scs-row\"><div class=\"scs-col\" style=\"width: 100%;\"><div id=\"fd0bb6d4-2eef-4e06-8bc5-dad454eb748a\"><\/div><\/div><\/div>"
    },
    "slot-slider": {
      "components": [
        "fc826160-0f16-4999-8f37-22da557bdb92"
      ],
      "grid": "<div class=\"scs-row\"><div class=\"scs-col\" style=\"width: 100%;\"><div id=\"fc826160-0f16-4999-8f37-22da557bdb92\"><\/div><\/div><\/div>"
    }
  },
  "componentInstances": {
    "5914de88-603f-4e10-bb02-26a03c53ea00": {
      "type": "scs-title",
      "data": {
        "alignment": "fill",
        "backgroundColor": "transparent",
        "borderColor": "#000000",
        "borderRadius": 0,
        "borderStyle": "",
        "borderWidth": 0,
        "fontColor": "#333333",
        "fontFamily": "\"Helvetica Neue\", Helvetica, Arial, sans-serif",
        "fontSize": 24,
        "marginBottom": 5,
        "marginLeft": 5,
        "marginRight": 5,
        "marginTop": 5,
        "styleClass": "elevate-promo-title",
        "useStyleClass": "true",
        "userText": "<p>Let&#39;s get your product online fast<br \/>\nand get attention right away!<\/p>\n",
        "width": 400
      }
    },
    "f846c913-5c91-48da-b8dc-3484a7ecb9f0": {
      "type": "scs-button",
      "data": {
        "alignment": "center",
        "backgroundColor": "#ec6952",
        "backgroundColorHover": "#ffa07a",
        "borderColor": "#ec6952",
        "borderColorHover": "#ffa07a",
        "borderRadius": 4,
        "borderStyle": "solid",
        "borderWidth": 2,
        "fontColor": "#ffffff",
        "fontColorHover": "#ffffff",
        "fontFamily": "",
        "fontSize": 18,
        "height": 0,
        "href": "[!--$SCS_PAGE--]500[\/!--$SCS_PAGE--]",
        "linkType": "scs-link-sitepage",
        "marginBottom": 5,
        "marginLeft": 5,
        "marginRight": 5,
        "marginTop": 5,
        "styleClass": "elevate-button-primary",
        "target": "",
        "text": "Try Elevate Free",
        "title": "",
        "useStyleClass": "true",
        "width": 0
      }
    },
    "e8245c5e-bc67-4f35-9bd3-e9f41a457362": {
      "type": "scs-title",
      "data": {
        "alignment": "fill",
        "backgroundColor": "transparent",
        "borderColor": "#000000",
        "borderRadius": 0,
        "borderStyle": "",
        "borderWidth": 0,
        "fontColor": "#333333",
        "fontFamily": "\"Helvetica Neue\", Helvetica, Arial, sans-serif",
        "fontSize": 24,
        "marginBottom": 5,
        "marginLeft": 5,
        "marginRight": 5,
        "marginTop": 5,
        "styleClass": "elevate-why-item-title",
        "useStyleClass": "true",
        "userText": "<h2><span style=\"font-size:0.857em\">Save you time and eff<\/span><span style=\"font-size:0.857em\">ort<\/span><\/h2>\n",
        "width": 400
      }
    },
    "453b674d-80d8-4bc9-b07d-443993cc505b": {
      "type": "scs-paragraph",
      "data": {
        "alignment": "fill",
        "backgroundColor": "transparent",
        "borderColor": "#000000",
        "borderRadius": 0,
        "borderStyle": "",
        "borderWidth": 0,
        "fontColor": "#333333",
        "fontFamily": "\"Helvetica Neue\", Helvetica, Arial, sans-serif",
        "fontSize": 16,
        "marginBottom": 5,
        "marginLeft": 5,
        "marginRight": 5,
        "marginTop": 5,
        "styleClass": "elevate-why-item-content",
        "useStyleClass": "true",
        "userText": "<p>Explain one of your product benefits here. Let users know how they can benefit using your product. It&rsquo;s also a good idea to back it up with a testimonial or tweet from your users.<\/p>\n\n",
        "width": 400
      }
    },
    "256a7712-8c87-4ba5-a993-ea2b5efd4cb9": {
      "type": "scs-image",
      "data": {
        "alignment": "left",
        "altText": "",
        "borderColor": "#000000",
        "borderRadius": 0,
        "borderStyle": "none",
        "borderWidth": 1,
        "caption": "",
        "imageHref": "",
        "imageTarget": "_self",
        "imageUrl": "[!--$SCS_CONTENT_URL--]\/profile-s-1.png",
        "linkType": "scs-link-no-link",
        "marginBottom": 5,
        "marginLeft": 5,
        "marginRight": 5,
        "marginTop": 5,
        "styleClass": "",
        "title": "",
        "useStyleClass": "true",
        "width": 0
      }
    },
    "fc0ac563-1213-4291-a75b-d0362316309e": {
      "type": "scs-paragraph",
      "data": {
        "alignment": "fill",
        "backgroundColor": "transparent",
        "borderColor": "#000000",
        "borderRadius": 0,
        "borderStyle": "",
        "borderWidth": 0,
        "fontColor": "#333333",
        "fontFamily": "\"Helvetica Neue\", Helvetica, Arial, sans-serif",
        "fontSize": 16,
        "marginBottom": 5,
        "marginLeft": 5,
        "marginRight": 5,
        "marginTop": 5,
        "styleClass": "elevate-why-item-content",
        "useStyleClass": "true",
        "userText": "<div class=\"scs-paragraph-style-quote\"><a href=\"https:\/\/twitter.com\/3rdwave_themes\" linktype=\"scs-link-webpage\" target=\"_blank\">@elevate<\/a>&nbsp;Love it! Thank you for making my life easier and saving me time! I&rsquo;ll definitely recommend it to my friends. :)<\/div>\n\n<div class=\"scs-paragraph-style-cite\">&nbsp;@LisaW, Bristol<\/div>\n",
        "width": 400
      }
    },
    "eb048b4d-86b4-477f-bdb9-d3e80f64a732": {
      "type": "scs-paragraph",
      "data": {
        "alignment": "fill",
        "backgroundColor": "transparent",
        "borderColor": "#000000",
        "borderRadius": 0,
        "borderStyle": "",
        "borderWidth": 0,
        "fontColor": "#333333",
        "fontFamily": "\"Helvetica Neue\", Helvetica, Arial, sans-serif",
        "fontSize": 16,
        "marginBottom": 5,
        "marginLeft": 5,
        "marginRight": 5,
        "marginTop": 5,
        "styleClass": "elevate-why-intro",
        "useStyleClass": "true",
        "userText": "<p class=\"scs-paragraph-none\" style=\"text-align: center;\">We take care of the UX and front-end design so you can save time building your site<\/p>\n",
        "width": 400
      }
    },
    "49c3ab7b-a915-40f2-a075-49b05f1bb59f": {
      "type": "scs-image",
      "data": {
        "alignment": "center",
        "altText": "",
        "borderColor": "#000000",
        "borderRadius": 0,
        "borderStyle": "none",
        "borderWidth": 1,
        "caption": "",
        "imageHref": "",
        "imageTarget": "_self",
        "imageUrl": "[!--$SCS_CONTENT_URL--]\/figure-1.png",
        "linkType": "scs-link-no-link",
        "marginBottom": 5,
        "marginLeft": 5,
        "marginRight": 5,
        "marginTop": 5,
        "styleClass": "",
        "title": "",
        "useStyleClass": "true",
        "width": 0
      }
    },
    "157e4427-e3ca-4896-9419-245a26a39f18": {
      "type": "scs-image",
      "data": {
        "alignment": "center",
        "altText": "",
        "borderColor": "#000000",
        "borderRadius": 0,
        "borderStyle": "none",
        "borderWidth": 1,
        "caption": "",
        "imageHref": "",
        "imageTarget": "_self",
        "imageUrl": "[!--$SCS_CONTENT_URL--]\/figure-2.png",
        "linkType": "scs-link-no-link",
        "marginBottom": 5,
        "marginLeft": 5,
        "marginRight": 5,
        "marginTop": 5,
        "styleClass": "",
        "title": "",
        "useStyleClass": "true",
        "width": 0
      }
    },
    "7062821f-5d2e-4bc4-b44c-a0d4098f75c9": {
      "type": "scs-title",
      "data": {
        "alignment": "fill",
        "backgroundColor": "transparent",
        "borderColor": "#000000",
        "borderRadius": 0,
        "borderStyle": "",
        "borderWidth": 0,
        "fontColor": "#333333",
        "fontFamily": "\"Helvetica Neue\", Helvetica, Arial, sans-serif",
        "fontSize": 24,
        "marginBottom": 5,
        "marginLeft": 5,
        "marginRight": 5,
        "marginTop": 5,
        "styleClass": "elevate-why-item-title",
        "useStyleClass": "true",
        "userText": "<h2>Works across all devices<\/h2>\n",
        "width": 400
      }
    },
    "45b1ba9b-f2b2-4c64-a5d5-970d0284826d": {
      "type": "scs-paragraph",
      "data": {
        "alignment": "fill",
        "backgroundColor": "transparent",
        "borderColor": "#000000",
        "borderRadius": 0,
        "borderStyle": "",
        "borderWidth": 0,
        "fontColor": "#333333",
        "fontFamily": "\"Helvetica Neue\", Helvetica, Arial, sans-serif",
        "fontSize": 16,
        "marginBottom": 5,
        "marginLeft": 5,
        "marginRight": 5,
        "marginTop": 5,
        "styleClass": "elevate-why-item-content",
        "useStyleClass": "true",
        "userText": "<p>Explain one of your product benefits here. Let users know how they can benefit using your product. It&rsquo;s also a good idea to back it up with a testimonial or tweet from your users.<\/p>\n\n",
        "width": 400
      }
    },
    "9d43eb46-8d89-4f9b-862f-5d1064a79a3d": {
      "type": "scs-image",
      "data": {
        "alignment": "left",
        "altText": "",
        "borderColor": "#000000",
        "borderRadius": 0,
        "borderStyle": "none",
        "borderWidth": 1,
        "caption": "",
        "imageHref": "",
        "imageTarget": "_self",
        "imageUrl": "[!--$SCS_CONTENT_URL--]\/profile-s-2.png",
        "linkType": "scs-link-no-link",
        "marginBottom": 5,
        "marginLeft": 5,
        "marginRight": 5,
        "marginTop": 5,
        "styleClass": "",
        "title": "",
        "useStyleClass": "true",
        "width": 0
      }
    },
    "aa3cc20c-232f-45ea-889b-73851edbbbc4": {
      "type": "scs-paragraph",
      "data": {
        "alignment": "fill",
        "backgroundColor": "transparent",
        "borderColor": "#000000",
        "borderRadius": 0,
        "borderStyle": "",
        "borderWidth": 0,
        "fontColor": "#333333",
        "fontFamily": "\"Helvetica Neue\", Helvetica, Arial, sans-serif",
        "fontSize": 16,
        "marginBottom": 5,
        "marginLeft": 5,
        "marginRight": 5,
        "marginTop": 5,
        "styleClass": "elevate-why-item-content",
        "useStyleClass": "true",
        "userText": "<div class=\"scs-paragraph-style-quote\">I find the mobile app very useful when I&#39;m on the go. Sed ut perspiciatis unde omnis iste natus error sit voluptatem&nbsp;<\/div>\n\n<div class=\"scs-paragraph-style-cite\">@JackieT, San Francisco<\/div>\n",
        "width": 400
      }
    },
    "d31c8aaa-ca8a-43eb-9f35-71f82a90fd21": {
      "type": "scs-image",
      "data": {
        "alignment": "left",
        "altText": "",
        "borderColor": "#000000",
        "borderRadius": 0,
        "borderStyle": "none",
        "borderWidth": 1,
        "caption": "",
        "imageHref": "",
        "imageTarget": "_self",
        "imageUrl": "[!--$SCS_CONTENT_URL--]\/profile-s-3.png",
        "linkType": "scs-link-no-link",
        "marginBottom": 5,
        "marginLeft": 5,
        "marginRight": 5,
        "marginTop": 5,
        "styleClass": "",
        "title": "",
        "useStyleClass": "true",
        "width": 0
      }
    },
    "26f3210f-6771-4c8d-a3b0-835a67b8d80f": {
      "type": "scs-paragraph",
      "data": {
        "alignment": "fill",
        "backgroundColor": "transparent",
        "borderColor": "#000000",
        "borderRadius": 0,
        "borderStyle": "",
        "borderWidth": 0,
        "fontColor": "#333333",
        "fontFamily": "\"Helvetica Neue\", Helvetica, Arial, sans-serif",
        "fontSize": 16,
        "marginBottom": 5,
        "marginLeft": 5,
        "marginRight": 5,
        "marginTop": 5,
        "styleClass": "elevate-why-item-content",
        "useStyleClass": "true",
        "userText": "<div class=\"scs-paragraph-style-quote\">Nice template! It&rsquo;s practical and there is no gimmicks. Very easy to customise as well!<\/div>\n\n<div class=\"scs-paragraph-style-cite\"><a href=\"http:\/\/#\" linktype=\"scs-link-webpage\" target=\"_self\">@AlexD<\/a>, London<\/div>\n",
        "width": 400
      }
    },
    "32617e32-094b-423f-a7e7-888dd839d908": {
      "type": "scs-image",
      "data": {
        "alignment": "center",
        "altText": "",
        "borderColor": "#000000",
        "borderRadius": 0,
        "borderStyle": "none",
        "borderWidth": 1,
        "caption": "",
        "imageHref": "",
        "imageTarget": "_self",
        "imageUrl": "[!--$SCS_CONTENT_URL--]\/figure-3.png",
        "linkType": "scs-link-no-link",
        "marginBottom": 5,
        "marginLeft": 5,
        "marginRight": 5,
        "marginTop": 5,
        "styleClass": "",
        "title": "",
        "useStyleClass": "true",
        "width": 0
      }
    },
    "e65fcacc-60a4-435b-aae5-24a5394e4d64": {
      "type": "scs-image",
      "data": {
        "alignment": "center",
        "altText": "",
        "borderColor": "#000000",
        "borderRadius": 0,
        "borderStyle": "none",
        "borderWidth": 1,
        "caption": "",
        "imageHref": "",
        "imageTarget": "_self",
        "imageUrl": "[!--$SCS_CONTENT_URL--]\/figure-4.png",
        "linkType": "scs-link-no-link",
        "marginBottom": 5,
        "marginLeft": 5,
        "marginRight": 5,
        "marginTop": 5,
        "styleClass": "",
        "title": "",
        "useStyleClass": "true",
        "width": 0
      }
    },
    "bf578265-3fe0-45e2-976d-36dad45c2a43": {
      "type": "scs-image",
      "data": {
        "alignment": "left",
        "altText": "",
        "borderColor": "#000000",
        "borderRadius": 0,
        "borderStyle": "none",
        "borderWidth": 1,
        "caption": "",
        "imageHref": "",
        "imageTarget": "_self",
        "imageUrl": "[!--$SCS_CONTENT_URL--]\/profile-s-4.png",
        "linkType": "scs-link-no-link",
        "marginBottom": 5,
        "marginLeft": 5,
        "marginRight": 5,
        "marginTop": 5,
        "styleClass": "",
        "title": "",
        "useStyleClass": "true",
        "width": 0
      }
    },
    "1d9c9176-d225-4a85-a772-b0fb46051e35": {
      "type": "scs-paragraph",
      "data": {
        "alignment": "fill",
        "backgroundColor": "transparent",
        "borderColor": "#000000",
        "borderRadius": 0,
        "borderStyle": "",
        "borderWidth": 0,
        "fontColor": "#333333",
        "fontFamily": "\"Helvetica Neue\", Helvetica, Arial, sans-serif",
        "fontSize": 16,
        "marginBottom": 5,
        "marginLeft": 5,
        "marginRight": 5,
        "marginTop": 5,
        "styleClass": "elevate-why-item-content",
        "useStyleClass": "true",
        "userText": "<div class=\"scs-paragraph-style-quote\">I can connect to like-minded people lorem ipsum dolor sit amet, consectetuer adipiscing elit.<\/div>\n\n<div class=\"scs-paragraph-style-cite\">@LauraT, San Francisco<\/div>\n",
        "width": 400
      }
    },
    "90a00bb7-efec-416f-85f6-de823f1aa6e6": {
      "type": "scs-title",
      "data": {
        "alignment": "fill",
        "backgroundColor": "transparent",
        "borderColor": "#000000",
        "borderRadius": "",
        "borderStyle": "",
        "borderWidth": "",
        "fontColor": "#333333",
        "fontFamily": "\"Helvetica Neue\", Helvetica, Arial, sans-serif",
        "fontSize": 24,
        "marginBottom": 5,
        "marginLeft": 5,
        "marginRight": 5,
        "marginTop": 5,
        "styleClass": "",
        "useStyleClass": "true",
        "userText": "<h2 class=\"scs-title-style-title\">Connect your users<\/h2>\n",
        "width": 400
      }
    },
    "61cd5bbb-3316-46d6-a7bd-856177a400a9": {
      "type": "scs-paragraph",
      "data": {
        "alignment": "fill",
        "backgroundColor": "transparent",
        "borderColor": "#000000",
        "borderRadius": "",
        "borderStyle": "",
        "borderWidth": "",
        "fontColor": "#333333",
        "fontFamily": "\"Helvetica Neue\", Helvetica, Arial, sans-serif",
        "fontSize": 16,
        "marginBottom": 5,
        "marginLeft": 5,
        "marginRight": 5,
        "marginTop": 5,
        "styleClass": "",
        "useStyleClass": "true",
        "userText": "<p>Explain one of your product benefits here. Let users know how they can benefit using your product. It&rsquo;s also a good idea to back it up with a testimonial or tweet from your users.<\/p>\n\n<p>&nbsp;<\/p>\n",
        "width": 400
      }
    },
    "91d63c7e-15e1-468e-84bc-75571c97676e": {
      "type": "scs-title",
      "data": {
        "alignment": "fill",
        "backgroundColor": "transparent",
        "borderColor": "#000000",
        "borderRadius": 0,
        "borderStyle": "",
        "borderWidth": 0,
        "fontColor": "#333333",
        "fontFamily": "\"Helvetica Neue\", Helvetica, Arial, sans-serif",
        "fontSize": 24,
        "marginBottom": 5,
        "marginLeft": 5,
        "marginRight": 5,
        "marginTop": 5,
        "styleClass": "elevate-why-title",
        "useStyleClass": "true",
        "userText": "<h3 class=\"scs-title-style-heading-m\" style=\"text-align: center;\">Want to discover all the features?<\/h3>\n",
        "width": 400
      }
    },
    "cd700beb-387f-4ff2-9917-225fff36c24f": {
      "type": "scs-button",
      "data": {
        "alignment": "center",
        "backgroundColor": "#ffffff",
        "backgroundColorHover": "#ec6952",
        "borderColor": "#ec6952",
        "borderColorHover": "#ec6952",
        "borderRadius": 4,
        "borderStyle": "solid",
        "borderWidth": 2,
        "fontColor": "#ec6952",
        "fontColorHover": "#ffffff",
        "fontFamily": "",
        "fontSize": 14,
        "height": 0,
        "href": "[!--$SCS_PAGE--]100[\/!--$SCS_PAGE--]",
        "linkType": "scs-link-sitepage",
        "marginBottom": 5,
        "marginLeft": 5,
        "marginRight": 5,
        "marginTop": 5,
        "styleClass": "elevate-button-secondary",
        "target": "",
        "text": "Take a Tour",
        "title": "",
        "useStyleClass": "true",
        "width": 0
      }
    },
    "443d9ffc-1d41-4c7e-8692-24183cf2921a": {
      "type": "scs-title",
      "data": {
        "alignment": "fill",
        "backgroundColor": "transparent",
        "borderColor": "#000000",
        "borderRadius": 0,
        "borderStyle": "",
        "borderWidth": 0,
        "fontColor": "#333333",
        "fontFamily": "\"Helvetica Neue\", Helvetica, Arial, sans-serif",
        "fontSize": 24,
        "marginBottom": 5,
        "marginLeft": 5,
        "marginRight": 5,
        "marginTop": 5,
        "styleClass": "elevate-testimonial-header",
        "useStyleClass": "true",
        "userText": "<p>What are people saying about Elevate?<\/p>\n",
        "width": 400
      }
    },
    "3fc10e94-360a-4276-86a4-4ffd298b39d0": {
      "type": "scs-image",
      "data": {
        "alignment": "left",
        "altText": "",
        "borderColor": "#000000",
        "borderRadius": 0,
        "borderStyle": "none",
        "borderWidth": 1,
        "caption": "",
        "imageHref": "",
        "imageTarget": "_self",
        "imageUrl": "[!--$SCS_CONTENT_URL--]\/profile-m-2.png",
        "linkType": "scs-link-no-link",
        "marginBottom": 5,
        "marginLeft": 5,
        "marginRight": 5,
        "marginTop": 5,
        "styleClass": "",
        "title": "",
        "useStyleClass": "true",
        "width": 0
      }
    },
    "d7fe2905-639a-4321-a7ec-8d8edc71f5d3": {
      "type": "scs-image",
      "data": {
        "alignment": "left",
        "altText": "",
        "borderColor": "#000000",
        "borderRadius": 0,
        "borderStyle": "none",
        "borderWidth": 1,
        "caption": "",
        "imageHref": "",
        "imageTarget": "_self",
        "imageUrl": "[!--$SCS_CONTENT_URL--]\/profile-m-1.png",
        "linkType": "scs-link-no-link",
        "marginBottom": 5,
        "marginLeft": 5,
        "marginRight": 5,
        "marginTop": 5,
        "styleClass": "",
        "title": "",
        "useStyleClass": "true",
        "width": 0
      }
    },
    "44758e4c-28f7-4516-a9e0-f0905fbb5b46": {
      "type": "scs-paragraph",
      "data": {
        "alignment": "fill",
        "backgroundColor": "transparent",
        "borderColor": "#000000",
        "borderRadius": 0,
        "borderStyle": "",
        "borderWidth": 0,
        "fontColor": "#333333",
        "fontFamily": "\"Helvetica Neue\", Helvetica, Arial, sans-serif",
        "fontSize": 16,
        "marginBottom": 5,
        "marginLeft": 5,
        "marginRight": 5,
        "marginTop": 5,
        "styleClass": "elevate-testimonial-content",
        "useStyleClass": "true",
        "userText": "<p>We used Elevate as a front-end design template for our product site. Lorem ipsum dolor sit amet, consectetur adipiscing elit. Vestibulum elit tortor, consectetur vitae varius at, interdum eget libero. Morbi.<\/p>\n",
        "width": 400
      }
    },
    "a42bc844-2ed9-4cd9-96e7-485cd11e9533": {
      "type": "scs-image",
      "data": {
        "alignment": "left",
        "altText": "",
        "borderColor": "#000000",
        "borderRadius": 0,
        "borderStyle": "none",
        "borderWidth": 1,
        "caption": "",
        "imageHref": "",
        "imageTarget": "_self",
        "imageUrl": "[!--$SCS_CONTENT_URL--]\/profile-m-3.png",
        "linkType": "scs-link-no-link",
        "marginBottom": 5,
        "marginLeft": 5,
        "marginRight": 5,
        "marginTop": 5,
        "styleClass": "",
        "title": "",
        "useStyleClass": "true",
        "width": 0
      }
    },
    "e0404cc8-ed2b-4543-8a89-d5dfaa8f2446": {
      "type": "scs-paragraph",
      "data": {
        "alignment": "fill",
        "backgroundColor": "transparent",
        "borderColor": "#000000",
        "borderRadius": 0,
        "borderStyle": "",
        "borderWidth": 0,
        "fontColor": "#333333",
        "fontFamily": "\"Helvetica Neue\", Helvetica, Arial, sans-serif",
        "fontSize": 16,
        "marginBottom": 5,
        "marginLeft": 5,
        "marginRight": 5,
        "marginTop": 5,
        "styleClass": "elevate-testimonial-content",
        "useStyleClass": "true",
        "userText": "<p>At vero eos et accusamus et iusto odio dignissimos ducimus qui blanditiis praesentium voluptatum deleniti atque corrupti quos dolores et quas molestias excepturi sint.<\/p>\n",
        "width": 400
      }
    },
    "f3600a01-3cd5-492a-b739-34de82730453": {
      "type": "scs-paragraph",
      "data": {
        "alignment": "fill",
        "backgroundColor": "transparent",
        "borderColor": "#000000",
        "borderRadius": 0,
        "borderStyle": "",
        "borderWidth": 0,
        "fontColor": "#333333",
        "fontFamily": "\"Helvetica Neue\", Helvetica, Arial, sans-serif",
        "fontSize": 16,
        "marginBottom": 5,
        "marginLeft": 5,
        "marginRight": 5,
        "marginTop": 5,
        "styleClass": "elevate-testimonial-content",
        "useStyleClass": "true",
        "userText": "<p>Et harum quidem rerum facilis est et expedita distinctio. Nam libero tempore, cum soluta nobis est eligendi optio cumque nihil impedit quo minus id quod maxime placeat facere.<\/p>\n",
        "width": 400
      }
    },
    "bc210d54-2c55-4535-948e-fece8cd145f9": {
      "type": "scs-paragraph",
      "data": {
        "alignment": "fill",
        "backgroundColor": "transparent",
        "borderColor": "#000000",
        "borderRadius": 0,
        "borderStyle": "",
        "borderWidth": 0,
        "fontColor": "#333333",
        "fontFamily": "\"Helvetica Neue\", Helvetica, Arial, sans-serif",
        "fontSize": 16,
        "marginBottom": 5,
        "marginLeft": 5,
        "marginRight": 5,
        "marginTop": 5,
        "styleClass": "elevate-testimonial-content",
        "useStyleClass": "true",
        "userText": "<div class=\"scs-paragraph-none\"><strong><span style=\"background-color:rgb(245, 245, 245); color:rgb(102, 102, 102)\">Kevin Knight<\/span><\/strong><\/div>\n\n<div class=\"scs-paragraph-none\">Entrepreneur, Maecenas&nbsp;<\/div>\n",
        "width": 400
      }
    },
    "825c807e-9ee3-40fd-a370-e426887e5c69": {
      "type": "scs-paragraph",
      "data": {
        "alignment": "fill",
        "backgroundColor": "transparent",
        "borderColor": "#000000",
        "borderRadius": 0,
        "borderStyle": "",
        "borderWidth": 0,
        "fontColor": "#333333",
        "fontFamily": "\"Helvetica Neue\", Helvetica, Arial, sans-serif",
        "fontSize": 16,
        "marginBottom": 5,
        "marginLeft": 5,
        "marginRight": 5,
        "marginTop": 5,
        "styleClass": "elevate-testimonial-content",
        "useStyleClass": "true",
        "userText": "<div class=\"scs-paragraph-none\"><strong>Tony Lee<\/strong><\/div>\n\n<div class=\"scs-paragraph-none\">CTO, Lorem Ipsum&nbsp;<\/div>\n",
        "width": 400
      }
    },
    "570e48a6-f9bf-4b08-99f3-afc1b601783b": {
      "type": "scs-paragraph",
      "data": {
        "alignment": "center",
        "backgroundColor": "transparent",
        "borderColor": "#000000",
        "borderRadius": 0,
        "borderStyle": "",
        "borderWidth": 0,
        "fontColor": "#333333",
        "fontFamily": "\"Helvetica Neue\", Helvetica, Arial, sans-serif",
        "fontSize": 16,
        "marginBottom": 5,
        "marginLeft": 5,
        "marginRight": 5,
        "marginTop": 5,
        "styleClass": "elevate-testimonial-content",
        "useStyleClass": "true",
        "userText": "<div><strong><span style=\"background-color:rgb(245, 245, 245); color:rgb(51, 51, 51); font-family:helvetica neue,helvetica,arial,sans-serif\">Diana Luna<\/span><\/strong><\/div>\n\n<div>Co-Founder, Startup Hub&nbsp;<\/div>\n",
        "width": 400
      }
    },
    "8c8681b0-23a9-4b97-a476-ff678e1dd0b4": {
      "type": "scs-title",
      "data": {
        "alignment": "fill",
        "backgroundColor": "transparent",
        "borderColor": "#000000",
        "borderRadius": "",
        "borderStyle": "",
        "borderWidth": "",
        "fontColor": "#333333",
        "fontFamily": "\"Helvetica Neue\", Helvetica, Arial, sans-serif",
        "fontSize": 24,
        "marginBottom": 5,
        "marginLeft": 5,
        "marginRight": 5,
        "marginTop": 5,
        "styleClass": "",
        "useStyleClass": "true",
        "userText": "<h2 style=\"text-align: center;\"><span style=\"font-size:24px\">Press Coverage<\/span><\/h2>\n",
        "width": 400
      }
    },
    "0a930455-db8d-4bd2-a466-6c0f301ef857": {
      "type": "scs-title",
      "data": {
        "alignment": "fill",
        "backgroundColor": "transparent",
        "borderColor": "#000000",
        "borderRadius": 0,
        "borderStyle": "",
        "borderWidth": 0,
        "fontColor": "#333333",
        "fontFamily": "\"Helvetica Neue\", Helvetica, Arial, sans-serif",
        "fontSize": 24,
        "marginBottom": 5,
        "marginLeft": 5,
        "marginRight": 5,
        "marginTop": 5,
        "styleClass": "",
        "useStyleClass": "true",
        "userText": "<h3 class=\"scs-title-style-heading-m\" style=\"text-align: center;\">&nbsp;Have press inquiries?<\/h3>\n",
        "width": 400
      }
    },
    "4393bcc2-7cba-4362-8c08-2320b7ef872e": {
      "type": "scs-paragraph",
      "data": {
        "alignment": "fill",
        "backgroundColor": "transparent",
        "borderColor": "#000000",
        "borderRadius": "",
        "borderStyle": "",
        "borderWidth": "",
        "fontColor": "#333333",
        "fontFamily": "\"Helvetica Neue\", Helvetica, Arial, sans-serif",
        "fontSize": 16,
        "marginBottom": 5,
        "marginLeft": 5,
        "marginRight": 5,
        "marginTop": 5,
        "styleClass": "",
        "useStyleClass": "true",
        "userText": "<p style=\"text-align: center;\"><a href=\"[!--$SCS_PAGE--]500[\/!--$SCS_PAGE--]\" linktype=\"scs-link-sitepage\" target=\"_self\">Download our press kit<\/a> or <a href=\"[!--$SCS_PAGE--]500[\/!--$SCS_PAGE--]\" linktype=\"scs-link-sitepage\" target=\"_self\">Get in touch<\/a>.<\/p>\n",
        "width": 400
      }
    },
    "040dfb82-3a7f-4274-bd64-b6bf2df47b55": {
      "type": "scs-title",
      "data": {
        "alignment": "fill",
        "backgroundColor": "transparent",
        "borderColor": "#000000",
        "borderRadius": 0,
        "borderStyle": "",
        "borderWidth": 0,
        "fontColor": "#333333",
        "fontFamily": "\"Helvetica Neue\", Helvetica, Arial, sans-serif",
        "fontSize": 24,
        "marginBottom": 5,
        "marginLeft": 5,
        "marginRight": 5,
        "marginTop": 5,
        "styleClass": "elevate-promo-title",
        "useStyleClass": "true",
        "userText": "<h2 style=\"text-align: center;\">Ready to promote your product online?<\/h2>\n",
        "width": 400
      }
    },
    "906b9c9d-46be-4f81-9913-0e77ecb3f8fe": {
      "type": "scs-paragraph",
      "data": {
        "alignment": "fill",
        "backgroundColor": "transparent",
        "borderColor": "#000000",
        "borderRadius": 0,
        "borderStyle": "",
        "borderWidth": 0,
        "fontColor": "#333333",
        "fontFamily": "\"Helvetica Neue\", Helvetica, Arial, sans-serif",
        "fontSize": 16,
        "marginBottom": 5,
        "marginLeft": 5,
        "marginRight": 5,
        "marginTop": 5,
        "styleClass": "elevate-promo-intro",
        "useStyleClass": "true",
        "userText": "<div class=\"scs-paragraph-style-body-l\" style=\"text-align: center;\"><span style=\"color:#FFFFFF\">More than <\/span><span style=\"color:#FF8C00\">300,000<\/span><span style=\"color:#FFFFFF\"> users are using Elevate<\/span><\/div>\n",
        "width": 400
      }
    },
    "e7ed4cec-acc1-40c1-8426-da44e2b02a3e": {
      "type": "scs-button",
      "data": {
        "alignment": "center",
        "backgroundColor": "#ff8c00",
        "backgroundColorHover": "#ffa500",
        "borderColor": "#ff8c00",
        "borderColorHover": "#ffa500",
        "borderRadius": 4,
        "borderStyle": "solid",
        "borderWidth": 2,
        "fontColor": "#ffffff",
        "fontColorHover": "#ffffff",
        "fontFamily": "",
        "fontSize": 14,
        "height": 0,
        "href": "[!--$SCS_PAGE--]500[\/!--$SCS_PAGE--]",
        "linkType": "scs-link-sitepage",
        "marginBottom": 5,
        "marginLeft": 5,
        "marginRight": 5,
        "marginTop": 5,
        "styleClass": "elevate-button-primary",
        "target": "",
        "text": "Get Elevate Now",
        "title": "",
        "useStyleClass": "true",
        "width": 0
      }
    },
    "e5746537-797c-48c6-9176-b92c92928ef0": {
      "type": "scs-title",
      "data": {
        "alignment": "fill",
        "backgroundColor": "transparent",
        "borderColor": "#808080",
        "borderRadius": 0,
        "borderStyle": "none",
        "borderWidth": 1,
        "fontColor": "#333333",
        "fontFamily": "\"Helvetica Neue\", Helvetica, Arial, sans-serif",
        "fontSize": 24,
        "marginBottom": 5,
        "marginLeft": 5,
        "marginRight": 5,
        "marginTop": 5,
        "styleClass": "elevate-why-title",
        "useStyleClass": "true",
        "userText": "<p class=\"scs-title-none\">How Can Elevate Help You?<\/p>\n",
        "width": 400
      }
    },
    "a6f9a30c-0079-44b0-a334-430553b7b39e": {
      "type": "scs-paragraph",
      "data": {
        "alignment": "fill",
        "backgroundColor": "transparent",
        "borderColor": "#808080",
        "borderRadius": 0,
        "borderStyle": "none",
        "borderWidth": 1,
        "fontColor": "#333333",
        "fontFamily": "\"Helvetica Neue\", Helvetica, Arial, sans-serif",
        "fontSize": 16,
        "marginBottom": 5,
        "marginLeft": 5,
        "marginRight": 5,
        "marginTop": 5,
        "styleClass": "elevate-promo-intro",
        "useStyleClass": "true",
        "userText": "<p>Elevate is a mobile-friendly HTML5 template designed to help you<br \/>\npromote your product effectively to your target users<\/p>\n",
        "width": 400
      }
    },
    "d031ae7c-97ba-4c0b-a212-af80792fd66d": {
      "type": "scs-title",
      "data": {
        "alignment": "fill",
        "backgroundColor": "transparent",
        "borderColor": "#808080",
        "borderRadius": 0,
        "borderStyle": "none",
        "borderWidth": 1,
        "fontColor": "#333333",
        "fontFamily": "\"Helvetica Neue\", Helvetica, Arial, sans-serif",
        "fontSize": 24,
        "marginBottom": 5,
        "marginLeft": 5,
        "marginRight": 5,
        "marginTop": 5,
        "styleClass": "elevate-why-item-title",
        "useStyleClass": "true",
        "userText": "<h3 style=\"font-family: Roboto, arial, sans-serif;\">Connect your users<\/h3>\n",
        "width": 400
      }
    },
    "11fce105-8270-4e64-a753-317dc0c3b9da": {
      "type": "scs-paragraph",
      "data": {
        "alignment": "fill",
        "backgroundColor": "transparent",
        "borderColor": "#808080",
        "borderRadius": 0,
        "borderStyle": "none",
        "borderWidth": 1,
        "fontColor": "#333333",
        "fontFamily": "\"Helvetica Neue\", Helvetica, Arial, sans-serif",
        "fontSize": 16,
        "marginBottom": 5,
        "marginLeft": 5,
        "marginRight": 5,
        "marginTop": 5,
        "styleClass": "elevate-why-item-content",
        "useStyleClass": "true",
        "userText": "<p style=\"margin-bottom: 15px;\">Explain one of your product benefits here. Let users know how they can benefit using your product. It&rsquo;s also a good idea to back it up with a testimonial or tweet from your users.<\/p>\n\n",
        "width": 400
      }
    },
    "5fd2aaf3-2314-46ba-a0b8-fe40854a4b09": {
      "type": "scs-title",
      "data": {
        "alignment": "fill",
        "backgroundColor": "transparent",
        "borderColor": "#808080",
        "borderRadius": 0,
        "borderStyle": "none",
        "borderWidth": 1,
        "fontColor": "#333333",
        "fontFamily": "\"Helvetica Neue\", Helvetica, Arial, sans-serif",
        "fontSize": 24,
        "marginBottom": 5,
        "marginLeft": 5,
        "marginRight": 5,
        "marginTop": 5,
        "styleClass": "elevate-why-item-title",
        "useStyleClass": "true",
        "userText": "<h3 style=\"font-family: Roboto, arial, sans-serif;\">Easy to customise<\/h3>\n",
        "width": 400
      }
    },
    "babaa554-b46b-4f89-9ee6-2cee02a14716": {
      "type": "scs-paragraph",
      "data": {
        "alignment": "fill",
        "backgroundColor": "transparent",
        "borderColor": "#808080",
        "borderRadius": 0,
        "borderStyle": "none",
        "borderWidth": 1,
        "fontColor": "#333333",
        "fontFamily": "\"Helvetica Neue\", Helvetica, Arial, sans-serif",
        "fontSize": 16,
        "marginBottom": 5,
        "marginLeft": 5,
        "marginRight": 5,
        "marginTop": 5,
        "styleClass": "elevate-why-item-content",
        "useStyleClass": "true",
        "userText": "<p style=\"margin-bottom: 15px;\">Explain one of your product benefits here. Let users know how they can benefit using your product. It&rsquo;s also a good idea to back it up with a testimonial or tweet from your users.<\/p>\n\n",
        "width": 400
      }
    },
    "5e82103d-dd16-410a-87a3-95b8a7b3de88": {
      "type": "scs-title",
      "data": {
        "alignment": "fill",
        "backgroundColor": "transparent",
        "borderColor": "#808080",
        "borderRadius": 0,
        "borderStyle": "none",
        "borderWidth": 1,
        "fontColor": "#333333",
        "fontFamily": "\"Helvetica Neue\", Helvetica, Arial, sans-serif",
        "fontSize": 24,
        "marginBottom": 5,
        "marginLeft": 5,
        "marginRight": 5,
        "marginTop": 5,
        "styleClass": "elevate-why-item-title",
        "useStyleClass": "true",
        "userText": "<h3 style=\"font-family: Roboto, arial, sans-serif;\">Connect your users<\/h3>\n",
        "width": 400
      }
    },
    "a8f80dfb-cd78-4c12-95c6-c1bba9426edb": {
      "type": "scs-paragraph",
      "data": {
        "alignment": "fill",
        "backgroundColor": "transparent",
        "borderColor": "#808080",
        "borderRadius": 0,
        "borderStyle": "none",
        "borderWidth": 1,
        "fontColor": "#333333",
        "fontFamily": "\"Helvetica Neue\", Helvetica, Arial, sans-serif",
        "fontSize": 16,
        "marginBottom": 5,
        "marginLeft": 5,
        "marginRight": 5,
        "marginTop": 5,
        "styleClass": "elevate-why-item-content",
        "useStyleClass": "true",
        "userText": "<p style=\"margin-bottom: 15px;\">Explain one of your product benefits here. Let users know how they can benefit using your product. It&rsquo;s also a good idea to back it up with a testimonial or tweet from your users.<\/p>\n\n",
        "width": 400
      }
    },
    "fd0bb6d4-2eef-4e06-8bc5-dad454eb748a": {
      "type": "scs-youtube",
      "data": {
        "alignment": "fill",
        "aspectRatio": "auto",
        "autoplay": "false",
        "borderColor": "#808080",
        "borderRadius": 0,
        "borderStyle": "none",
        "borderWidth": 1,
        "controls": "true",
        "loop": "false",
        "marginBottom": 5,
        "marginLeft": 5,
        "marginRight": 5,
        "marginTop": 5,
        "showinfo": "true",
        "styleClass": "",
        "useStyleClass": "true",
        "width": 560,
        "youtubeUrl": "https:\/\/www.youtube.com\/watch?v=h6O-r_sKZpA"
      }
    },
    "fc826160-0f16-4999-8f37-22da557bdb92": {
      "type": "scs-gallery",
      "data": {
        "alignment": "fill",
        "autoPlay": "true",
        "backgroundColor": "#444444",
        "borderColor": "#808080",
        "borderRadius": 0,
        "borderStyle": "none",
        "borderWidth": 1,
        "displayTime": 4,
        "images": [
          {
            "source": "[!--$SCS_CONTENT_URL--]\/bg-header-1.jpg",
            "title": "bg-header-1",
            "altText": "bg-header-1.jpg",
            "description": "",
            "linkType": "scs-link-no-link"
          },
          {
            "source": "[!--$SCS_CONTENT_URL--]\/bg-header-2.jpg",
            "title": "bg-header-2",
            "altText": "bg-header-2.jpg",
            "description": "",
            "linkType": "scs-link-no-link"
          },
          {
            "source": "[!--$SCS_CONTENT_URL--]\/bg-header-3.jpg",
            "title": "bg-header-3",
            "altText": "bg-header-3.jpg",
            "description": "",
            "linkType": "scs-link-no-link"
          }
        ],
        "marginBottom": 5,
        "marginLeft": 5,
        "marginRight": 5,
        "marginTop": 5,
        "scaling": "crop",
        "showIndexer": "true",
        "showPrevNext": "true",
        "showThumbnails": "false",
        "styleClass": "",
        "transitionTime": 0.5,
        "useStyleClass": "true",
        "width": 300
      }
    }
  }
}