{"properties":{"title":null,"pageLayout":"features.html","pageDescription":null,"keywords":null,"hideFromSearchEngines":false},"slots":{"slot-feature-1":{"components":["f826ed3f-9655-4ae0-ba05-b8a5f27b6d78","301124c7-d403-4bcb-ab5f-fdabcb25c238","45f90ef0-0c01-43d5-b37f-b4562d8524a5"],"grid":"<div class=\"scs-row\"><div class=\"scs-col\" style=\"width: 100%;\"><div id=\"f826ed3f-9655-4ae0-ba05-b8a5f27b6d78\"></div><div id=\"301124c7-d403-4bcb-ab5f-fdabcb25c238\"></div><div id=\"45f90ef0-0c01-43d5-b37f-b4562d8524a5\"></div></div></div>"},"slot-feature-2":{"components":["56ac748e-eb0b-4bb0-a064-f465a449c122","4b386a33-a214-486d-8b22-82896f81e165","d7bca34e-5a0b-48ed-85c4-8f5463eeaf44"],"grid":"<div class=\"scs-row\"><div class=\"scs-col\" style=\"width: 100%;\"><div id=\"56ac748e-eb0b-4bb0-a064-f465a449c122\"></div><div id=\"d7bca34e-5a0b-48ed-85c4-8f5463eeaf44\"></div><div id=\"4b386a33-a214-486d-8b22-82896f81e165\"></div></div></div>"},"slot-feature-3":{"components":["2630e03e-5d14-4376-897e-4e836396030c","8ebc6eeb-e6b5-4d51-8fa7-bc2d675f4bc8","7f459bcd-2a92-467f-bdc6-17aafa5737d5","b5685a34-970a-4222-bbf0-d60508de9d6d","d41ec995-828d-4f19-ada2-f1adbf86058a","3c45e68a-9e3a-43ce-8b6f-e0f843dfac3a","648f2f54-0d43-450e-8af1-38385f59dbd0"],"grid":"<div class=\"scs-row\"><div class=\"scs-col\" style=\"width: 100%;\"><div id=\"2630e03e-5d14-4376-897e-4e836396030c\"></div><div id=\"8ebc6eeb-e6b5-4d51-8fa7-bc2d675f4bc8\"></div><div id=\"7f459bcd-2a92-467f-bdc6-17aafa5737d5\"></div><div class=\"scs-row scs-inner-row\"><div class=\"scs-col\" style=\"width: 26.978417266187%;\"><div id=\"b5685a34-970a-4222-bbf0-d60508de9d6d\"></div></div><div class=\"scs-col\" style=\"width: 23.2014388489209%;\"><div id=\"3c45e68a-9e3a-43ce-8b6f-e0f843dfac3a\"></div></div><div class=\"scs-col\" style=\"width: 24.8201438848921%;\"><div id=\"648f2f54-0d43-450e-8af1-38385f59dbd0\"></div></div><div class=\"scs-col\" style=\"width: 25%;\"><div id=\"d41ec995-828d-4f19-ada2-f1adbf86058a\"></div></div></div></div></div>"},"slot-feature-4":{"components":["b47c62d9-8738-44dd-9bab-7894c231935b","3662f317-fa98-4a4e-af9d-29bcac10d48f","9c7bdda2-a270-4f76-a88f-18ea281e2356"],"grid":"<div class=\"scs-row\"><div class=\"scs-col\" style=\"width: 100%;\"><div id=\"b47c62d9-8738-44dd-9bab-7894c231935b\"></div><div id=\"3662f317-fa98-4a4e-af9d-29bcac10d48f\"></div><div id=\"9c7bdda2-a270-4f76-a88f-18ea281e2356\"></div></div></div>"},"slot-feature-head":{"components":["e9cb583f-df1c-4295-ae61-5955b8502f39","0639858c-57c4-494e-ae15-088a9e7b30b0"],"grid":"<div class=\"scs-row\"><div class=\"scs-col\" style=\"width: 100%;\"><div id=\"e9cb583f-df1c-4295-ae61-5955b8502f39\"></div><div id=\"0639858c-57c4-494e-ae15-088a9e7b30b0\"></div></div></div>"},"slot-features-header":{"components":["b525ff9e-b4ea-42a3-b742-42d1b34e32e4","4f8aadb6-1fab-40ee-bafa-d914e7c583ed"],"grid":"<div class=\"scs-row\"><div class=\"scs-col\" style=\"width: 100%;\"><div id=\"b525ff9e-b4ea-42a3-b742-42d1b34e32e4\"></div><div id=\"4f8aadb6-1fab-40ee-bafa-d914e7c583ed\"></div></div></div>"},"slot-step-header":{"components":["c08989b5-531b-437a-8a16-0fda0d1d0bea"],"grid":"<div class=\"scs-row\"><div class=\"scs-col\" style=\"width: 100%;\"><div id=\"c08989b5-531b-437a-8a16-0fda0d1d0bea\"></div></div></div>"},"slot-step-1":{"components":["fe77085c-ac82-4a00-8a3a-07e2f3f20a4b"],"grid":"<div class=\"scs-row\"><div class=\"scs-col\" style=\"width: 100%;\"><div id=\"fe77085c-ac82-4a00-8a3a-07e2f3f20a4b\"></div></div></div>"},"slot-step-button":{"components":["6897bf3b-9ac5-4baa-800c-af60ae326419"],"grid":"<div class=\"scs-row\"><div class=\"scs-col\" style=\"width: 100%;\"><div id=\"6897bf3b-9ac5-4baa-800c-af60ae326419\"></div></div></div>"},"slot-step-2":{"components":["6ec82326-2c67-4d11-90d0-c25bca5fdf45"],"grid":"<div class=\"scs-row\"><div class=\"scs-col\" style=\"width: 100%;\"><div id=\"6ec82326-2c67-4d11-90d0-c25bca5fdf45\"></div></div></div>"},"slot-step-3":{"components":["f1b5d665-71ee-44f3-ba18-91697234169e"],"grid":"<div class=\"scs-row\"><div class=\"scs-col\" style=\"width: 100%;\"><div id=\"f1b5d665-71ee-44f3-ba18-91697234169e\"></div></div></div>"}},"componentInstances":{"f826ed3f-9655-4ae0-ba05-b8a5f27b6d78":{"type":"scs-title","data":{"alignment":"fill","backgroundColor":"transparent","borderColor":"#808080","borderRadius":0,"borderStyle":"none","borderWidth":1,"fontColor":"#333333","fontFamily":"\"Helvetica Neue\", Helvetica, Arial, sans-serif","fontSize":24,"marginBottom":5,"marginLeft":5,"marginRight":5,"marginTop":5,"styleClass":"","useStyleClass":"true","userText":"<p>Feature One</p>\n","width":400}},"301124c7-d403-4bcb-ab5f-fdabcb25c238":{"type":"scs-image","data":{"alignment":"fill","altText":"","borderColor":"#808080","borderRadius":0,"borderStyle":"none","borderWidth":1,"caption":"","imageHref":"","imageTarget":"_self","imageUrl":"[!--$SCS_CONTENT_URL--]/screenshot-1.png","linkType":"scs-link-no-link","marginBottom":5,"marginLeft":5,"marginRight":5,"marginTop":5,"styleClass":"","title":"","useStyleClass":"true","width":0}},"45f90ef0-0c01-43d5-b37f-b4562d8524a5":{"type":"scs-paragraph","data":{"alignment":"fill","backgroundColor":"","borderColor":"#808080","borderRadius":0,"borderStyle":"none","borderWidth":1,"fontColor":"#333333","fontFamily":"'Helvetica Neue', Helvetica, Arial, sans-serif","fontSize":16,"marginBottom":5,"marginLeft":5,"marginRight":5,"marginTop":5,"styleClass":"elevate-why-item-content","useStyleClass":"true","userText":"<p>Lorem ipsum dolor sit amet, consectetur adipiscing elit. Nunc congue leo mauris, a fringilla nisi&nbsp;posuere tincidunt. Aliquam elementum lorem eget sollicitudin suscipit.</p>\n\n<p>Aenean vulputate eleifend tellus. Aenean leo ligula, porttitor eu, consequat vitae, eleifend ac,&nbsp;enim. Aliquam lorem ante, dapibus in, viverra quis, feugiat a, tellus. Phasellus viverra nulla ut metus varius laoreet.</p>\n\n<ul>\n\t<li>Lorem ipsum dolor sit amet.</li>\n\t<li>Aliquam tincidunt mauris eu risus.</li>\n\t<li>Ultricies eget vel aliquam libero.</li>\n\t<li>Maecenas nec odio.</li>\n</ul>\n\n<p>Donec pede justo, fringilla vel, aliquet nec, vulputate eget, arcu. In enim justo, rhoncus ut,&nbsp;imperdiet a, venenatis vitae, justo. Curabitur ullamcorper ultricies nisi. Nam eget dui. Etiam rhoncus. Maecenas tempus, tellus eget&nbsp;condimentum rhoncus, sem quam semper libero, sit amet adipiscing sem neque sed ipsum.&nbsp;</p>\n","width":400}},"56ac748e-eb0b-4bb0-a064-f465a449c122":{"type":"scs-title","data":{"alignment":"fill","backgroundColor":"transparent","borderColor":"#808080","borderRadius":0,"borderStyle":"none","borderWidth":1,"fontColor":"#333333","fontFamily":"\"Helvetica Neue\", Helvetica, Arial, sans-serif","fontSize":24,"marginBottom":5,"marginLeft":5,"marginRight":5,"marginTop":5,"styleClass":"","useStyleClass":"true","userText":"<p>Feature Two</p>\n","width":400}},"d7bca34e-5a0b-48ed-85c4-8f5463eeaf44":{"type":"scs-image","data":{"alignment":"fill","altText":"","borderColor":"#808080","borderRadius":0,"borderStyle":"none","borderWidth":1,"caption":"","imageHref":"","imageTarget":"_self","imageUrl":"[!--$SCS_CONTENT_URL--]/screenshot-2.png","linkType":"scs-link-no-link","marginBottom":5,"marginLeft":5,"marginRight":5,"marginTop":5,"styleClass":"","title":"","useStyleClass":"true","width":0}},"4b386a33-a214-486d-8b22-82896f81e165":{"type":"scs-paragraph","data":{"alignment":"fill","backgroundColor":"","borderColor":"#808080","borderRadius":0,"borderStyle":"none","borderWidth":1,"fontColor":"#333333","fontFamily":"'Helvetica Neue', Helvetica, Arial, sans-serif","fontSize":16,"marginBottom":5,"marginLeft":5,"marginRight":5,"marginTop":5,"styleClass":"elevate-why-item-content","useStyleClass":"true","userText":"<p>Lorem ipsum dolor sit amet, consectetur adipiscing elit. Nunc congue leo mauris, a fringilla nisi posuere tincidunt. Aliquam elementum lorem eget sollicitudin suscipit.</p>\n\n<p>Lorem ipsum dolor sit amet, consectetur adipiscing elit. Duis id nulla at libero ultricies tempus. Duis porta justo quam, ut ultrices felis posuere sit amet. Sed imperdiet bibendum est, sit amet sagittis ante sagittis eu. <a href=\"[!--$SCS_PAGE--]100[/!--$SCS_PAGE--]\" linktype=\"scs-link-sitepage\" target=\"_self\">Integer fringilla</a> a purus sit amet laoreet. Ut consequat volutpat sapien sed lobortis. Nullam laoreet vitae justo nec dignissim.</p>\nViverra magna pellentesque in magnis gravida sit augue felis vehicula vestibulum semper penatibus justo ornare semper Gravida felis platea arcu mus non. Montes at posuere. Natoque.\n\n<p>&nbsp;</p>\n","width":400}},"2630e03e-5d14-4376-897e-4e836396030c":{"type":"scs-title","data":{"alignment":"fill","backgroundColor":"transparent","borderColor":"#808080","borderRadius":0,"borderStyle":"none","borderWidth":1,"fontColor":"#333333","fontFamily":"\"Helvetica Neue\", Helvetica, Arial, sans-serif","fontSize":24,"marginBottom":5,"marginLeft":5,"marginRight":5,"marginTop":5,"styleClass":"","useStyleClass":"true","userText":"<p>Feature Three</p>\n","width":400}},"8ebc6eeb-e6b5-4d51-8fa7-bc2d675f4bc8":{"type":"scs-image","data":{"alignment":"fill","altText":"","borderColor":"#808080","borderRadius":0,"borderStyle":"none","borderWidth":1,"caption":"","imageHref":"","imageTarget":"_self","imageUrl":"[!--$SCS_CONTENT_URL--]/screenshot-3.png","linkType":"scs-link-no-link","marginBottom":5,"marginLeft":5,"marginRight":5,"marginTop":5,"styleClass":"","title":"","useStyleClass":"true","width":0}},"7f459bcd-2a92-467f-bdc6-17aafa5737d5":{"type":"scs-paragraph","data":{"alignment":"fill","backgroundColor":"","borderColor":"#808080","borderRadius":0,"borderStyle":"none","borderWidth":1,"fontColor":"#333333","fontFamily":"'Helvetica Neue', Helvetica, Arial, sans-serif","fontSize":16,"marginBottom":5,"marginLeft":5,"marginRight":5,"marginTop":5,"styleClass":"elevate-why-item-content","useStyleClass":"true","userText":"<p>Lorem ipsum dolor sit amet, consectetur adipiscing elit. Nunc congue leo mauris, a fringilla nisi posuere tincidunt. Aliquam elementum lorem eget sollicitudin suscipit.</p>\n\n<p>Aenean imperdiet. Etiam ultricies nisi vel augue. Curabitur ullamcorper ultricies nisi. Nam eget dui. Etiam rhoncus. Maecenas tempus, tellus eget condimentum rhoncus, sem quam semper libero, sit amet adipiscing sem neque sed ipsum.</p>","width":400}},"b47c62d9-8738-44dd-9bab-7894c231935b":{"type":"scs-title","data":{"alignment":"fill","backgroundColor":"transparent","borderColor":"#808080","borderRadius":0,"borderStyle":"none","borderWidth":1,"fontColor":"#333333","fontFamily":"\"Helvetica Neue\", Helvetica, Arial, sans-serif","fontSize":24,"marginBottom":5,"marginLeft":5,"marginRight":5,"marginTop":5,"styleClass":"","useStyleClass":"true","userText":"Feature Four","width":400}},"3662f317-fa98-4a4e-af9d-29bcac10d48f":{"type":"scs-image","data":{"alignment":"fill","altText":"","borderColor":"#808080","borderRadius":0,"borderStyle":"none","borderWidth":1,"caption":"","imageHref":"","imageTarget":"_self","imageUrl":"[!--$SCS_CONTENT_URL--]/screenshot-4.png","linkType":"scs-link-no-link","marginBottom":5,"marginLeft":5,"marginRight":5,"marginTop":5,"styleClass":"","title":"","useStyleClass":"true","width":0}},"9c7bdda2-a270-4f76-a88f-18ea281e2356":{"type":"scs-paragraph","data":{"alignment":"fill","backgroundColor":"","borderColor":"#808080","borderRadius":0,"borderStyle":"none","borderWidth":1,"fontColor":"#333333","fontFamily":"'Helvetica Neue', Helvetica, Arial, sans-serif","fontSize":16,"marginBottom":5,"marginLeft":5,"marginRight":5,"marginTop":5,"styleClass":"elevate-why-item-content","useStyleClass":"true","userText":"<p>Lorem ipsum dolor sit amet, consectetur adipiscing elit. Nunc congue leo mauris, a fringilla nisi posuere tincidunt. Aliquam elementum lorem eget sollicitudin suscipit.</p>\n\n<p>Lorem ipsum dolor sit amet, consectetuer adipiscing elit. Aenean commodo ligula eget dolor. Aenean massa. Cum sociis natoque penatibus et magnis dis parturient montes, nascetur ridiculus mus. Donec quam felis, ultricies nec, pellentesque eu</p>\n\n<div><span style=\"font-size:14px\">Lorem ipsum dolor sit amet, consectetur adipiscing elit. Duis id nulla at libero ultricies tempus. Duis porta justo quam, ut ultrices felis posuere sit amet. Sed imperdiet bibendum est, sit amet sagittis ante sagittis eu. Ut consequat volutpat sapien sed lobortis. Nullam laoreet vitae justo nec dignissim.</span></div>\n","width":400}},"e9cb583f-df1c-4295-ae61-5955b8502f39":{"type":"scs-title","data":{"alignment":"fill","backgroundColor":"transparent","borderColor":"#808080","borderRadius":0,"borderStyle":"none","borderWidth":1,"fontColor":"#333333","fontFamily":"\"Helvetica Neue\", Helvetica, Arial, sans-serif","fontSize":24,"marginBottom":5,"marginLeft":5,"marginRight":5,"marginTop":5,"styleClass":"elevate-why-title","useStyleClass":"true","userText":"<p>Product Features</p>\n","width":400}},"0639858c-57c4-494e-ae15-088a9e7b30b0":{"type":"scs-divider","data":"Divider"},"b525ff9e-b4ea-42a3-b742-42d1b34e32e4":{"type":"scs-title","data":{"alignment":"fill","backgroundColor":"transparent","borderColor":"#808080","borderRadius":0,"borderStyle":"none","borderWidth":1,"fontColor":"#333333","fontFamily":"\"Helvetica Neue\", Helvetica, Arial, sans-serif","fontSize":24,"marginBottom":5,"marginLeft":5,"marginRight":5,"marginTop":5,"styleClass":"elevate-promo-title","useStyleClass":"true","userText":"<div style=\"text-align: center;\">Take a quick tour to see how it works</div>\n","width":400}},"c08989b5-531b-437a-8a16-0fda0d1d0bea":{"type":"scs-title","data":{"alignment":"fill","backgroundColor":"transparent","borderColor":"#808080","borderRadius":0,"borderStyle":"none","borderWidth":1,"fontColor":"#333333","fontFamily":"\"Helvetica Neue\", Helvetica, Arial, sans-serif","fontSize":24,"marginBottom":5,"marginLeft":5,"marginRight":5,"marginTop":5,"styleClass":"elevate-testimonial-header","useStyleClass":"true","userText":"<div>3 Simple Steps to Get you started with Elevate</div>\n","width":400}},"fe77085c-ac82-4a00-8a3a-07e2f3f20a4b":{"type":"scs-paragraph","data":{"alignment":"fill","backgroundColor":"transparent","borderColor":"#808080","borderRadius":0,"borderStyle":"none","borderWidth":1,"fontColor":"#333333","fontFamily":"\"Helvetica Neue\", Helvetica, Arial, sans-serif","fontSize":16,"marginBottom":5,"marginLeft":5,"marginRight":5,"marginTop":5,"styleClass":"","useStyleClass":"true","userText":"<h3 class=\"scs-paragraph-style-heading-m\" style=\"text-align: center;\"><span style=\"font-size:36px\">1 </span></h3>\n\n<h3 class=\"scs-paragraph-style-heading-m\" style=\"text-align: center;\">Sign up</h3>\n\n<p style=\"text-align: center;\">Lorem ipsum dolor sit amet, consectetuer adipiscing elit. Aenean commodo ligula eget dolor.</p>\n","width":400}},"6897bf3b-9ac5-4baa-800c-af60ae326419":{"type":"scs-button","data":{"alignment":"fill","backgroundColor":"#DDDDDD","backgroundColorHover":"#EEEEEE","borderColor":"#808080","borderColorHover":"#2222DD","borderRadius":0,"borderStyle":"solid","borderWidth":1,"fontColor":"#000000","fontColorHover":"#2222DD","fontFamily":"\"Helvetica Neue\", Helvetica, Arial, sans-serif","fontSize":14,"height":0,"href":"[!--$SCS_PAGE--]500[/!--$SCS_PAGE--]","linkType":"scs-link-sitepage","marginBottom":5,"marginLeft":5,"marginRight":5,"marginTop":5,"styleClass":"elevate-button-primary","target":"_self","text":"Get Started - It's Free","title":"","useStyleClass":"true","width":0}},"6ec82326-2c67-4d11-90d0-c25bca5fdf45":{"type":"scs-paragraph","data":{"alignment":"fill","backgroundColor":"","borderColor":"#808080","borderRadius":0,"borderStyle":"none","borderWidth":1,"fontColor":"#333333","fontFamily":"'Helvetica Neue', Helvetica, Arial, sans-serif","fontSize":16,"marginBottom":5,"marginLeft":5,"marginRight":5,"marginTop":5,"styleClass":"","useStyleClass":"true","userText":"<h3 class=\"scs-paragraph-style-heading-m\" style=\"text-align: center;\"><span style=\"font-size:36px\">2</span></h3>\n\n<h3 class=\"scs-paragraph-style-heading-m\" style=\"text-align: center;\">Choose your lorem ipsum</h3>\n\n<div style=\"text-align: center;\">Cum sociis natoque penatibus et magnis dis parturient montes, nascetur ridiculus mus.</div>\n","width":400}},"f1b5d665-71ee-44f3-ba18-91697234169e":{"type":"scs-paragraph","data":{"alignment":"fill","backgroundColor":"","borderColor":"#808080","borderRadius":0,"borderStyle":"none","borderWidth":1,"fontColor":"#333333","fontFamily":"'Helvetica Neue', Helvetica, Arial, sans-serif","fontSize":16,"marginBottom":5,"marginLeft":5,"marginRight":5,"marginTop":5,"styleClass":"","useStyleClass":"true","userText":"<h3 class=\"scs-paragraph-style-heading-m\" style=\"text-align: center;\"><span style=\"font-size:36px\">3</span></h3>\n\n<h3 class=\"scs-paragraph-style-heading-m\" style=\"text-align: center;\">Start building ipsum</h3>\n\n<div style=\"text-align: center;\">Donec pede justo, fringilla vel, aliquet nec, vulputate eget, arcu. In enim justo, rhoncus ut, imperdiet.</div>\n\n<div>&nbsp;</div>\n","width":400}},"4f8aadb6-1fab-40ee-bafa-d914e7c583ed":{"type":"scs-youtube","data":{"alignment":"fill","aspectRatio":"auto","autoplay":"false","borderColor":"#808080","borderRadius":0,"borderStyle":"none","borderWidth":1,"controls":"true","loop":"false","marginBottom":5,"marginLeft":5,"marginRight":5,"marginTop":5,"showinfo":"true","styleClass":"","useStyleClass":"true","width":560,"youtubeUrl":"https://youtu.be/h6O-r_sKZpA"}},"b5685a34-970a-4222-bbf0-d60508de9d6d":{"type":"scs-paragraph","data":{"alignment":"fill","backgroundColor":"","borderColor":"#808080","borderRadius":0,"borderStyle":"none","borderWidth":1,"fontColor":"#333333","fontFamily":"'Helvetica Neue', Helvetica, Arial, sans-serif","fontSize":16,"marginBottom":5,"marginLeft":5,"marginRight":5,"marginTop":5,"styleClass":"elevate-why-item-content","useStyleClass":"true","userText":"<div><strong>Nullam consequat</strong></div>\n\n<div><span style=\"background-color:rgb(249, 249, 249); color:rgb(102, 102, 102); font-size:14px\">Faucibus purus</span></div>\n\n<div><span style=\"color:rgb(102, 102, 102); font-size:14px\">Condimentum</span></div>\n\n<div><span style=\"background-color:rgb(249, 249, 249); color:rgb(102, 102, 102); font-size:14px\">Neque a condimentum</span></div>\n","width":400}},"d41ec995-828d-4f19-ada2-f1adbf86058a":{"type":"scs-paragraph","data":{"alignment":"fill","backgroundColor":"","borderColor":"#808080","borderRadius":0,"borderStyle":"none","borderWidth":1,"fontColor":"#333333","fontFamily":"'Helvetica Neue', Helvetica, Arial, sans-serif","fontSize":16,"marginBottom":5,"marginLeft":5,"marginRight":5,"marginTop":5,"styleClass":"elevate-why-item-content","useStyleClass":"true","userText":"<div><strong>Sed porta</strong></div>\n\n<div><span style=\"background-color:rgb(249, 249, 249); color:rgb(102, 102, 102); font-size:14px\">Duis ut ornare dui</span></div>\n\n<div><span style=\"color:rgb(102, 102, 102); font-size:14px\">Nasceturs</span></div>\n\n<div><span style=\"background-color:rgb(249, 249, 249); color:rgb(102, 102, 102); font-size:14px\">Curabitur</span></div>\n","width":400}},"3c45e68a-9e3a-43ce-8b6f-e0f843dfac3a":{"type":"scs-paragraph","data":{"alignment":"fill","backgroundColor":"","borderColor":"#808080","borderRadius":0,"borderStyle":"none","borderWidth":1,"fontColor":"#333333","fontFamily":"'Helvetica Neue', Helvetica, Arial, sans-serif","fontSize":16,"marginBottom":5,"marginLeft":5,"marginRight":5,"marginTop":5,"styleClass":"elevate-why-item-content","useStyleClass":"true","userText":"<div><strong>Commodo metus</strong></div>\n\n<div><span style=\"background-color:rgb(249, 249, 249); color:rgb(102, 102, 102); font-size:14px\">Aliquam sit</span></div>\n\n<div><span style=\"color:rgb(102, 102, 102); font-size:14px\">Curabitur tempus</span></div>\n\n<div><span style=\"background-color:rgb(249, 249, 249); color:rgb(102, 102, 102); font-size:14px\">Cum sociis natoque</span></div>\n","width":400}},"648f2f54-0d43-450e-8af1-38385f59dbd0":{"type":"scs-paragraph","data":{"alignment":"fill","backgroundColor":"","borderColor":"#808080","borderRadius":0,"borderStyle":"none","borderWidth":1,"fontColor":"#333333","fontFamily":"'Helvetica Neue', Helvetica, Arial, sans-serif","fontSize":16,"marginBottom":5,"marginLeft":5,"marginRight":5,"marginTop":5,"styleClass":"elevate-why-item-content","useStyleClass":"true","userText":"<div><strong>Dapibus porta</strong></div>\n\n<div><span style=\"background-color:rgb(249, 249, 249); color:rgb(102, 102, 102); font-size:14px\">Sed porta leo</span></div>\n\n<div><span style=\"color:rgb(102, 102, 102); font-size:14px\">Fusce vehicula</span></div>\n\n<div><span style=\"background-color:rgb(249, 249, 249); color:rgb(102, 102, 102); font-size:14px\">Penatibus magnis</span></div>\n","width":400}}}}