{
  "properties": {
    "title": null,
    "pageLayout": "pricing.html",
    "pageDescription": null,
    "keywords": null,
    "hideFromSearchEngines": false
  },
  "slots": {
    "slot-pricing-1-content": {
      "components": [
        "fb24fbed-93fe-465c-bd82-6dc559bf869b",
        "ff3c0e6e-5504-4080-8771-7fa4fa6c4cdb",
        "45c003dd-a5cb-45da-9bd9-d357e81b453e",
        "2d49c75c-5c7c-432f-9970-2c96e8bca66d"
      ],
      "grid": "<div class=\"scs-row\"><div class=\"scs-col\" style=\"width: 100%;\"><div id=\"fb24fbed-93fe-465c-bd82-6dc559bf869b\"><\/div><div id=\"ff3c0e6e-5504-4080-8771-7fa4fa6c4cdb\"><\/div><div id=\"45c003dd-a5cb-45da-9bd9-d357e81b453e\"><\/div><\/div><\/div>"
    },
    "slot-pricing-2-content": {
      "components": [
        "0d181de1-f616-4def-b200-7f5e06c00b03",
        "36f2d682-df85-4f44-a68b-fb3e20d29634",
        "9b8fa9df-a5e1-442a-b7a0-49e7981b91e3"
      ],
      "grid": "<div class=\"scs-row\"><div class=\"scs-col\" style=\"width: 100%;\"><div id=\"0d181de1-f616-4def-b200-7f5e06c00b03\"><\/div><div id=\"36f2d682-df85-4f44-a68b-fb3e20d29634\"><\/div><div id=\"9b8fa9df-a5e1-442a-b7a0-49e7981b91e3\"><\/div><\/div><\/div>"
    },
    "slot-pricing-3-content": {
      "components": [
        "c2946c0f-4ca1-48c6-b5fd-5c6af1649a99",
        "0388b4d3-11ea-472e-b665-8f1800de6aec",
        "11ba3a86-0d00-46a1-97cc-70fde5affeec"
      ],
      "grid": "<div class=\"scs-row\"><div class=\"scs-col\" style=\"width: 100%;\"><div id=\"c2946c0f-4ca1-48c6-b5fd-5c6af1649a99\"><\/div><div id=\"0388b4d3-11ea-472e-b665-8f1800de6aec\"><\/div><\/div><\/div><div class=\"scs-row\"><div class=\"scs-col\" style=\"width: 100%;\"><div id=\"11ba3a86-0d00-46a1-97cc-70fde5affeec\"><\/div><\/div><\/div>"
    },
    "slot-pricing-header": {
      "components": [
        "4c807258-a770-4e0e-9c0a-d86399b76153",
        "a9f014a2-0275-498f-8ca8-1d88f12f3c80",
        "635e5870-b350-49fd-be8e-fdddcf76e9cb",
        "a5ec7f66-6475-4dd7-a49b-9e3e86903e26"
      ],
      "grid": "<div class=\"scs-row\"><div class=\"scs-col\" style=\"width: 100%;\"><div id=\"4c807258-a770-4e0e-9c0a-d86399b76153\"><\/div><div id=\"a9f014a2-0275-498f-8ca8-1d88f12f3c80\"><\/div><div id=\"635e5870-b350-49fd-be8e-fdddcf76e9cb\"><\/div><\/div><\/div>"
    },
    "slot-faq1-answer": {
      "components": [
        "e5ff0012-a239-46cc-8fa5-bc187ab2bc36"
      ],
      "grid": "<div class=\"scs-row\"><div class=\"scs-col\" style=\"width: 100%;\"><div id=\"e5ff0012-a239-46cc-8fa5-bc187ab2bc36\"><\/div><\/div><\/div>"
    },
    "slot-cta": {
      "components": [
        "ea2ce2f4-ff51-4005-ad5b-f9f99dea07e8",
        "303c3f6c-410d-4431-bf79-7b2caed5a37d",
        "5b1e49f0-6550-4111-8814-3f36c56681fb"
      ],
      "grid": "<div class=\"scs-row\"><div class=\"scs-col\" style=\"width: 100%;\"><div id=\"ea2ce2f4-ff51-4005-ad5b-f9f99dea07e8\"><\/div><div id=\"303c3f6c-410d-4431-bf79-7b2caed5a37d\"><\/div><div id=\"5b1e49f0-6550-4111-8814-3f36c56681fb\"><\/div><\/div><\/div>"
    },
    "slot-faq1-question": {
      "components": [
        "ad9aeabd-8714-406d-99e8-4403a29be7a8"
      ],
      "grid": "<div class=\"scs-row\"><div class=\"scs-col\" style=\"width: 100%;\"><div id=\"ad9aeabd-8714-406d-99e8-4403a29be7a8\"><\/div><\/div><\/div>"
    },
    "slot-faq2-question": {
      "components": [
        "00c4ae8f-0578-4dd6-a6b6-1ff5c15365d9"
      ],
      "grid": "<div class=\"scs-row\"><div class=\"scs-col\" style=\"width: 100%;\"><div id=\"00c4ae8f-0578-4dd6-a6b6-1ff5c15365d9\"><\/div><\/div><\/div>"
    },
    "slot-faq3-question": {
      "components": [
        "f674a7d8-3e89-4651-8da8-c7ee6b4d7569"
      ],
      "grid": "<div class=\"scs-row\"><div class=\"scs-col\" style=\"width: 100%;\"><div id=\"f674a7d8-3e89-4651-8da8-c7ee6b4d7569\"><\/div><\/div><\/div>"
    },
    "slot-faq4-answer": {
      "components": [
        "8edea980-5245-428e-86da-5fedf74fe820"
      ],
      "grid": "<div class=\"scs-row\"><div class=\"scs-col\" style=\"width: 100%;\"><div id=\"8edea980-5245-428e-86da-5fedf74fe820\"><\/div><\/div><\/div>"
    },
    "slot-faq5-answer": {
      "components": [
        "4edca207-9b4b-488f-8b0e-31bc1b0801cf"
      ],
      "grid": "<div class=\"scs-row\"><div class=\"scs-col\" style=\"width: 100%;\"><div id=\"4edca207-9b4b-488f-8b0e-31bc1b0801cf\"><\/div><\/div><\/div>"
    },
    "slot-faq6-answer": {
      "components": [
        "9726d736-997a-4a0d-a6b9-f3e2a50436e8"
      ],
      "grid": "<div class=\"scs-row\"><div class=\"scs-col\" style=\"width: 100%;\"><div id=\"9726d736-997a-4a0d-a6b9-f3e2a50436e8\"><\/div><\/div><\/div>"
    },
    "slot-faq7-answer": {
      "components": [
        "7626b4b1-cbb8-4fe8-bee5-c8ad29f0b8f5"
      ],
      "grid": "<div class=\"scs-row\"><div class=\"scs-col\" style=\"width: 100%;\"><div id=\"7626b4b1-cbb8-4fe8-bee5-c8ad29f0b8f5\"><\/div><\/div><\/div>"
    },
    "slot-faq8-answer": {
      "components": [
        "45d66ddc-89c7-4ed2-9a19-d2585425d4ca"
      ],
      "grid": "<div class=\"scs-row\"><div class=\"scs-col\" style=\"width: 100%;\"><div id=\"45d66ddc-89c7-4ed2-9a19-d2585425d4ca\"><\/div><\/div><\/div>"
    },
    "slot-faq2-answer": {
      "components": [
        "67b7513e-c06e-4862-9755-17588442e6ca"
      ],
      "grid": "<div class=\"scs-row\"><div class=\"scs-col\" style=\"width: 100%;\"><div id=\"67b7513e-c06e-4862-9755-17588442e6ca\"><\/div><\/div><\/div>"
    },
    "slot-faq3-answer": {
      "components": [
        "6a15e55a-1f4c-4586-80c7-c0648ff2707b"
      ],
      "grid": "<div class=\"scs-row\"><div class=\"scs-col\" style=\"width: 100%;\"><div id=\"6a15e55a-1f4c-4586-80c7-c0648ff2707b\"><\/div><\/div><\/div>"
    },
    "slot-faq4-question": {
      "components": [
        "30d79b74-a402-4838-b3fc-18314e178ab5"
      ],
      "grid": "<div class=\"scs-row\"><div class=\"scs-col\" style=\"width: 100%;\"><div id=\"30d79b74-a402-4838-b3fc-18314e178ab5\"><\/div><\/div><\/div>"
    },
    "slot-faq5-question": {
      "components": [
        "764c5dc1-af03-45a0-8f78-b61b2f7cdbf2"
      ],
      "grid": "<div class=\"scs-row\"><div class=\"scs-col\" style=\"width: 100%;\"><div id=\"764c5dc1-af03-45a0-8f78-b61b2f7cdbf2\"><\/div><\/div><\/div>"
    },
    "slot-faq6-question": {
      "components": [
        "d0557d93-2262-4391-afd2-d03e09bda14d"
      ],
      "grid": "<div class=\"scs-row\"><div class=\"scs-col\" style=\"width: 100%;\"><div id=\"d0557d93-2262-4391-afd2-d03e09bda14d\"><\/div><\/div><\/div>"
    },
    "slot-faq7-question": {
      "components": [
        "658d9804-fc88-4280-820f-2adfc84edca7"
      ],
      "grid": "<div class=\"scs-row\"><div class=\"scs-col\" style=\"width: 100%;\"><div id=\"658d9804-fc88-4280-820f-2adfc84edca7\"><\/div><\/div><\/div>"
    },
    "slot-faq8-question": {
      "components": [
        "eec98a63-5911-4f51-9d7d-a8268ef48d7a"
      ],
      "grid": "<div class=\"scs-row\"><div class=\"scs-col\" style=\"width: 100%;\"><div id=\"eec98a63-5911-4f51-9d7d-a8268ef48d7a\"><\/div><\/div><\/div>"
    }
  },
  "componentInstances": {
    "fb24fbed-93fe-465c-bd82-6dc559bf869b": {
      "type": "scs-title",
      "data": {
        "alignment": "fill",
        "backgroundColor": "transparent",
        "borderColor": "#000000",
        "borderRadius": 0,
        "borderStyle": "",
        "borderWidth": 0,
        "fontColor": "#333333",
        "fontFamily": "\"Helvetica Neue\", Helvetica, Arial, sans-serif",
        "fontSize": 24,
        "marginBottom": 5,
        "marginLeft": 5,
        "marginRight": 5,
        "marginTop": 5,
        "styleClass": "",
        "useStyleClass": "true",
        "userText": "<p style=\"text-align: center;\"><span style=\"font-size:24px\">Personal<\/span><\/p>\n\n<p style=\"text-align: center;\"><span style=\"font-size:48px\">$5<\/span><br \/>\n<span style=\"font-size:16px\">per month<\/span><\/p>\n",
        "width": 400
      }
    },
    "ff3c0e6e-5504-4080-8771-7fa4fa6c4cdb": {
      "type": "scs-paragraph",
      "data": {
        "alignment": "fill",
        "backgroundColor": "transparent",
        "borderColor": "#000000",
        "borderRadius": "",
        "borderStyle": "",
        "borderWidth": "",
        "fontColor": "#333333",
        "fontFamily": "\"Helvetica Neue\", Helvetica, Arial, sans-serif",
        "fontSize": 16,
        "marginBottom": 5,
        "marginLeft": 5,
        "marginRight": 5,
        "marginTop": 5,
        "styleClass": "",
        "useStyleClass": "true",
        "userText": "<ul>\n\t<li>10 users<\/li>\n\t<li>30 GB storage<\/li>\n<\/ul>\n",
        "width": 400
      }
    },
    "0d181de1-f616-4def-b200-7f5e06c00b03": {
      "type": "scs-title",
      "data": {
        "alignment": "fill",
        "backgroundColor": "transparent",
        "borderColor": "#000000",
        "borderRadius": "",
        "borderStyle": "",
        "borderWidth": "",
        "fontColor": "#333333",
        "fontFamily": "\"Helvetica Neue\", Helvetica, Arial, sans-serif",
        "fontSize": 24,
        "marginBottom": 5,
        "marginLeft": 5,
        "marginRight": 5,
        "marginTop": 5,
        "styleClass": "",
        "useStyleClass": "true",
        "userText": "<h2 style=\"text-align: center;\"><span style=\"font-size:24px\">Professional<\/span><\/h2>\n\n<p style=\"text-align: center;\"><span style=\"font-size:48px\">$10<\/span><br \/>\n<span style=\"font-size:16px\">per month<\/span><\/p>\n",
        "width": 400
      }
    },
    "36f2d682-df85-4f44-a68b-fb3e20d29634": {
      "type": "scs-paragraph",
      "data": {
        "alignment": "fill",
        "backgroundColor": "transparent",
        "borderColor": "#000000",
        "borderRadius": "",
        "borderStyle": "",
        "borderWidth": "",
        "fontColor": "#333333",
        "fontFamily": "\"Helvetica Neue\", Helvetica, Arial, sans-serif",
        "fontSize": 16,
        "marginBottom": 5,
        "marginLeft": 5,
        "marginRight": 5,
        "marginTop": 5,
        "styleClass": "",
        "useStyleClass": "true",
        "userText": "<ul>\n\t<li>10 users<\/li>\n\t<li>30 GB storage<\/li>\n\t<li>Email priority support<\/li>\n\t<li>Free update<\/li>\n<\/ul>\n",
        "width": 400
      }
    },
    "9b8fa9df-a5e1-442a-b7a0-49e7981b91e3": {
      "type": "scs-button",
      "data": {
        "alignment": "center",
        "backgroundColor": "#ff8c00",
        "backgroundColorHover": "#ffa500",
        "borderColor": "#ff8c00",
        "borderColorHover": "#ffa500",
        "borderRadius": 4,
        "borderStyle": "solid",
        "borderWidth": 2,
        "fontColor": "#ffffff",
        "fontColorHover": "#ffffff",
        "fontFamily": "",
        "fontSize": 14,
        "height": 0,
        "href": "[!--$SCS_PAGE--]500[\/!--$SCS_PAGE--]",
        "linkType": "scs-link-sitepage",
        "marginBottom": 5,
        "marginLeft": 5,
        "marginRight": 5,
        "marginTop": 5,
        "styleClass": "elevate-button-primary",
        "target": "",
        "text": "\ufeffStart free trial",
        "title": "",
        "useStyleClass": "true",
        "width": 0
      }
    },
    "c2946c0f-4ca1-48c6-b5fd-5c6af1649a99": {
      "type": "scs-title",
      "data": {
        "alignment": "fill",
        "backgroundColor": "transparent",
        "borderColor": "#000000",
        "borderRadius": "",
        "borderStyle": "",
        "borderWidth": "",
        "fontColor": "#333333",
        "fontFamily": "\"Helvetica Neue\", Helvetica, Arial, sans-serif",
        "fontSize": 24,
        "marginBottom": 5,
        "marginLeft": 5,
        "marginRight": 5,
        "marginTop": 5,
        "styleClass": "",
        "useStyleClass": "true",
        "userText": "<h2 style=\"text-align: center;\"><span style=\"font-size:24px\">Business<\/span><\/h2>\n\n<p style=\"text-align: center;\"><span style=\"font-size:48px\">$25<\/span><br \/>\n<span style=\"font-size:16px\">per month<\/span><\/p>\n",
        "width": 400
      }
    },
    "0388b4d3-11ea-472e-b665-8f1800de6aec": {
      "type": "scs-paragraph",
      "data": {
        "alignment": "fill",
        "backgroundColor": "transparent",
        "borderColor": "#000000",
        "borderRadius": "",
        "borderStyle": "",
        "borderWidth": "",
        "fontColor": "#333333",
        "fontFamily": "\"Helvetica Neue\", Helvetica, Arial, sans-serif",
        "fontSize": 16,
        "marginBottom": 5,
        "marginLeft": 5,
        "marginRight": 5,
        "marginTop": 5,
        "styleClass": "",
        "useStyleClass": "true",
        "userText": "<ul>\n\t<li>Unlimited users<\/li>\n\t<li>100 GB storage<\/li>\n\t<li>Email priority support<\/li>\n\t<li>Free update<\/li>\n\t<li>24\/7 support<\/li>\n<\/ul>\n",
        "width": 400
      }
    },
    "11ba3a86-0d00-46a1-97cc-70fde5affeec": {
      "type": "scs-button",
      "data": {
        "alignment": "center",
        "backgroundColor": "#ff8c00",
        "backgroundColorHover": "#ffa500",
        "borderColor": "#ff8c00",
        "borderColorHover": "#ffa500",
        "borderRadius": 4,
        "borderStyle": "solid",
        "borderWidth": 2,
        "fontColor": "#ffffff",
        "fontColorHover": "#ffffff",
        "fontFamily": "",
        "fontSize": 14,
        "height": 0,
        "href": "[!--$SCS_PAGE--]500[\/!--$SCS_PAGE--]",
        "linkType": "scs-link-sitepage",
        "marginBottom": 5,
        "marginLeft": 5,
        "marginRight": 5,
        "marginTop": 5,
        "styleClass": "elevate-button-primary",
        "target": "",
        "text": "Start free trial\ufeff",
        "title": "",
        "useStyleClass": "true",
        "width": 0
      }
    },
    "4c807258-a770-4e0e-9c0a-d86399b76153": {
      "type": "scs-title",
      "data": {
        "alignment": "fill",
        "backgroundColor": "transparent",
        "borderColor": "#000000",
        "borderRadius": 0,
        "borderStyle": "",
        "borderWidth": 0,
        "fontColor": "#333333",
        "fontFamily": "\"Helvetica Neue\", Helvetica, Arial, sans-serif",
        "fontSize": 24,
        "marginBottom": 5,
        "marginLeft": 5,
        "marginRight": 5,
        "marginTop": 5,
        "styleClass": "elevate-pricing-title",
        "useStyleClass": "true",
        "userText": "<p class=\"scs-title-none\">30 day <span style=\"color:#ec6952\">FREE<\/span> trial with all plans!<\/p>\n",
        "width": 400
      }
    },
    "a9f014a2-0275-498f-8ca8-1d88f12f3c80": {
      "type": "scs-paragraph",
      "data": {
        "alignment": "fill",
        "backgroundColor": "transparent",
        "borderColor": "#000000",
        "borderRadius": 0,
        "borderStyle": "",
        "borderWidth": 0,
        "fontColor": "#333333",
        "fontFamily": "\"Helvetica Neue\", Helvetica, Arial, sans-serif",
        "fontSize": 16,
        "marginBottom": 5,
        "marginLeft": 5,
        "marginRight": 5,
        "marginTop": 5,
        "styleClass": "elevate-promo-intro",
        "useStyleClass": "true",
        "userText": "<p style=\"text-align: center;\"><span style=\"color:#FFFFFF\">&nbsp;Our pricing is simple and you can cancel or change your plan at any time.&nbsp;&nbsp;<\/span><\/p>\n",
        "width": 400
      }
    },
    "e5ff0012-a239-46cc-8fa5-bc187ab2bc36": {
      "type": "scs-paragraph",
      "data": {
        "alignment": "fill",
        "backgroundColor": "transparent",
        "borderColor": "#808080",
        "borderRadius": 0,
        "borderStyle": "none",
        "borderWidth": 1,
        "fontColor": "#333333",
        "fontFamily": "\"Helvetica Neue\", Helvetica, Arial, sans-serif",
        "fontSize": 16,
        "marginBottom": 5,
        "marginLeft": 5,
        "marginRight": 5,
        "marginTop": 5,
        "styleClass": "elevate-faq-item-answer",
        "useStyleClass": "true",
        "userText": "<p>Anim pariatur cliche reprehenderit, enim eiusmod high life&nbsp;accusamus terry richardson ad squid. 3 wolf moon officia&nbsp;aute, non cupidatat skateboard dolor brunch. Food truck&nbsp;quinoa nesciunt laborum eiusmod. Brunch 3 wolf moon tempor,&nbsp;sunt aliqua put a bird on it squid single-origin coffee&nbsp;nulla assumenda shoreditch et. Nihil anim keffiyeh&nbsp;helvetica, craft beer labore wes anderson cred nesciunt&nbsp;sapiente ea proident. Ad vegan excepteur butcher vice lomo.&nbsp;Leggings occaecat craft beer farm-to-table, raw denim&nbsp;aesthetic synth nesciunt you probably haven&#39;t heard of them&nbsp;accusamus labore sustainable VHS.&nbsp;<\/p>\n",
        "width": 400
      }
    },
    "ea2ce2f4-ff51-4005-ad5b-f9f99dea07e8": {
      "type": "scs-title",
      "data": {
        "alignment": "fill",
        "backgroundColor": "transparent",
        "borderColor": "#808080",
        "borderRadius": 0,
        "borderStyle": "none",
        "borderWidth": 1,
        "fontColor": "#333333",
        "fontFamily": "\"Helvetica Neue\", Helvetica, Arial, sans-serif",
        "fontSize": 24,
        "marginBottom": 5,
        "marginLeft": 5,
        "marginRight": 5,
        "marginTop": 5,
        "styleClass": "elevate-why-item-title",
        "useStyleClass": "true",
        "userText": "<h2 style=\"font-family: 'Helvetica Neue', Helvetica, Arial, sans-serif; color: rgb(255, 255, 255); text-align: center;\">Ready to promote your product online?<\/h2>\n",
        "width": 400
      }
    },
    "303c3f6c-410d-4431-bf79-7b2caed5a37d": {
      "type": "scs-paragraph",
      "data": {
        "alignment": "fill",
        "backgroundColor": "transparent",
        "borderColor": "#808080",
        "borderRadius": 0,
        "borderStyle": "none",
        "borderWidth": 1,
        "fontColor": "#333333",
        "fontFamily": "\"Helvetica Neue\", Helvetica, Arial, sans-serif",
        "fontSize": 16,
        "marginBottom": 5,
        "marginLeft": 5,
        "marginRight": 5,
        "marginTop": 5,
        "styleClass": "elevate-why-item-content",
        "useStyleClass": "true",
        "userText": "<p style=\"text-align: center;\"><span style=\"color:rgb(255, 255, 255); font-family:helvetica neue,helvetica,arial,sans-serif\">More than&nbsp;<\/span><span style=\"color:rgb(255, 140, 0); font-family:helvetica neue,helvetica,arial,sans-serif\">300,000&nbsp;<\/span><span style=\"color:rgb(255, 255, 255); font-family:helvetica neue,helvetica,arial,sans-serif\">users are using Elevate<\/span><\/p>\n",
        "width": 400
      }
    },
    "5b1e49f0-6550-4111-8814-3f36c56681fb": {
      "type": "scs-button",
      "data": {
        "alignment": "center",
        "backgroundColor": "#ffa500",
        "backgroundColorHover": "#ff8c00",
        "borderColor": "#ffa500",
        "borderColorHover": "#ff8c00",
        "borderRadius": 4,
        "borderStyle": "solid",
        "borderWidth": 2,
        "fontColor": "#ffffff",
        "fontColorHover": "#ffffff",
        "fontFamily": "\"Helvetica Neue\", Helvetica, Arial, sans-serif",
        "fontSize": 14,
        "height": 0,
        "href": "[!--$SCS_PAGE--]500[\/!--$SCS_PAGE--]",
        "linkType": "scs-link-sitepage",
        "marginBottom": 5,
        "marginLeft": 5,
        "marginRight": 5,
        "marginTop": 5,
        "styleClass": "elevate-button-primary",
        "target": "_self",
        "text": "Get Elevate Now",
        "title": "",
        "useStyleClass": "true",
        "width": 0
      }
    },
    "ad9aeabd-8714-406d-99e8-4403a29be7a8": {
      "type": "scs-title",
      "data": {
        "alignment": "fill",
        "backgroundColor": "transparent",
        "borderColor": "#808080",
        "borderRadius": 0,
        "borderStyle": "none",
        "borderWidth": 1,
        "fontColor": "#333333",
        "fontFamily": "\"Helvetica Neue\", Helvetica, Arial, sans-serif",
        "fontSize": 24,
        "marginBottom": 5,
        "marginLeft": 5,
        "marginRight": 5,
        "marginTop": 5,
        "styleClass": "elevate-faq-item-title",
        "useStyleClass": "true",
        "userText": "<p>Can I viverra sit amet quam eget lacinia?<\/p>\n",
        "width": 400
      }
    },
    "8edea980-5245-428e-86da-5fedf74fe820": {
      "type": "scs-paragraph",
      "data": {
        "alignment": "fill",
        "backgroundColor": "transparent",
        "borderColor": "#808080",
        "borderRadius": 0,
        "borderStyle": "none",
        "borderWidth": 1,
        "fontColor": "#333333",
        "fontFamily": "\"Helvetica Neue\", Helvetica, Arial, sans-serif",
        "fontSize": 16,
        "marginBottom": 5,
        "marginLeft": 5,
        "marginRight": 5,
        "marginTop": 5,
        "styleClass": "elevate-faq-item-answer",
        "useStyleClass": "true",
        "userText": "<p>Anim pariatur cliche reprehenderit, enim eiusmod high life accusamus terry richardson ad squid. 3 wolf moon officia aute, non cupidatat skateboard dolor brunch. Food truck quinoa nesciunt laborum eiusmod. Brunch 3 wolf moon tempor, sunt aliqua put a bird on it squid single-origin coffee nulla assumenda shoreditch et. Nihil anim keffiyeh helvetica, craft beer labore wes anderson cred nesciunt sapiente ea proident. Ad vegan excepteur butcher vice lomo. Leggings occaecat craft beer farm-to-table, raw denim aesthetic synth nesciunt you probably haven&#39;t heard of them accusamus labore sustainable VHS.<\/p>\n",
        "width": 400
      }
    },
    "4edca207-9b4b-488f-8b0e-31bc1b0801cf": {
      "type": "scs-paragraph",
      "data": {
        "alignment": "fill",
        "backgroundColor": "transparent",
        "borderColor": "#808080",
        "borderRadius": 0,
        "borderStyle": "none",
        "borderWidth": 1,
        "fontColor": "#333333",
        "fontFamily": "\"Helvetica Neue\", Helvetica, Arial, sans-serif",
        "fontSize": 16,
        "marginBottom": 5,
        "marginLeft": 5,
        "marginRight": 5,
        "marginTop": 5,
        "styleClass": "elevate-faq-item-answer",
        "useStyleClass": "true",
        "userText": "<p>Anim pariatur cliche reprehenderit, enim eiusmod high life accusamus terry richardson ad squid. 3 wolf moon officia aute, non cupidatat skateboard dolor brunch. Food truck quinoa nesciunt laborum eiusmod. Brunch 3 wolf moon tempor, sunt aliqua put a bird on it squid single-origin coffee nulla assumenda shoreditch et. Nihil anim keffiyeh helvetica, craft beer labore wes anderson cred nesciunt sapiente ea proident. Ad vegan excepteur butcher vice lomo. Leggings occaecat craft beer farm-to-table, raw denim aesthetic synth nesciunt you probably haven&#39;t heard of them accusamus labore sustainable VHS.<\/p>\n",
        "width": 400
      }
    },
    "9726d736-997a-4a0d-a6b9-f3e2a50436e8": {
      "type": "scs-paragraph",
      "data": {
        "alignment": "fill",
        "backgroundColor": "transparent",
        "borderColor": "#808080",
        "borderRadius": 0,
        "borderStyle": "none",
        "borderWidth": 1,
        "fontColor": "#333333",
        "fontFamily": "\"Helvetica Neue\", Helvetica, Arial, sans-serif",
        "fontSize": 16,
        "marginBottom": 5,
        "marginLeft": 5,
        "marginRight": 5,
        "marginTop": 5,
        "styleClass": "elevate-faq-item-answer",
        "useStyleClass": "true",
        "userText": "<p>Anim pariatur cliche reprehenderit, enim eiusmod high life accusamus terry richardson ad squid. 3 wolf moon officia aute, non cupidatat skateboard dolor brunch. Food truck quinoa nesciunt laborum eiusmod. Brunch 3 wolf moon tempor, sunt aliqua put a bird on it squid single-origin coffee nulla assumenda shoreditch et. Nihil anim keffiyeh helvetica, craft beer labore wes anderson cred nesciunt sapiente ea proident. Ad vegan excepteur butcher vice lomo. Leggings occaecat craft beer farm-to-table, raw denim aesthetic synth nesciunt you probably haven&#39;t heard of them accusamus labore sustainable VHS.<\/p>\n",
        "width": 400
      }
    },
    "7626b4b1-cbb8-4fe8-bee5-c8ad29f0b8f5": {
      "type": "scs-paragraph",
      "data": {
        "alignment": "fill",
        "backgroundColor": "transparent",
        "borderColor": "#808080",
        "borderRadius": 0,
        "borderStyle": "none",
        "borderWidth": 1,
        "fontColor": "#333333",
        "fontFamily": "\"Helvetica Neue\", Helvetica, Arial, sans-serif",
        "fontSize": 16,
        "marginBottom": 5,
        "marginLeft": 5,
        "marginRight": 5,
        "marginTop": 5,
        "styleClass": "elevate-faq-item-answer",
        "useStyleClass": "true",
        "userText": "<p>Anim pariatur cliche reprehenderit, enim eiusmod high life accusamus terry richardson ad squid. 3 wolf moon officia aute, non cupidatat skateboard dolor brunch. Food truck quinoa nesciunt laborum eiusmod. Brunch 3 wolf moon tempor, sunt aliqua put a bird on it squid single-origin coffee nulla assumenda shoreditch et. Nihil anim keffiyeh helvetica, craft beer labore wes anderson cred nesciunt sapiente ea proident. Ad vegan excepteur butcher vice lomo. Leggings occaecat craft beer farm-to-table, raw denim aesthetic synth nesciunt you probably haven&#39;t heard of them accusamus labore sustainable VHS.<\/p>\n",
        "width": 400
      }
    },
    "45d66ddc-89c7-4ed2-9a19-d2585425d4ca": {
      "type": "scs-paragraph",
      "data": {
        "alignment": "fill",
        "backgroundColor": "transparent",
        "borderColor": "#808080",
        "borderRadius": 0,
        "borderStyle": "none",
        "borderWidth": 1,
        "fontColor": "#333333",
        "fontFamily": "\"Helvetica Neue\", Helvetica, Arial, sans-serif",
        "fontSize": 16,
        "marginBottom": 5,
        "marginLeft": 5,
        "marginRight": 5,
        "marginTop": 5,
        "styleClass": "elevate-faq-item-answer",
        "useStyleClass": "true",
        "userText": "<p>Anim pariatur cliche reprehenderit, enim eiusmod high life accusamus terry richardson ad squid. 3 wolf moon officia aute, non cupidatat skateboard dolor brunch. Food truck quinoa nesciunt laborum eiusmod. Brunch 3 wolf moon tempor, sunt aliqua put a bird on it squid single-origin coffee nulla assumenda shoreditch et. Nihil anim keffiyeh helvetica, craft beer labore wes anderson cred nesciunt sapiente ea proident. Ad vegan excepteur butcher vice lomo. Leggings occaecat craft beer farm-to-table, raw denim aesthetic synth nesciunt you probably haven&#39;t heard of them accusamus labore sustainable VHS.<\/p>\n",
        "width": 400
      }
    },
    "67b7513e-c06e-4862-9755-17588442e6ca": {
      "type": "scs-paragraph",
      "data": {
        "alignment": "fill",
        "backgroundColor": "transparent",
        "borderColor": "#808080",
        "borderRadius": 0,
        "borderStyle": "none",
        "borderWidth": 1,
        "fontColor": "#333333",
        "fontFamily": "\"Helvetica Neue\", Helvetica, Arial, sans-serif",
        "fontSize": 16,
        "marginBottom": 5,
        "marginLeft": 5,
        "marginRight": 5,
        "marginTop": 5,
        "styleClass": "elevate-faq-item-answer",
        "useStyleClass": "true",
        "userText": "<p>Anim pariatur cliche reprehenderit, enim eiusmod high life accusamus terry richardson ad squid. 3 wolf moon officia aute, non cupidatat skateboard dolor brunch. Food truck quinoa nesciunt laborum eiusmod. Brunch 3 wolf moon tempor, sunt aliqua put a bird on it squid single-origin coffee nulla assumenda shoreditch et. Nihil anim keffiyeh helvetica, craft beer labore wes anderson cred nesciunt sapiente ea proident. Ad vegan excepteur butcher vice lomo. Leggings occaecat craft beer farm-to-table, raw denim aesthetic synth nesciunt you probably haven&#39;t heard of them accusamus labore sustainable VHS.<\/p>\n",
        "width": 400
      }
    },
    "6a15e55a-1f4c-4586-80c7-c0648ff2707b": {
      "type": "scs-paragraph",
      "data": {
        "alignment": "fill",
        "backgroundColor": "transparent",
        "borderColor": "#808080",
        "borderRadius": 0,
        "borderStyle": "none",
        "borderWidth": 1,
        "fontColor": "#333333",
        "fontFamily": "\"Helvetica Neue\", Helvetica, Arial, sans-serif",
        "fontSize": 16,
        "marginBottom": 5,
        "marginLeft": 5,
        "marginRight": 5,
        "marginTop": 5,
        "styleClass": "elevate-faq-item-answer",
        "useStyleClass": "true",
        "userText": "<p>Anim pariatur cliche reprehenderit, enim eiusmod high life accusamus terry richardson ad squid. 3 wolf moon officia aute, non cupidatat skateboard dolor brunch. Food truck quinoa nesciunt laborum eiusmod. Brunch 3 wolf moon tempor, sunt aliqua put a bird on it squid single-origin coffee nulla assumenda shoreditch et. Nihil anim keffiyeh helvetica, craft beer labore wes anderson cred nesciunt sapiente ea proident. Ad vegan excepteur butcher vice lomo. Leggings occaecat craft beer farm-to-table, raw denim aesthetic synth nesciunt you probably haven&#39;t heard of them accusamus labore sustainable VHS.<\/p>\n",
        "width": 400
      }
    },
    "00c4ae8f-0578-4dd6-a6b6-1ff5c15365d9": {
      "type": "scs-title",
      "data": {
        "alignment": "fill",
        "backgroundColor": "transparent",
        "borderColor": "#808080",
        "borderRadius": 0,
        "borderStyle": "none",
        "borderWidth": 1,
        "fontColor": "#333333",
        "fontFamily": "\"Helvetica Neue\", Helvetica, Arial, sans-serif",
        "fontSize": 24,
        "marginBottom": 5,
        "marginLeft": 5,
        "marginRight": 5,
        "marginTop": 5,
        "styleClass": "elevate-faq-item-title",
        "useStyleClass": "true",
        "userText": "<p>What is the ipsum dolor sit amet quam tortor?<\/p>\n",
        "width": 400
      }
    },
    "f674a7d8-3e89-4651-8da8-c7ee6b4d7569": {
      "type": "scs-title",
      "data": {
        "alignment": "fill",
        "backgroundColor": "transparent",
        "borderColor": "#808080",
        "borderRadius": 0,
        "borderStyle": "none",
        "borderWidth": 1,
        "fontColor": "#333333",
        "fontFamily": "\"Helvetica Neue\", Helvetica, Arial, sans-serif",
        "fontSize": 24,
        "marginBottom": 5,
        "marginLeft": 5,
        "marginRight": 5,
        "marginTop": 5,
        "styleClass": "elevate-faq-item-title",
        "useStyleClass": "true",
        "userText": "<p>How does the morbi quam tortor work?<\/p>\n",
        "width": 400
      }
    },
    "30d79b74-a402-4838-b3fc-18314e178ab5": {
      "type": "scs-title",
      "data": {
        "alignment": "fill",
        "backgroundColor": "transparent",
        "borderColor": "#808080",
        "borderRadius": 0,
        "borderStyle": "none",
        "borderWidth": 1,
        "fontColor": "#333333",
        "fontFamily": "\"Helvetica Neue\", Helvetica, Arial, sans-serif",
        "fontSize": 24,
        "marginBottom": 5,
        "marginLeft": 5,
        "marginRight": 5,
        "marginTop": 5,
        "styleClass": "elevate-faq-item-title",
        "useStyleClass": "true",
        "userText": "<p>Can I ipsum dolor sit amet nascetur ridiculus?<\/p>\n",
        "width": 400
      }
    },
    "764c5dc1-af03-45a0-8f78-b61b2f7cdbf2": {
      "type": "scs-title",
      "data": {
        "alignment": "fill",
        "backgroundColor": "transparent",
        "borderColor": "#808080",
        "borderRadius": 0,
        "borderStyle": "none",
        "borderWidth": 1,
        "fontColor": "#333333",
        "fontFamily": "\"Helvetica Neue\", Helvetica, Arial, sans-serif",
        "fontSize": 24,
        "marginBottom": 5,
        "marginLeft": 5,
        "marginRight": 5,
        "marginTop": 5,
        "styleClass": "elevate-faq-item-title",
        "useStyleClass": "true",
        "userText": "<p>Is it possible to tellus eget auctor condimentum?<\/p>\n",
        "width": 400
      }
    },
    "d0557d93-2262-4391-afd2-d03e09bda14d": {
      "type": "scs-title",
      "data": {
        "alignment": "fill",
        "backgroundColor": "transparent",
        "borderColor": "#808080",
        "borderRadius": 0,
        "borderStyle": "none",
        "borderWidth": 1,
        "fontColor": "#333333",
        "fontFamily": "\"Helvetica Neue\", Helvetica, Arial, sans-serif",
        "fontSize": 24,
        "marginBottom": 5,
        "marginLeft": 5,
        "marginRight": 5,
        "marginTop": 5,
        "styleClass": "elevate-faq-item-title",
        "useStyleClass": "true",
        "userText": "<p>Would it elementum turpis semper imperdiet?<\/p>\n",
        "width": 400
      }
    },
    "658d9804-fc88-4280-820f-2adfc84edca7": {
      "type": "scs-title",
      "data": {
        "alignment": "fill",
        "backgroundColor": "transparent",
        "borderColor": "#808080",
        "borderRadius": 0,
        "borderStyle": "none",
        "borderWidth": 1,
        "fontColor": "#333333",
        "fontFamily": "\"Helvetica Neue\", Helvetica, Arial, sans-serif",
        "fontSize": 24,
        "marginBottom": 5,
        "marginLeft": 5,
        "marginRight": 5,
        "marginTop": 5,
        "styleClass": "elevate-faq-item-title",
        "useStyleClass": "true",
        "userText": "<p>How can I imperdiet lorem sem non nisl?<\/p>\n",
        "width": 400
      }
    },
    "eec98a63-5911-4f51-9d7d-a8268ef48d7a": {
      "type": "scs-title",
      "data": {
        "alignment": "fill",
        "backgroundColor": "transparent",
        "borderColor": "#808080",
        "borderRadius": 0,
        "borderStyle": "none",
        "borderWidth": 1,
        "fontColor": "#333333",
        "fontFamily": "\"Helvetica Neue\", Helvetica, Arial, sans-serif",
        "fontSize": 24,
        "marginBottom": 5,
        "marginLeft": 5,
        "marginRight": 5,
        "marginTop": 5,
        "styleClass": "elevate-faq-item-title",
        "useStyleClass": "true",
        "userText": "<p>Can I imperdiet massa ut?<\/p>\n",
        "width": 400
      }
    },
    "45c003dd-a5cb-45da-9bd9-d357e81b453e": {
      "type": "scs-button",
      "data": {
        "alignment": "left",
        "backgroundColor": "#DDDDDD",
        "backgroundColorHover": "#EEEEEE",
        "borderColor": "#808080",
        "borderColorHover": "#2222DD",
        "borderRadius": 0,
        "borderStyle": "solid",
        "borderWidth": 1,
        "fontColor": "#000000",
        "fontColorHover": "#2222DD",
        "fontFamily": "\"Helvetica Neue\", Helvetica, Arial, sans-serif",
        "fontSize": 14,
        "height": 0,
        "href": "[!--$SCS_PAGE--]500[\/!--$SCS_PAGE--]",
        "linkType": "scs-link-sitepage",
        "marginBottom": 5,
        "marginLeft": 5,
        "marginRight": 5,
        "marginTop": 5,
        "styleClass": "elevate-button-primary",
        "target": "_self",
        "text": "Start free trial",
        "title": "",
        "useStyleClass": "true",
        "width": 0
      }
    },
    "635e5870-b350-49fd-be8e-fdddcf76e9cb": {
      "type": "scs-spacer",
      "data": "Spacer"
    }
  }
}