{"properties":{"title":null,"pageLayout":"about.html","pageDescription":null,"keywords":null,"hideFromSearchEngines":false},"slots":{"slot-about-header":{"components":["12a2c7ef-b8c5-4b1f-b242-307167c6d475"],"grid":"<div class=\"scs-row\"><div class=\"scs-col\" style=\"width: 100%;\"><div id=\"12a2c7ef-b8c5-4b1f-b242-307167c6d475\"></div></div></div>"},"slot-about-content":{"components":["4d740410-7759-45be-9c6d-52fdc5271873"],"grid":"<div class=\"scs-row\"><div class=\"scs-col\" style=\"width: 100%;\"><div id=\"4d740410-7759-45be-9c6d-52fdc5271873\"></div></div></div>"},"slot-about-team-header":{"components":["55f8095f-4942-4cec-859a-04e10332e145"],"grid":"<div class=\"scs-row\"><div class=\"scs-col\" style=\"width: 100%;\"><div id=\"55f8095f-4942-4cec-859a-04e10332e145\"></div></div></div>"},"slot-about-team-image-1":{"components":["d8eac3e0-6b31-48df-87c4-0261f02a8682"],"grid":"<div class=\"scs-row\"><div class=\"scs-col\" style=\"width: 100%;\"><div id=\"d8eac3e0-6b31-48df-87c4-0261f02a8682\"></div></div></div>"},"slot-about-team-info-1":{"components":["a0dfe287-febe-410b-82b6-1949a26f5f3a"],"grid":"<div class=\"scs-row\"><div class=\"scs-col\" style=\"width: 100%;\"><div id=\"a0dfe287-febe-410b-82b6-1949a26f5f3a\"></div></div></div>"},"slot-about-team-image-2":{"components":["7df3c606-d086-4583-abe0-94676d1d7e21"],"grid":"<div class=\"scs-row\"><div class=\"scs-col\" style=\"width: 100%;\"><div id=\"7df3c606-d086-4583-abe0-94676d1d7e21\"></div></div></div>"},"slot-about-team-image-3":{"components":["3edb63ce-9573-4ac3-88f2-a39d131610f5"],"grid":"<div class=\"scs-row\"><div class=\"scs-col\" style=\"width: 100%;\"><div id=\"3edb63ce-9573-4ac3-88f2-a39d131610f5\"></div></div></div>"},"slot-about-team-image-4":{"components":["92368978-284d-4d85-833a-33a2c6904094"],"grid":"<div class=\"scs-row\"><div class=\"scs-col\" style=\"width: 100%;\"><div id=\"92368978-284d-4d85-833a-33a2c6904094\"></div></div></div>"},"slot-about-team-image-5":{"components":["a989d1dc-4b47-427d-b50f-b5579c6b8358"],"grid":"<div class=\"scs-row\"><div class=\"scs-col\" style=\"width: 100%;\"><div id=\"a989d1dc-4b47-427d-b50f-b5579c6b8358\"></div></div></div>"},"slot-about-team-image-6":{"components":["f45a8ce7-4b5d-4aef-be2b-18121a3ddb96"],"grid":"<div class=\"scs-row\"><div class=\"scs-col\" style=\"width: 100%;\"><div id=\"f45a8ce7-4b5d-4aef-be2b-18121a3ddb96\"></div></div></div>"},"slot-about-team-info-2":{"components":["a07da60d-7f0e-4ee0-ba11-a1428a036e30"],"grid":"<div class=\"scs-row\"><div class=\"scs-col\" style=\"width: 100%;\"><div id=\"a07da60d-7f0e-4ee0-ba11-a1428a036e30\"></div></div></div>"},"slot-about-team-info-3":{"components":["331cbdc5-50fd-451d-9a66-1614bc47892d"],"grid":"<div class=\"scs-row\"><div class=\"scs-col\" style=\"width: 100%;\"><div id=\"331cbdc5-50fd-451d-9a66-1614bc47892d\"></div></div></div>"},"slot-about-team-info-4":{"components":["9d226051-279a-4b0f-9fb7-3254505a1bce"],"grid":"<div class=\"scs-row\"><div class=\"scs-col\" style=\"width: 100%;\"><div id=\"9d226051-279a-4b0f-9fb7-3254505a1bce\"></div></div></div>"},"slot-about-team-info-5":{"components":["c866290c-5ec7-4526-86b9-a25a034a17b9","41b1fb1e-dbed-4b2c-a4a6-c21712eab62b"],"grid":"<div class=\"scs-row\"><div class=\"scs-col\" style=\"width: 100%;\"><div id=\"c866290c-5ec7-4526-86b9-a25a034a17b9\"></div></div></div>"},"slot-about-team-info-6":{"components":["b80b4606-f31c-45bd-830a-42a2286d3ffe"],"grid":"<div class=\"scs-row\"><div class=\"scs-col\" style=\"width: 100%;\"><div id=\"b80b4606-f31c-45bd-830a-42a2286d3ffe\"></div></div></div>"},"slot-press-kit":{"components":["f072828a-f1b4-4e72-8868-a96345ef5026","7001a9c2-afa5-4a4f-bec3-bae2b8c97359","eab7a0d5-2fe8-4ec1-9c17-bdb0d0a9012c"],"grid":"\n                <div class=\"scs-row\"><div class=\"scs-col\" style=\"width: 100%;\"><div id=\"7001a9c2-afa5-4a4f-bec3-bae2b8c97359\"></div><div id=\"f072828a-f1b4-4e72-8868-a96345ef5026\"></div><div id=\"eab7a0d5-2fe8-4ec1-9c17-bdb0d0a9012c\"></div></div></div>"}},"componentInstances":{"12a2c7ef-b8c5-4b1f-b242-307167c6d475":{"type":"scs-title","data":{"alignment":"fill","backgroundColor":"transparent","borderColor":"#808080","borderRadius":0,"borderStyle":"none","borderWidth":1,"fontColor":"#333333","fontFamily":"\"Helvetica Neue\", Helvetica, Arial, sans-serif","fontSize":24,"marginBottom":5,"marginLeft":5,"marginRight":5,"marginTop":5,"styleClass":"elevate-promo-title","useStyleClass":"true","userText":"<div style=\"text-align: center;\">Our story, our value</div>\n","width":400}},"4d740410-7759-45be-9c6d-52fdc5271873":{"type":"scs-paragraph","data":{"alignment":"fill","backgroundColor":"transparent","borderColor":"#808080","borderRadius":0,"borderStyle":"none","borderWidth":1,"fontColor":"#333333","fontFamily":"\"Helvetica Neue\", Helvetica, Arial, sans-serif","fontSize":16,"marginBottom":5,"marginLeft":5,"marginRight":5,"marginTop":5,"styleClass":"","useStyleClass":"true","userText":"<div>Tell users the story behind the product. Sed ut perspiciatis unde omnis iste natus error sit voluptatem&nbsp;accusantium doloremque laudantium, totam rem aperiam, eaque ipsa quae ab illo inventore veritatis et quasi architecto beatae vitae&nbsp;dicta sunt explicabo. Nemo enim ipsam voluptatem quia voluptas sit aspernatur aut odit aut fugit</div>\n\n<div>&nbsp;</div>\n\n<div>Lorem ipsum dolor sit amet, consectetuer adipiscing elit. Aenean commodo ligula eget dolor. Aenean massa. Cum&nbsp;sociis natoque penatibus et magnis dis parturient montes, nascetur ridiculus mus. Donec quam felis, ultricies nec, pellentesque eu,&nbsp;<a href=\"[!--$SCS_PAGE--]400[/!--$SCS_PAGE--]\" linktype=\"scs-link-sitepage\" target=\"_self\">pretium quis</a>, sem. Nulla consequat massa quis enim. Donec pede justo, fringilla vel, aliquet nec, vulputate eget,&nbsp;arcu. In enim justo, rhoncus ut, imperdiet a, venenatis vitae, justo. Nullam dictum felis eu pede mollis pretium.</div>\n\n<div>&nbsp;</div>\n\n<div class=\"scs-paragraph-style-quote\">We believe sed ut perspiciatis unde omnis iste natus error sit voluptatem accusantium&nbsp;doloremque laudantium, totam rem aperiam, eaque ipsa quae ab illo inventore veritatis et quasi architecto beatae vitae dicta sunt&nbsp;explicabo.</div>\n\n<div class=\"scs-paragraph-style-quote\">&nbsp;</div>\n","width":400}},"55f8095f-4942-4cec-859a-04e10332e145":{"type":"scs-title","data":{"alignment":"fill","backgroundColor":"transparent","borderColor":"#808080","borderRadius":0,"borderStyle":"none","borderWidth":1,"fontColor":"#333333","fontFamily":"\"Helvetica Neue\", Helvetica, Arial, sans-serif","fontSize":24,"marginBottom":5,"marginLeft":5,"marginRight":5,"marginTop":5,"styleClass":"elevate-why-item-title","useStyleClass":"true","userText":"<div style=\"text-align: center;\">Meet the team</div>\n","width":400}},"d8eac3e0-6b31-48df-87c4-0261f02a8682":{"type":"scs-image","data":{"alignment":"fill","altText":"","borderColor":"#808080","borderRadius":0,"borderStyle":"none","borderWidth":1,"caption":"","imageHref":"","imageTarget":"_self","imageUrl":"[!--$SCS_CONTENT_URL--]/member-1.png","linkType":"scs-link-no-link","marginBottom":5,"marginLeft":5,"marginRight":5,"marginTop":5,"styleClass":"","title":"","useStyleClass":"true","width":0}},"a0dfe287-febe-410b-82b6-1949a26f5f3a":{"type":"scs-paragraph","data":{"alignment":"fill","backgroundColor":"transparent","borderColor":"#808080","borderRadius":0,"borderStyle":"none","borderWidth":1,"fontColor":"#333333","fontFamily":"\"Helvetica Neue\", Helvetica, Arial, sans-serif","fontSize":16,"marginBottom":5,"marginLeft":5,"marginRight":5,"marginTop":5,"styleClass":"elevate-testimonial-content","useStyleClass":"true","userText":"<p><span style=\"color:#A9A9A9\"><span style=\"font-size:18px\">Mark Cooper</span></span><br />\n<span style=\"font-size:14px\"><span style=\"color:#FFFFFF\">Co-Founder</span></span></p>\n","width":400}},"7df3c606-d086-4583-abe0-94676d1d7e21":{"type":"scs-image","data":{"alignment":"fill","altText":"","borderColor":"#808080","borderRadius":0,"borderStyle":"none","borderWidth":1,"caption":"","imageHref":"","imageTarget":"_self","imageUrl":"[!--$SCS_CONTENT_URL--]/member-2.png","linkType":"scs-link-no-link","marginBottom":5,"marginLeft":5,"marginRight":5,"marginTop":5,"styleClass":"","title":"","useStyleClass":"true","width":0}},"3edb63ce-9573-4ac3-88f2-a39d131610f5":{"type":"scs-image","data":{"alignment":"fill","altText":"","borderColor":"#808080","borderRadius":0,"borderStyle":"none","borderWidth":1,"caption":"","imageHref":"","imageTarget":"_self","imageUrl":"[!--$SCS_CONTENT_URL--]/member-3.png","linkType":"scs-link-no-link","marginBottom":5,"marginLeft":5,"marginRight":5,"marginTop":5,"styleClass":"","title":"","useStyleClass":"true","width":0}},"92368978-284d-4d85-833a-33a2c6904094":{"type":"scs-image","data":{"alignment":"fill","altText":"","borderColor":"#808080","borderRadius":0,"borderStyle":"none","borderWidth":1,"caption":"","imageHref":"","imageTarget":"_self","imageUrl":"[!--$SCS_CONTENT_URL--]/member-4.png","linkType":"scs-link-no-link","marginBottom":5,"marginLeft":5,"marginRight":5,"marginTop":5,"styleClass":"","title":"","useStyleClass":"true","width":0}},"a989d1dc-4b47-427d-b50f-b5579c6b8358":{"type":"scs-image","data":{"alignment":"fill","altText":"","borderColor":"#808080","borderRadius":0,"borderStyle":"none","borderWidth":1,"caption":"","imageHref":"","imageTarget":"_self","imageUrl":"[!--$SCS_CONTENT_URL--]/member-5.png","linkType":"scs-link-no-link","marginBottom":5,"marginLeft":5,"marginRight":5,"marginTop":5,"styleClass":"","title":"","useStyleClass":"true","width":0}},"f45a8ce7-4b5d-4aef-be2b-18121a3ddb96":{"type":"scs-image","data":{"alignment":"fill","altText":"","borderColor":"#808080","borderRadius":0,"borderStyle":"none","borderWidth":1,"caption":"","imageHref":"","imageTarget":"_self","imageUrl":"[!--$SCS_CONTENT_URL--]/member-6.png","linkType":"scs-link-no-link","marginBottom":5,"marginLeft":5,"marginRight":5,"marginTop":5,"styleClass":"","title":"","useStyleClass":"true","width":0}},"a07da60d-7f0e-4ee0-ba11-a1428a036e30":{"type":"scs-paragraph","data":{"alignment":"fill","backgroundColor":"transparent","borderColor":"#808080","borderRadius":0,"borderStyle":"none","borderWidth":1,"fontColor":"#333333","fontFamily":"\"Helvetica Neue\", Helvetica, Arial, sans-serif","fontSize":16,"marginBottom":5,"marginLeft":5,"marginRight":5,"marginTop":5,"styleClass":"elevate-testimonial-content","useStyleClass":"true","userText":"<div><span style=\"color:#A9A9A9\"><span style=\"font-size:18px\">Jackie Tang</span></span></div>\n\n<div><span style=\"color:#FFFFFF\"><span style=\"font-size:14px\">Co-Founder</span></span></div>\n","width":400}},"331cbdc5-50fd-451d-9a66-1614bc47892d":{"type":"scs-paragraph","data":{"alignment":"fill","backgroundColor":"transparent","borderColor":"#808080","borderRadius":0,"borderStyle":"none","borderWidth":1,"fontColor":"#333333","fontFamily":"\"Helvetica Neue\", Helvetica, Arial, sans-serif","fontSize":16,"marginBottom":5,"marginLeft":5,"marginRight":5,"marginTop":5,"styleClass":"elevate-testimonial-content","useStyleClass":"true","userText":"<div><span style=\"color:#A9A9A9\"><span style=\"font-size:18px\">Anna Perry</span></span><br />\n<span style=\"color:#FFFFFF\"><span style=\"font-size:14px\">Product/UX Designer</span></span></div>\n","width":400}},"9d226051-279a-4b0f-9fb7-3254505a1bce":{"type":"scs-paragraph","data":{"alignment":"fill","backgroundColor":"transparent","borderColor":"#808080","borderRadius":0,"borderStyle":"none","borderWidth":1,"fontColor":"#333333","fontFamily":"\"Helvetica Neue\", Helvetica, Arial, sans-serif","fontSize":16,"marginBottom":5,"marginLeft":5,"marginRight":5,"marginTop":5,"styleClass":"elevate-testimonial-content","useStyleClass":"true","userText":"<div><span style=\"color:#A9A9A9\"><span style=\"font-size:18px\">Tim Robertson</span></span><br />\n<span style=\"color:#FFFFFF\"><span style=\"font-size:14px\">Back-end Developer</span></span></div>\n","width":400}},"c866290c-5ec7-4526-86b9-a25a034a17b9":{"type":"scs-paragraph","data":{"alignment":"fill","backgroundColor":"transparent","borderColor":"#808080","borderRadius":0,"borderStyle":"none","borderWidth":1,"fontColor":"#333333","fontFamily":"\"Helvetica Neue\", Helvetica, Arial, sans-serif","fontSize":16,"marginBottom":5,"marginLeft":5,"marginRight":5,"marginTop":5,"styleClass":"elevate-testimonial-content","useStyleClass":"true","userText":"<div><span style=\"color:#A9A9A9\"><span style=\"font-size:18px\">Rachel Wu</span></span><br />\n<span style=\"color:#FFFFFF\"><span style=\"font-size:14px\">Front-end Developer</span></span></div>\n","width":400}},"41b1fb1e-dbed-4b2c-a4a6-c21712eab62b":{"type":"scs-paragraph","data":{"alignment":"fill","backgroundColor":"transparent","borderColor":"#808080","borderRadius":0,"borderStyle":"none","borderWidth":1,"fontColor":"#333333","fontFamily":"\"Helvetica Neue\", Helvetica, Arial, sans-serif","fontSize":16,"marginBottom":5,"marginLeft":5,"marginRight":5,"marginTop":5,"styleClass":"elevate-testimonial-content","useStyleClass":"true","userText":"<div><span style=\"color:#A9A9A9\"><span style=\"font-size:18px\">Carl Allison</span></span><br />\n<span style=\"color:#FFFFFF\"><span style=\"font-size:14px\">Mobile Developer</span></span></div>\n","width":400}},"b80b4606-f31c-45bd-830a-42a2286d3ffe":{"type":"scs-paragraph","data":{"alignment":"fill","backgroundColor":"transparent","borderColor":"#808080","borderRadius":0,"borderStyle":"none","borderWidth":1,"fontColor":"#333333","fontFamily":"\"Helvetica Neue\", Helvetica, Arial, sans-serif","fontSize":16,"marginBottom":5,"marginLeft":5,"marginRight":5,"marginTop":5,"styleClass":"elevate-testimonial-content","useStyleClass":"true","userText":"<div><span style=\"color:#A9A9A9\"><span style=\"font-size:18px\">Carl Allison</span></span><br />\n<span style=\"color:#FFFFFF\"><span style=\"font-size:14px\">Mobile Developer</span></span></div>\n","width":400}},"f072828a-f1b4-4e72-8868-a96345ef5026":{"type":"scs-paragraph","data":{"alignment":"fill","backgroundColor":"transparent","borderColor":"#808080","borderRadius":0,"borderStyle":"none","borderWidth":1,"fontColor":"#333333","fontFamily":"\"Helvetica Neue\", Helvetica, Arial, sans-serif","fontSize":16,"marginBottom":5,"marginLeft":5,"marginRight":5,"marginTop":5,"styleClass":"elevate-why-item-content","useStyleClass":"true","userText":"<div style=\"text-align: center;\">Lorem ipsum dolor sit amet, consectetuer adipiscing elit. Aenean commodo ligula eget dolor. Aenean massa. Cum sociis natoque penatibus et magnis dis parturient montes, nascetur ridiculus mus. Donec quam felis, ultricies nec.</div>\n\n<div style=\"text-align: center;\">Please <a href=\"[!--$SCS_PAGE--]500[/!--$SCS_PAGE--]\" linktype=\"scs-link-sitepage\" target=\"_self\">contact us</a>&nbsp;if you need more materials.</div>\n","width":400}},"7001a9c2-afa5-4a4f-bec3-bae2b8c97359":{"type":"scs-title","data":{"alignment":"fill","backgroundColor":"transparent","borderColor":"#808080","borderRadius":0,"borderStyle":"none","borderWidth":1,"fontColor":"#333333","fontFamily":"\"Helvetica Neue\", Helvetica, Arial, sans-serif","fontSize":24,"marginBottom":5,"marginLeft":5,"marginRight":5,"marginTop":5,"styleClass":"elevate-why-item-title","useStyleClass":"true","userText":"<div style=\"text-align: center;\">Press Kit</div>\n","width":400}},"eab7a0d5-2fe8-4ec1-9c17-bdb0d0a9012c":{"type":"scs-button","data":{"alignment":"left","backgroundColor":"#DDDDDD","backgroundColorHover":"#EEEEEE","borderColor":"#808080","borderColorHover":"#2222DD","borderRadius":0,"borderStyle":"solid","borderWidth":1,"fontColor":"#000000","fontColorHover":"#2222DD","fontFamily":"\"Helvetica Neue\", Helvetica, Arial, sans-serif","fontSize":14,"height":0,"href":"","linkType":"scs-link-no-link","marginBottom":5,"marginLeft":5,"marginRight":5,"marginTop":5,"styleClass":"elevate-button-secondary","target":"_self","text":"﻿Download Press Kit","title":"","useStyleClass":"true","width":0}}}}