{"properties":{"title":null,"pageLayout":"contact.html","pageDescription":null,"keywords":null,"hideFromSearchEngines":false},"slots":{"slot-contact-head":{"components":["774ecf3c-93c4-49e9-94ad-2531e32e80eb","82e8c4bd-706a-4bb4-bd6e-ba985f78108b"],"grid":"<div class=\"scs-row\"><div class=\"scs-col\" style=\"width: 100%;\"><div id=\"774ecf3c-93c4-49e9-94ad-2531e32e80eb\"></div><div id=\"82e8c4bd-706a-4bb4-bd6e-ba985f78108b\"></div></div></div>"},"slot-contact-list":{"components":["aad76026-1bf5-42c4-a0c8-9b1451931d0a","2d20a3f2-4e92-492a-bbea-baf76282ccbf"],"grid":"<div class=\"scs-row\"><div class=\"scs-col\" style=\"width: 100%;\"><div id=\"aad76026-1bf5-42c4-a0c8-9b1451931d0a\"></div><div id=\"2d20a3f2-4e92-492a-bbea-baf76282ccbf\"></div></div></div>"},"slot-contact-1":{"components":["e382a56d-936a-4833-b6fd-b5eedb61d438"],"grid":"<div class=\"scs-row\"><div class=\"scs-col\" style=\"width: 100%;\"><div id=\"e382a56d-936a-4833-b6fd-b5eedb61d438\"></div></div></div>"},"slot-contact-2":{"components":["0f608887-e3d1-4b89-9fd1-abf5d338289e"],"grid":"<div class=\"scs-row\"><div class=\"scs-col\" style=\"width: 100%;\"><div id=\"0f608887-e3d1-4b89-9fd1-abf5d338289e\"></div></div></div>"},"slot-contact-3":{"components":["44e74635-1f36-4a02-a73e-b9dee1011c2e"],"grid":"<div class=\"scs-row\"><div class=\"scs-col\" style=\"width: 100%;\"><div id=\"44e74635-1f36-4a02-a73e-b9dee1011c2e\"></div></div></div>"},"slot-contact-4":{"components":["9dfa5515-82f8-47f2-a854-ff8977d8c6f1"],"grid":"<div class=\"scs-row\"><div class=\"scs-col\" style=\"width: 100%;\"><div id=\"9dfa5515-82f8-47f2-a854-ff8977d8c6f1\"></div></div></div>"},"slot-map-header":{"components":["f5bfc7fa-7b85-4bab-919d-f9edf3b4f5dd","fc5459d4-bcab-41c2-9d2a-744154ce79fe","f6ef0bd1-eed1-4009-bd1c-7c91627dbe1b"],"grid":"<div class=\"scs-row\"><div class=\"scs-col\" style=\"width: 100%;\"><div id=\"f5bfc7fa-7b85-4bab-919d-f9edf3b4f5dd\"></div><div id=\"fc5459d4-bcab-41c2-9d2a-744154ce79fe\"></div><div id=\"f6ef0bd1-eed1-4009-bd1c-7c91627dbe1b\"></div></div></div>"},"slot-cta":{"components":["96b5742a-fba9-4f1b-8967-fc5783ed55f6","07d86192-5135-49fc-9b5a-375c44a296d2","cb995597-f6ce-4eed-82b6-4c6b535553d3"],"grid":"<div class=\"scs-row\"><div class=\"scs-col\" style=\"width: 100%;\"><div id=\"96b5742a-fba9-4f1b-8967-fc5783ed55f6\"></div><div id=\"07d86192-5135-49fc-9b5a-375c44a296d2\"></div><div id=\"cb995597-f6ce-4eed-82b6-4c6b535553d3\"></div></div></div>"}},"componentInstances":{"774ecf3c-93c4-49e9-94ad-2531e32e80eb":{"type":"scs-title","data":{"alignment":"fill","backgroundColor":"","borderColor":"#808080","borderRadius":0,"borderStyle":"none","borderWidth":1,"fontColor":"#333333","fontFamily":"'Helvetica Neue', Helvetica, Arial, sans-serif","fontSize":24,"marginBottom":5,"marginLeft":5,"marginRight":5,"marginTop":5,"styleClass":"elevate-promo-title","useStyleClass":"true","userText":"<div style=\"text-align: center;\">Contact Us</div>\n","width":400}},"82e8c4bd-706a-4bb4-bd6e-ba985f78108b":{"type":"scs-paragraph","data":{"alignment":"fill","backgroundColor":"","borderColor":"#808080","borderRadius":0,"borderStyle":"none","borderWidth":1,"fontColor":"#333333","fontFamily":"'Helvetica Neue', Helvetica, Arial, sans-serif","fontSize":16,"marginBottom":5,"marginLeft":5,"marginRight":5,"marginTop":5,"styleClass":"elevate-promo-intro","useStyleClass":"true","userText":"<div style=\"text-align: center;\">We&#39;d love to hear from you. Lorem ipsum dolor sit amet, consectetur adipiscing elit.</div>\n","width":400}},"aad76026-1bf5-42c4-a0c8-9b1451931d0a":{"type":"scs-title","data":{"alignment":"fill","backgroundColor":"","borderColor":"#808080","borderRadius":0,"borderStyle":"none","borderWidth":1,"fontColor":"#333333","fontFamily":"'Helvetica Neue', Helvetica, Arial, sans-serif","fontSize":24,"marginBottom":5,"marginLeft":5,"marginRight":5,"marginTop":5,"styleClass":"elevate-why-title","useStyleClass":"true","userText":"<div style=\"text-align: center;\">Other ways to reach us</div>\n","width":400}},"2d20a3f2-4e92-492a-bbea-baf76282ccbf":{"type":"scs-paragraph","data":{"alignment":"fill","backgroundColor":"","borderColor":"#808080","borderRadius":0,"borderStyle":"none","borderWidth":1,"fontColor":"#333333","fontFamily":"'Helvetica Neue', Helvetica, Arial, sans-serif","fontSize":16,"marginBottom":5,"marginLeft":5,"marginRight":5,"marginTop":5,"styleClass":"elevate-why-intro","useStyleClass":"true","userText":"<div style=\"text-align: center;\">You can also get in touch lorem ipsum dolor sit amet. Donec ut massa consequat, bibendum metus pellentesque, pellentesque arcu.&nbsp;</div>\n","width":400}},"e382a56d-936a-4833-b6fd-b5eedb61d438":{"type":"scs-paragraph","data":{"alignment":"fill","backgroundColor":"","borderColor":"#808080","borderRadius":0,"borderStyle":"none","borderWidth":1,"fontColor":"#333333","fontFamily":"'Helvetica Neue', Helvetica, Arial, sans-serif","fontSize":16,"marginBottom":5,"marginLeft":5,"marginRight":5,"marginTop":5,"styleClass":"elevate-why-item-content","useStyleClass":"true","userText":"<div><a href=\"#\" linktype=\"scs-link-email\">hello@yourwebsite.com</a></div>\n","width":400}},"0f608887-e3d1-4b89-9fd1-abf5d338289e":{"type":"scs-paragraph","data":{"alignment":"fill","backgroundColor":"","borderColor":"#808080","borderRadius":0,"borderStyle":"none","borderWidth":1,"fontColor":"#333333","fontFamily":"'Helvetica Neue', Helvetica, Arial, sans-serif","fontSize":16,"marginBottom":5,"marginLeft":5,"marginRight":5,"marginTop":5,"styleClass":"elevate-why-item-content","useStyleClass":"true","userText":"<div><a href=\"https://twitter.com/3rdwave_media\" linktype=\"scs-link-webpage\" target=\"_blank\">@</a>Oracle</div>\n","width":400}},"44e74635-1f36-4a02-a73e-b9dee1011c2e":{"type":"scs-paragraph","data":{"alignment":"fill","backgroundColor":"","borderColor":"#808080","borderRadius":0,"borderStyle":"none","borderWidth":1,"fontColor":"#333333","fontFamily":"'Helvetica Neue', Helvetica, Arial, sans-serif","fontSize":16,"marginBottom":5,"marginLeft":5,"marginRight":5,"marginTop":5,"styleClass":"elevate-why-item-content","useStyleClass":"true","userText":"<p>0800 123 4567</p>\n","width":400}},"9dfa5515-82f8-47f2-a854-ff8977d8c6f1":{"type":"scs-paragraph","data":{"alignment":"fill","backgroundColor":"","borderColor":"#808080","borderRadius":0,"borderStyle":"none","borderWidth":1,"fontColor":"#333333","fontFamily":"'Helvetica Neue', Helvetica, Arial, sans-serif","fontSize":16,"marginBottom":5,"marginLeft":5,"marginRight":5,"marginTop":5,"styleClass":"elevate-why-item-content","useStyleClass":"true","userText":"<div>500 Oracle Parkway</div>\n\n<div>Redwood Shores</div>\n\n<div>CA 94065</div>\n\n<div>USA</div>\n","width":400}},"f5bfc7fa-7b85-4bab-919d-f9edf3b4f5dd":{"type":"scs-title","data":{"alignment":"fill","backgroundColor":"","borderColor":"#808080","borderRadius":0,"borderStyle":"none","borderWidth":1,"fontColor":"#333333","fontFamily":"'Helvetica Neue', Helvetica, Arial, sans-serif","fontSize":24,"marginBottom":5,"marginLeft":5,"marginRight":5,"marginTop":5,"styleClass":"elevate-why-title","useStyleClass":"true","userText":"<p>How to find us</p>\n","width":400}},"fc5459d4-bcab-41c2-9d2a-744154ce79fe":{"type":"scs-paragraph","data":{"alignment":"fill","backgroundColor":"","borderColor":"#808080","borderRadius":0,"borderStyle":"none","borderWidth":1,"fontColor":"#333333","fontFamily":"'Helvetica Neue', Helvetica, Arial, sans-serif","fontSize":16,"marginBottom":5,"marginLeft":5,"marginRight":5,"marginTop":5,"styleClass":"elevate-why-item-content","useStyleClass":"true","userText":"<div>Pellentesque efficitur lobortis massa eu sodales. Morbi eu ipsum euismod felis commodo porttitor quis sit amet leo. Sed lacinia eu ipsum sit amet tempus.</div>\n","width":400}},"96b5742a-fba9-4f1b-8967-fc5783ed55f6":{"type":"scs-title","data":{"alignment":"fill","backgroundColor":"","borderColor":"#808080","borderRadius":0,"borderStyle":"none","borderWidth":1,"fontColor":"#333333","fontFamily":"'Helvetica Neue', Helvetica, Arial, sans-serif","fontSize":24,"marginBottom":5,"marginLeft":5,"marginRight":5,"marginTop":5,"styleClass":"elevate-promo-title","useStyleClass":"true","userText":"<div style=\"text-align: center;\">Ready to promote your product online?</div>\n","width":400}},"07d86192-5135-49fc-9b5a-375c44a296d2":{"type":"scs-paragraph","data":{"alignment":"fill","backgroundColor":"","borderColor":"#808080","borderRadius":0,"borderStyle":"none","borderWidth":1,"fontColor":"#333333","fontFamily":"'Helvetica Neue', Helvetica, Arial, sans-serif","fontSize":16,"marginBottom":5,"marginLeft":5,"marginRight":5,"marginTop":5,"styleClass":"elevate-promo-intro","useStyleClass":"true","userText":"<div style=\"text-align: center;\">More than <span style=\"color:#FF8C00\">300,000</span> users are using Elevate</div>\n","width":400}},"cb995597-f6ce-4eed-82b6-4c6b535553d3":{"type":"scs-button","data":{"alignment":"left","backgroundColor":"#DDDDDD","backgroundColorHover":"#EEEEEE","borderColor":"#808080","borderColorHover":"#2222DD","borderRadius":0,"borderStyle":"solid","borderWidth":1,"fontColor":"#000000","fontColorHover":"#2222DD","fontFamily":"'Helvetica Neue', Helvetica, Arial, sans-serif","fontSize":14,"height":0,"href":"","linkType":"scs-link-no-link","marginBottom":5,"marginLeft":5,"marginRight":5,"marginTop":5,"styleClass":"elevate-button-primary","target":"_self","text":"﻿Get Elevate Now","title":"","useStyleClass":"true","width":0}},"f6ef0bd1-eed1-4009-bd1c-7c91627dbe1b":{"type":"scs-map","data":{"alignment":"fill","apiKey":"","borderColor":"#808080","borderRadius":0,"borderStyle":"none","borderWidth":1,"defaultMapLocation":"San Francisco, CA","height":400,"mapControls":["zoomControl","useMarker"],"mapLat":37.5313,"mapLocation":"500 Oracle Parkway, CA 94065","mapLong":-122.26109,"mapType":"roadmap","marginBottom":5,"marginLeft":5,"marginRight":5,"marginTop":5,"provider":"oracle","styleClass":"","useMarker":true,"useStyleClass":"true","width":400,"zoom":12}}}}