{"summary":{"contentTypes":["Starter-Blog-Post","Starter-Blog-Author"],"contentItems":["CONT41C5E0A4565F4DF683E8F3EC339D75C8","CONT514CDDA3486C465FB90AAA0DAA844533","CONT60B4A1F3D10147FDB7821013192D2CEF","CONT62EEA5E2AED14BC39CA41D2E070B6A47","CONT8B98BFBEDBE04D6AA64D1C42158E8AF3","CONTA3873CA49D604B45A92315A7A9032A2F","CONTA8A74F130CBF4254A459E6CBAFBA95FB","CONTB5A6949D0B314B858A118C5621F31FD4","CONTBCDFA8C32F3743B3AA4194560D8515CB","CONTC00CF2034B9B4C7085A4787C8A2A9F92","CONTE9515466D01D4D6F8F51F7104E077912","CONTEE323DF321E54595927576B8E0C9D0A2","CORE45AC1FAE02D041EEBF8F74449178964D","CORE71F203CB3A684EB49AC9F6E33E11B5EF","CORE804CCFF49933441DB7EA813F89FF998A","CORE83D375E333E5440386AE45C595FBC281","CORE8FD94CB95EF14EF587AF065981C5110F","CORE929832FEA0BA4FEE8362F636C6972C63","COREADC23A0970F7433281504D968CB29CC0","COREBAF431FB71B342F5A934A21EC5E86C93","COREC5C2FDF0E6474D33860AFDF36034FE69","CORED159E205522E4F8EB77888744FC526BD","COREDA12DDFC2F4D4A2BAE80224F054E6174","COREE8C7F41B47074011B3F80F805997C37F"]},"categoryLayoutMappings":[{"type":"Starter-Blog-Post","categoryList":[{"categoryName":"Header","layoutName":"Starter-Blog-Post-Header"},{"categoryName":"Content","layoutName":"Starter-Blog-Post-Content"},{"categoryName":"Search","layoutName":"Starter-Blog-Post-Search-Result"},{"categoryName":"Summary","layoutName":"Starter-Blog-Post-Summary"},{"categoryName":"Sidebar","layoutName":"Starter-Blog-Post-Sidebar"}]},{"type":"Starter-Blog-Author","categoryList":[{"categoryName":"Summary","layoutName":"Starter-Blog-Author-Summary"}]}],"layoutComponents":["Starter-Blog-Post-Search-Result","Starter-Blog-Post-Summary","Starter-Blog-Post-Content","Starter-Blog-Post-Header","Starter-Blog-Post-Sidebar","Starter-Blog-Author-Summary"]}