{"id":"16F12153C35C4B7C85EBAB6D7F4B4606","name":"Starter_Blog_Post","description":"","createdby":"swebcli.SitesAdmin1.admin","createddate":{"value":"2018-08-29T17:12:06.144Z","timezone":"UTC"},"updatedby":"swebcli.SitesAdmin1.admin","updateddate":{"value":"2018-08-29T17:12:06.144Z","timezone":"UTC"},"fields":[{"id":"12D14A31D6F14F8F840ADE204DE63731","name":"starter-blog-post_title","description":"Title","datatype":"text","required":true,"valuecount":"single","properties":{},"settings":{"caas":{"editor":{"name":"textbox","options":{}},"customValidators":[]}}},{"id":"9BD425F066B64F79ACB4F13547A8D4F6","name":"starter-blog-post_summary","description":"Summary","datatype":"text","required":true,"valuecount":"single","properties":{},"settings":{"caas":{"editor":{"name":"textbox","options":{}},"customValidators":[]}}},{"id":"E3FEAA9096E943F08A7759B55C0C003C","name":"starter-blog-post_author","description":"Author","datatype":"reference","required":true,"valuecount":"single","properties":{},"settings":{"caas":{"editor":{"name":"itempicker","options":{}},"customValidators":[]}},"referenceType":{"type":"Starter_Blog_Author"}},{"id":"7A086385EE084990B4478778E31B5AB4","name":"starter-blog-post_header_image","description":"Header image","datatype":"reference","required":true,"valuecount":"single","properties":{},"settings":{"caas":{"editor":{"name":"mediapicker","options":{"mediaTypes":["images"]}},"customValidators":[]}},"referenceType":{"type":"DigitalAsset"}},{"id":"B4EB116BD7674A15825BA02D0E7FFF5B","name":"starter-blog-post_content","description":"Content","datatype":"largetext","required":true,"valuecount":"single","properties":{},"settings":{"caas":{"editor":{"name":"rich-text-editor","options":{}},"customValidators":[]}}},{"id":"555DFE866CDA4A2BBD8CF499FECEF436","name":"starter-blog-post_category","description":"Category","datatype":"text","required":false,"valuecount":"single","properties":{},"settings":{"caas":{"editor":{"name":"textbox","options":{}},"customValidators":[]}}},{"id":"1D8B8B1F145449D48BF821079BA769A1","name":"starter-blog-post_download_media","description":"Download Media","datatype":"reference","required":false,"valuecount":"list","properties":{},"settings":{"caas":{"editor":{"name":"mediapicker","options":{"mediaTypes":["images","documents"]}},"customValidators":[],"valuecountRange":{"min":0,"max":null}}},"referenceType":{"type":"DigitalAsset"}}],"properties":null,"links":[{"href":"http://swebcli-oracle.slc07haq.osn.oraclecorp.com:8080/content/management/api/v1.1/types/Starter_Blog_Post?channelToken=013dec416a873924330fbd1ee85d9670","rel":"self","method":"GET","mediaType":"application/json"},{"href":"http://swebcli-oracle.slc07haq.osn.oraclecorp.com:8080/content/management/api/v1.1/types/Starter_Blog_Post?channelToken=013dec416a873924330fbd1ee85d9670","rel":"canonical","method":"GET","mediaType":"application/json"},{"href":"http://swebcli-oracle.slc07haq.osn.oraclecorp.com:8080/content/management/api/v1.1/metadata-catalog/types/Starter_Blog_Post?channelToken=013dec416a873924330fbd1ee85d9670","rel":"describedby","method":"GET","mediaType":"application/schema+json"}],"externalFile":{"folderId":"FA753731D66BFDD0B1BD84A911B81D5A56706017AEA9","fileId":"DF0453493919DC8DBC1A024B8B6DC60AC18A618CFDFC","version":"1"}}