{"id":"F90AD4032B67407F9E0C49EC33AE18D9","name":"Starter_Blog_Author","description":"","createdby":"swebcli.SitesAdmin1.admin","createddate":{"value":"2018-08-29T17:12:04.884Z","timezone":"UTC"},"updatedby":"swebcli.SitesAdmin1.admin","updateddate":{"value":"2018-08-29T17:12:04.884Z","timezone":"UTC"},"fields":[{"id":"8EF2593BA73C46AFB5FA041F48AB43E4","name":"starter-blog-author_name","description":"Name","datatype":"text","required":true,"valuecount":"single","properties":{},"settings":{"caas":{"editor":{"name":"textbox","options":{}},"customValidators":[]}}},{"id":"250882400E9C4633B9AADBEA29D9E3AC","name":"starter-blog-author_avatar","description":"Avatar","datatype":"reference","required":true,"valuecount":"single","properties":{},"settings":{"caas":{"editor":{"name":"mediapicker","options":{"mediaTypes":["images"]}},"customValidators":[]}},"referenceType":{"type":"DigitalAsset"}},{"id":"F359397BB168414992561CA3300530FA","name":"starter-blog-author_bio","description":"Bio","datatype":"text","required":true,"valuecount":"single","properties":{},"settings":{"caas":{"editor":{"name":"textbox","options":{}},"customValidators":[]}}}],"properties":null,"links":null,"externalFile":{"folderId":"F16233C5A660F298F78B40EB0B38796B30F0F9C55A97","fileId":"D02DA05990F799E9222305C62EA5F193E6A3F7CD9495","version":"1"}}