{
    "id": "html-component-id",

    "settingsData": {
        "settingsHeight":600,
        "settingsWidth": 300,
        "settingsRenderOption": "dialog",
        "componentLayouts": [],
        "triggers": [],
        "actions": []
    },
    "initialData": {
        "styleClassName": "html-component",
        "customSettingsData": {
            "Title":"Welcome",
            "Text":"Lorem ipsum dolor sit amet, consectetur adipiscing elit, sed do eiusmod tempor incididunt ut labore et dolore magna aliqua."
        },
        "nestedComponents": []
    }
}
