{
	"properties": {
		"title": "Blog Theme - Home",
		"pageLayout": "home.html",
		"pageDescription": "",
		"keywords": "",
		"hideFromSearchEngines": false,
		"header": "",
		"footer": "",
		"noIndex": false,
		"noFollow": false,
		"noArchive": false,
		"noSnippet": false,
		"isCobrowseEnabled": false
	},
	"slots": {
		"slot100": {
			"components": ["6cf17959-b488-4c7d-9e00-a13515ad4ca2100"],
			"grid": "<div class=\"scs-row\"><div class=\"scs-col\" style=\"width: 100%;\"><div id=\"6cf17959-b488-4c7d-9e00-a13515ad4ca2100\"></div></div></div>"
		},
		"post-list-id": {
			"components": ["a03d80da-6802-41b7-a0d1-eed93c0b9b0d"],
			"grid": "<div class=\"scs-row\"><div class=\"scs-col\" style=\"width: 100%;\"><div id=\"a03d80da-6802-41b7-a0d1-eed93c0b9b0d\"></div></div></div>"
		},
		"blog-search2": {
			"components": [],
			"grid": ""
		},
		"blog-search1": {
			"components": ["cc16602b-4c03-4831-8c20-a3457cd851af"],
			"grid": "<div class=\"scs-row\"><div class=\"scs-col\" style=\"width: 100%;\"><div id=\"cc16602b-4c03-4831-8c20-a3457cd851af\"></div></div></div>"
		}
	},
	"componentInstances": {
		"6cf17959-b488-4c7d-9e00-a13515ad4ca2100": {
			"type": "scs-title",
			"data": {
				"userText": "Hello Home Page"
			}
		},
		"a03d80da-6802-41b7-a0d1-eed93c0b9b0d": {
			"type": "scs-contentlist",
			"id": "scs-contentlist",
			"data": {
				"actions": "",
				"additionalItems": 2,
				"alignment": "fill",
				"autoRefreshOnSearch": true,
				"backgroundColor": "",
				"backgroundColorHover": "",
				"borderColor": "black",
				"borderColorHover": "",
				"borderRadius": 0,
				"borderStyle": "none",
				"borderWidth": 1,
				"contentTypes": ["Starter-Blog-Post"],
				"customSettingsData": "",
				"dateFilter": "all",
				"dateFilterBegin": "",
				"dateFilterEnd": "",
				"dateFilterNumber": 1,
				"dateFilterNumber2": 1,
				"dateFilterUnits": "days",
				"detailPageId": "105",
				"emptyListLayoutCategory": "None",
				"firstLabel": "",
				"fontColor": "#333333",
				"fontColorHover": "",
				"fontFamily": "'Helvetica Neue', Helvetica, Arial, sans-serif",
				"fontSize": 13,
				"lastLabel": "",
				"layoutCategory": "Summary",
				"lazyLoadClickText": "Load More...",
				"linkType": "scs-link-action",
				"loadType": "none",
				"marginBottom": 5,
				"marginLeft": 5,
				"marginRight": 5,
				"marginTop": 5,
				"maxResults": 5,
				"nextLabel": "",
				"paginationAlignment": "center",
				"prevLabel": "",
				"queryString": "",
				"sectionLayout": "",
				"sectionLayoutInstanceId": "",
				"showFirstLast": "false",
				"showPageNumbers": "true",
				"showPagination": "false",
				"showPrevNext": "true",
				"sortOrder": "name:asc",
				"styleClass": "",
				"useStyleClass": "true",
				"visible": true,
				"width": ""
			}
		},
		"cc16602b-4c03-4831-8c20-a3457cd851af": {
			"type": "scs-contentsearch",
			"id": "scs-contentsearch",
			"data": {
				"actions": "",
				"alignment": "fill",
				"backgroundColor": "",
				"borderColor": "black",
				"borderRadius": 0,
				"borderStyle": "none",
				"borderWidth": 1,
				"contentTypes": ["Starter-Blog-Post"],
				"fontColor": "",
				"fontFamily": "",
				"fontSize": 16,
				"href": "[!--$SCS_PAGE--]402[/!--$SCS_PAGE--]",
				"linkType": "scs-link-searchpage",
				"marginBottom": 5,
				"marginLeft": 5,
				"marginRight": 5,
				"marginTop": 5,
				"placeholderText": "Search",
				"showSearchIcon": true,
				"styleClass": "",
				"target": "_self",
				"useStyleClass": "true",
				"visible": true,
				"width": 0
			}
		}
	}
}