{
	"properties": {
		"title": "Blog Theme - Details",
		"pageLayout": "post-detail.html",
		"mobileLayout": "",
		"pageDescription": "",
		"keywords": "",
		"hideFromSearchEngines": false,
		"header": "",
		"footer": "",
		"noIndex": false,
		"noFollow": false,
		"noArchive": false,
		"noSnippet": false,
		"isCobrowseEnabled": false
	},
	"slots": {
		"post-id": {
			"components": ["a890a65c-c0fc-451b-966b-e606ca18a1f4", "b17940a1-eb7d-4425-96db-8b0acf68a4b0"],
			"grid": "<div class=\"scs-row\"><div class=\"scs-col\" style=\"width: 100%;\"><div id=\"a890a65c-c0fc-451b-966b-e606ca18a1f4\"></div><div id=\"b17940a1-eb7d-4425-96db-8b0acf68a4b0\"></div></div></div>"
		},
		"blog-search1": {
			"components": ["a8d90c47-2dcc-4cf3-8b8d-c2b365099944"],
			"grid": "<div class=\"scs-row\"><div class=\"scs-col\" style=\"width: 100%;\"><div id=\"a8d90c47-2dcc-4cf3-8b8d-c2b365099944\"></div></div></div>"
		}
	},
	"componentInstances": {
		"a8d90c47-2dcc-4cf3-8b8d-c2b365099944": {
			"type": "scs-contentsearch",
			"id": "scs-contentsearch",
			"data": {
				"actions": "",
				"alignment": "fill",
				"backgroundColor": "",
				"borderColor": "black",
				"borderRadius": 0,
				"borderStyle": "none",
				"borderWidth": 1,
				"contentTypes": ["Starter-Blog-Post"],
				"fontColor": "",
				"fontFamily": "",
				"fontSize": 16,
				"href": "[!--$SCS_PAGE--]402[/!--$SCS_PAGE--]",
				"linkType": "scs-link-searchpage",
				"marginBottom": 5,
				"marginLeft": 5,
				"marginRight": 5,
				"marginTop": 5,
				"placeholderText": "Search",
				"showSearchIcon": true,
				"styleClass": "",
				"target": "_self",
				"useStyleClass": "true",
				"visible": true,
				"width": 0
			}
		},
		"a890a65c-c0fc-451b-966b-e606ca18a1f4": {
			"type": "scs-component",
			"id": "scs-component",
			"data": {
				"actions": "",
				"alignment": "fill",
				"assets": "",
				"borderColor": "#808080",
				"borderRadius": 0,
				"borderStyle": "none",
				"borderWidth": 1,
				"componentId": "",
				"componentName": "",
				"componentFactory": "",
				"componentLayout": "",
				"contentId": "",
				"contentLayoutCategory": "Header",
				"contentPlaceholder": true,
				"contentTypes": ["Starter-Blog-Post"],
				"contentViewing": "",
				"customRenderComplete": false,
				"customSettingsData": "",
				"componentConfig": "",
				"description": "",
				"detailPageId": "",
				"height": "",
				"initialized": true,
				"isCaaSLayout": true,
				"linkType": "scs-link-action",
				"marginBottom": 5,
				"marginLeft": 5,
				"marginRight": 5,
				"marginTop": 5,
				"nestedComponents": [],
				"styleClass": "",
				"styleClassName": "",
				"seeded": true,
				"useStyleClass": "true",
				"visible": true,
				"visibleOnMobile": "",
				"visibleNestedComponents": [],
				"width": 0
			}
		},
		"b17940a1-eb7d-4425-96db-8b0acf68a4b0": {
			"type": "scs-sectionlayout",
			"id": "scs-sl-two-columns",
			"data": {
				"componentFactory": "scs-two-columns",
				"customSettingsData": {
					"behavior": "stack21",
					"columnWidth1": 70,
					"columnWidth2": 30,
					"breakpoint": 768
				},
				"components": ["ec995ff3-0a0c-4e87-b522-83b77c916050", "ba654b83-e1bd-405d-9349-6a4ca796a9be"],
				"borderColor": "#808080",
				"borderRadius": 0,
				"borderStyle": "none",
				"borderWidth": 1,
				"styleClass": "",
				"useStyleClass": "true",
				"styles": ["background-attachment:scroll", "background-color:", "background-position:left top", "background-repeat:no-repeat", "background-size:auto"]
			}
		},
		"ec995ff3-0a0c-4e87-b522-83b77c916050": {
			"type": "scs-componentgroup",
			"id": "scs-componentgroup",
			"data": {
				"allowMove": false,
				"components": ["c90bbc10-c9d8-4a54-8dd4-7a8251e8efbb"],
				"grid": "<div class=\"scs-row\"><div class=\"scs-col\" style=\"width: 100%;\"><div id=\"c90bbc10-c9d8-4a54-8dd4-7a8251e8efbb\"></div></div></div>"
			}
		},
		"ba654b83-e1bd-405d-9349-6a4ca796a9be": {
			"type": "scs-componentgroup",
			"id": "scs-componentgroup",
			"data": {
				"allowMove": false,
				"components": ["f12691e1-79ab-4d1f-a8b9-3af8c638dd26"],
				"grid": "<div class=\"scs-row\"><div class=\"scs-col\" style=\"width: 100%;\"><div id=\"f12691e1-79ab-4d1f-a8b9-3af8c638dd26\"></div></div></div>"
			}
		},
		"c90bbc10-c9d8-4a54-8dd4-7a8251e8efbb": {
			"type": "scs-component",
			"id": "scs-component",
			"data": {
				"actions": "",
				"alignment": "fill",
				"assets": "",
				"borderColor": "#808080",
				"borderRadius": 0,
				"borderStyle": "none",
				"borderWidth": 1,
				"componentId": "",
				"componentName": "",
				"componentFactory": "",
				"componentLayout": "",
				"contentId": "",
				"contentLayoutCategory": "Content",
				"contentPlaceholder": true,
				"contentTypes": ["Starter-Blog-Post"],
				"contentViewing": "",
				"customRenderComplete": false,
				"customSettingsData": "",
				"componentConfig": "",
				"description": "",
				"detailPageId": "",
				"height": "",
				"initialized": true,
				"isCaaSLayout": true,
				"linkType": "scs-link-action",
				"marginBottom": 5,
				"marginLeft": 5,
				"marginRight": 5,
				"marginTop": 5,
				"nestedComponents": [],
				"styleClass": "",
				"styleClassName": "",
				"seeded": true,
				"useStyleClass": "true",
				"visible": true,
				"visibleOnMobile": "",
				"visibleNestedComponents": [],
				"width": 0
			}
		},
		"f12691e1-79ab-4d1f-a8b9-3af8c638dd26": {
			"type": "scs-component",
			"id": "scs-component",
			"data": {
				"actions": "",
				"alignment": "fill",
				"assets": "",
				"borderColor": "#808080",
				"borderRadius": 0,
				"borderStyle": "none",
				"borderWidth": 1,
				"componentId": "",
				"componentName": "",
				"componentFactory": "",
				"componentLayout": "",
				"contentId": "",
				"contentLayoutCategory": "Sidebar",
				"contentPlaceholder": true,
				"contentTypes": ["Starter-Blog-Post"],
				"contentViewing": "",
				"customRenderComplete": false,
				"customSettingsData": "",
				"componentConfig": "",
				"description": "",
				"detailPageId": "",
				"height": "",
				"initialized": true,
				"isCaaSLayout": true,
				"linkType": "scs-link-action",
				"marginBottom": 5,
				"marginLeft": 5,
				"marginRight": 5,
				"marginTop": 5,
				"nestedComponents": [],
				"styleClass": "",
				"styleClassName": "",
				"seeded": true,
				"useStyleClass": "true",
				"visible": true,
				"visibleOnMobile": "",
				"visibleNestedComponents": [],
				"width": 0
			}
		}
	}
}