{"properties":{"title":"Search page","pageLayout":"home.html","mobileLayout":"","pageDescription":"","keywords":"","hideFromSearchEngines":false,"header":"","footer":"","noIndex":false,"noFollow":false,"noArchive":false,"noSnippet":false,"isCobrowseEnabled":false,"overrideWebAnalytics":false,"webAnalyticsScript":null},"slots":{"blog-search2":{"components":["fdfd0392-e901-48f6-8044-36803c836aa1"],"grid":"<div class=\"scs-row\"><div class=\"scs-col\" style=\"width: 100%;\"><div id=\"fdfd0392-e901-48f6-8044-36803c836aa1\"></div></div></div>"},"post-list-id":{"components":["ba9f3711-4367-444e-ae38-71289fc10e73","ac605211-cb59-4ba3-8e92-45d0c59a5089"],"grid":"<div class=\"scs-row\"><div class=\"scs-col\" style=\"width: 100%;\"><div id=\"ac605211-cb59-4ba3-8e92-45d0c59a5089\"></div></div></div><div class=\"scs-row\"><div class=\"scs-col\" style=\"width: 100%;\"><div id=\"ba9f3711-4367-444e-ae38-71289fc10e73\"></div></div></div>"},"blog-search1":{"components":[],"grid":""}},"componentInstances":{"ba9f3711-4367-444e-ae38-71289fc10e73":{"type":"scs-contentlist","id":"scs-contentlist","data":{"actions":"","additionalItems":2,"alignment":"fill","autoRefreshOnSearch":true,"backgroundColor":"","backgroundColorHover":"","borderColor":"black","borderColorHover":"","borderRadius":0,"borderStyle":"none","borderWidth":1,"contentTypes":["Starter-Blog-Post"],"customSettingsData":"","dateFilter":"all","dateFilterBegin":"","dateFilterEnd":"","dateFilterNumber":1,"dateFilterNumber2":1,"dateFilterUnits":"days","detailPageId":"","emptyListLayoutCategory":"None","firstLabel":"","fontColor":"#333333","fontColorHover":"","fontFamily":"'Helvetica Neue', Helvetica, Arial, sans-serif","fontSize":13,"lastLabel":"","layoutCategory":"Search","lazyLoadClickText":"Load More...","linkType":"scs-link-action","loadType":"none","marginBottom":5,"marginLeft":5,"marginRight":5,"marginTop":5,"maxResults":10,"nextLabel":"","paginationAlignment":"center","prevLabel":"","queryString":"","renderOnAccess":true,"sectionLayout":"","sectionLayoutInstanceId":"","showFirstLast":"false","showPageNumbers":"true","showPagination":"false","showPrevNext":"true","sortOrder":"name:asc","styleClass":"","useStyleClass":"true","visible":true,"width":""}},"ac605211-cb59-4ba3-8e92-45d0c59a5089":{"type":"scs-contentsearch","id":"scs-contentsearch","data":{"placeholderText":"Search"}}}}