{
    "properties": {
        "title": "Authors",
        "pageLayout": "authors.html",
        "mobileLayout": "",
        "pageDescription": "",
        "keywords": "",
        "hideFromSearchEngines": false,
        "header": "",
        "footer": "",
        "noIndex": false,
        "noFollow": false,
        "noArchive": false,
        "noSnippet": false,
        "isCobrowseEnabled": false
    },
    "slots": {
        "post-list-id": {
            "components": ["cbe74e8e-7383-4a41-9a78-94b2dfcb8970"],
            "grid": "<div class=\"scs-row\"><div class=\"scs-col\" style=\"width: 100%;\"><div id=\"cbe74e8e-7383-4a41-9a78-94b2dfcb8970\"></div></div></div>"
        },
        "blog-search1": {
            "components": [],
            "grid": ""
        }
    },
    "componentInstances": {
        "a8a89d0a-3312-4dbb-80a4-65571570c5c6": {
            "type": "scs-contentlist",
            "id": "scs-contentlist",
            "data": {
                "actions": "",
                "additionalItems": 2,
                "alignment": "fill",
                "autoRefreshOnSearch": true,
                "backgroundColor": "",
                "backgroundColorHover": "",
                "borderColor": "black",
                "borderColorHover": "",
                "borderRadius": 0,
                "borderStyle": "none",
                "borderWidth": 1,
                "contentTypes": ["Starter-Blog-Post"],
                "customSettingsData": "",
                "dateFilter": "all",
                "dateFilterBegin": "",
                "dateFilterEnd": "",
                "dateFilterNumber": 1,
                "dateFilterNumber2": 1,
                "dateFilterUnits": "days",
                "detailPageId": "",
                "emptyListLayoutCategory": "None",
                "firstItem": 0,
                "firstLabel": "",
                "fontColor": "#333333",
                "fontColorHover": "",
                "fontFamily": "'Helvetica Neue', Helvetica, Arial, sans-serif",
                "fontSize": 13,
                "lastLabel": "",
                "layoutCategory": "Summary",
                "lazyLoadClickText": "Load More...",
                "linkType": "scs-link-action",
                "loadType": "none",
                "marginBottom": 5,
                "marginLeft": 5,
                "marginRight": 5,
                "marginTop": 5,
                "maxResults": 10,
                "nextLabel": "",
                "paginationAlignment": "center",
                "prevLabel": "",
                "queryString": "",
                "sectionLayout": "",
                "sectionLayoutInstanceId": "",
                "showFirstLast": "false",
                "showPageNumbers": "true",
                "showPagination": "false",
                "showPrevNext": "true",
                "sortOrder": "name:asc",
                "styleClass": "",
                "useStyleClass": "true",
                "visible": true,
                "visibleOnMobile": "",
                "width": ""
            }
        },
        "bf728e28-12a3-4ab4-afbb-a70e6085363d": {
            "type": "scs-contentlist",
            "id": "scs-contentlist",
            "data": {
                "actions": [{
                    "triggerName": "scsContentItemSelected",
                    "actionName": "scsSetComponentProperties",
                    "actionDescription": "Refresh Component",
                    "actionComponent": "comp",
                    "actionAppId": "a8a89d0a-3312-4dbb-80a4-65571570c5c6",
                    "actionPayload": [{
                        "name": "queryString",
                        "description": "Query String",
                        "type": {
                            "ojComponent": {
                                "component": "ojInputText"
                            }
                        },
                        "value": "$payload."
                    }]
                }],
                "additionalItems": 2,
                "alignment": "fill",
                "autoRefreshOnSearch": false,
                "backgroundColor": "",
                "backgroundColorHover": "",
                "borderColor": "black",
                "borderColorHover": "",
                "borderRadius": 0,
                "borderStyle": "none",
                "borderWidth": 1,
                "contentTypes": ["Starter-Blog-Author"],
                "customSettingsData": "",
                "dateFilter": "all",
                "dateFilterBegin": "",
                "dateFilterEnd": "",
                "dateFilterNumber": 1,
                "dateFilterNumber2": 1,
                "dateFilterUnits": "days",
                "detailPageId": "",
                "emptyListLayoutCategory": "None",
                "firstItem": 0,
                "firstLabel": "",
                "fontColor": "#333333",
                "fontColorHover": "",
                "fontFamily": "'Helvetica Neue', Helvetica, Arial, sans-serif",
                "fontSize": 13,
                "lastLabel": "",
                "layoutCategory": "Summary",
                "lazyLoadClickText": "Load More...",
                "linkType": "scs-link-action",
                "loadType": "none",
                "marginBottom": 5,
                "marginLeft": 5,
                "marginRight": 5,
                "marginTop": 35,
                "maxResults": 10,
                "nextLabel": "",
                "paginationAlignment": "center",
                "prevLabel": "",
                "queryString": "",
                "sectionLayout": "",
                "sectionLayoutInstanceId": "",
                "showFirstLast": "false",
                "showPageNumbers": "true",
                "showPagination": "false",
                "showPrevNext": "true",
                "sortOrder": "name:asc",
                "styleClass": "",
                "useStyleClass": "true",
                "visible": true,
                "visibleOnMobile": "",
                "width": ""
            }
        },
        "cbe74e8e-7383-4a41-9a78-94b2dfcb8970": {
            "type": "scs-sectionlayout",
            "id": "scs-sl-two-columns",
            "data": {
                "componentFactory": "scs-two-columns",
                "customSettingsData": {
                    "behavior": "stack12",
                    "columnWidth1": 30,
                    "columnWidth2": 70,
                    "breakpoint": 600
                },
                "components": ["be840c83-703c-40ea-a45d-e52b39706027", "c9b90910-f3a2-4b3f-b855-61c93e2e5eab"],
                "borderColor": "#808080",
                "borderRadius": 0,
                "borderStyle": "none",
                "borderWidth": 1,
                "styleClass": "",
                "useStyleClass": "true",
                "styles": ["background-attachment:scroll", "background-color:", "background-position:left top", "background-repeat:no-repeat", "background-size:auto"]
            }
        },
        "be840c83-703c-40ea-a45d-e52b39706027": {
            "type": "scs-componentgroup",
            "id": "scs-componentgroup",
            "data": {
                "allowMove": false,
                "components": ["bf728e28-12a3-4ab4-afbb-a70e6085363d"],
                "grid": "<div class=\"scs-row\"><div class=\"scs-col\" style=\"width: 100%;\"><div id=\"bf728e28-12a3-4ab4-afbb-a70e6085363d\"></div></div></div>"
            }
        },
        "c9b90910-f3a2-4b3f-b855-61c93e2e5eab": {
            "type": "scs-componentgroup",
            "id": "scs-componentgroup",
            "data": {
                "allowMove": false,
                "components": ["a8a89d0a-3312-4dbb-80a4-65571570c5c6"],
                "grid": "<div class=\"scs-row\"><div class=\"scs-col\" style=\"width: 100%;\"><div id=\"a8a89d0a-3312-4dbb-80a4-65571570c5c6\"></div></div></div>"
            }
        }
    }
}