{"properties":{"title":"","pageLayout":"index.html","mobileLayout":"","pageDescription":"","keywords":"","hideFromSearchEngines":false,"header":"","footer":"","noIndex":false,"noFollow":false,"noArchive":false,"noSnippet":false,"isCobrowseEnabled":false,"overrideWebAnalytics":false,"webAnalyticsScript":null},"slots":{"slot-content":{"components":["e450e154-5fea-47b1-8e2f-186c09368761"],"grid":"<div class=\"scs-row\"><div class=\"scs-col\" style=\"width: 100%;\"><div id=\"e450e154-5fea-47b1-8e2f-186c09368761\"></div></div></div>"}},"componentInstances":{"e450e154-5fea-47b1-8e2f-186c09368761":{"type":"scs-component","id":"scs-contentplaceholder","data":{"actions":"","alignment":"fill","assets":"","borderColor":"#808080","borderRadius":0,"borderStyle":"none","borderWidth":1,"componentId":"","componentName":"","componentFactory":"","componentLayout":"","contentId":"","contentLayoutCategory":"","contentPlaceholder":true,"contentTypes":["Starter-Blog-Image"],"contentTypeCategory":"ContentType","contentViewing":"","customRenderComplete":false,"customSettingsData":"","componentConfig":"","description":"","detailPageId":"","height":"","initialized":true,"isCaaSLayout":true,"linkType":"scs-link-action","marginBottom":5,"marginLeft":5,"marginRight":5,"marginTop":5,"nestedComponents":[],"renderOnAccess":"","styleClass":"","styleClassName":"","seeded":true,"useStyleClass":"true","visible":true,"visibleOnMobile":"","visibleNestedComponents":[],"width":0}}}}