[
	{
		"name": "COMP_CONFIG_TEXT_CATEGORY_NAME",
		"list": [
			{
				"type": "scs-title",
				"id": "scs-title"
			},
			{
				"type": "scs-paragraph",
				"id": "scs-paragraph"
			}
		]
	},
	{
		"name": "COMP_CONFIG_MEDIA_CATEGORY_NAME",
		"list": [
			{
				"type" : "scs-image",
				"id": "scs-image"
			},
			{
				"type": "scs-gallery",
				"id": "scs-gallery"
			},
			{
				"type": "scs-gallerygrid",
				"id": "scs-gallerygrid"
			}
		]
	},
	{
		"name": "COMP_CONFIG_CONTENT_CATEGORY_NAME",
		"list": [
			{
				"type": "scs-document",
				"id": "scs-document"
			},
			{
				"type": "scs-button",
				"id": "scs-button"
			},
			{
				"type": "scs-map",
				"id": "scs-map"
			},
			{
				"type": "scs-divider",
				"id": "scs-divider"
			},
			{
				"type": "scs-spacer",
				"id": "scs-spacer"
			},
			{
				"type": "scs-youtube",
				"id": "scs-youtube"
			},
			{
				"type": "scs-app",
				"id": "Documents Manager"
			},
			{
				"type": "scs-app",
				"id": "Folder List"
			},
			{
				"type": "scs-app",
				"id": "File List"
			}
		]
	},
	{
		"name": "COMP_CONFIG_SOCIAL_CATEGORY_NAME",
		"list": [
			{
				"type": "scs-socialbar",
				"id": "scs-socialbar"
			}
		]
	}
]