{"summary":{"contentTypes":["Knowledge-Employee-Detail","Knowledge-Banner","Image"],"contentItems":["CORE5AA974A5AEAE4887AB9E354936016D64","CORE04FE1CC166BC4736AC48971DFD95BBCA","CORE6F30CC2318FF415FA3590E86A4342E77","COREEA767BC2D91A48C695D89C72152B8CA5","COREF5556FECC1344CAAB475D2FC471C0ABA","COREFB14C8D714E341B8923F1655BB2AD46A","CONT4B1D44C0B8EA417783658FE88D6C0AED","CONT5C00321C5240453182330A4CD718D87E","CONT6A1591ED7810451F812F2956588F0335","CONTAEF03E53E83A4D5D9292F8552D29B170","CONTF4EDD23BF55F4BDCBFFBA5A9A0DB3293","CONTE127B8D5273A4DD2B6961A5C94E388A5"]},"contentTypeMappings":[{"type":"Knowledge-Employee-Detail","categoryList":[{"categoryName":"Default","layoutName":"Knowledge-Employee-Detail"},{"categoryName":"Content List Default","layoutName":"Knowledge-Employee-overview"},{"categoryName":"Empty Content List Default","layoutName":""},{"categoryName":"Content Placeholder Default","layoutName":"Knowledge-Employee-Detail"},{"categoryName":"Content List Detailed","layoutName":"Knowledge-Employee-Detail"}],"editorList":[],"contentFormList":[]},{"type":"Knowledge-Banner","categoryList":[{"categoryName":"Default","layoutName":"Knowledge-Banner-overview"},{"categoryName":"Content List Default","layoutName":"Knowledge-Banner-overview"},{"categoryName":"Empty Content List Default","layoutName":""},{"categoryName":"Content Placeholder Default","layoutName":"Knowledge-Banner-detail"}],"editorList":[],"contentFormList":[]},{"type":"Image","categoryList":[],"editorList":[],"contentFormList":[]}],"layoutComponents":["Knowledge-Banner-detail","Knowledge-Banner-overview","Knowledge-Employee-overview","Knowledge-Employee-Detail"],"editorComponents":[],"contentFormComponents":[]}