{"properties":{"title":"","pageLayout":"index.html","mobileLayout":"","pageDescription":"","keywords":"","hideFromSearchEngines":false,"header":"","footer":"","noIndex":false,"noFollow":false,"noArchive":false,"noSnippet":false,"isCobrowseEnabled":false,"overrideWebAnalytics":false,"webAnalyticsScript":null},"slots":{"slot-content":{"components":["e6cb0611-001f-47b7-b8d3-a035ae22225c","a96d6f16-192c-43ac-b0e9-6cfebbdcfb50","bf9f8a4c-5ae3-43e8-82ff-2df1a20f6485"],"grid":"<div class=\"scs-row\"><div class=\"scs-col\" style=\"width: 100%;\"><div id=\"a96d6f16-192c-43ac-b0e9-6cfebbdcfb50\"></div><div id=\"e6cb0611-001f-47b7-b8d3-a035ae22225c\"></div><div id=\"bf9f8a4c-5ae3-43e8-82ff-2df1a20f6485\"></div></div></div>"},"logocontainer":{"components":["d5266ea9-2a86-4a4b-883a-cc2dbdc96d3e"],"grid":"<div class=\"scs-row\"><div class=\"scs-col\" style=\"width: 100%;\"><div id=\"d5266ea9-2a86-4a4b-883a-cc2dbdc96d3e\"></div></div></div>"},"navMenu":{"components":["f7b30b27-ed6f-4e81-a9ab-288168cf5621"],"grid":"<div class=\"scs-row\"><div class=\"scs-col\" style=\"width: 100%;\"><div id=\"f7b30b27-ed6f-4e81-a9ab-288168cf5621\"></div></div></div>"},"footer":{"components":["bf1adf64-6d8b-4859-aab3-963921579b02","b4af3639-c015-4c1b-968c-af095d78318b"],"grid":"<div class=\"scs-row\"><div class=\"scs-col\" style=\"width: 50%;\"><div id=\"bf1adf64-6d8b-4859-aab3-963921579b02\"></div></div><div class=\"scs-col\" style=\"width: 50%;\"><div id=\"b4af3639-c015-4c1b-968c-af095d78318b\"></div></div></div>"}},"componentInstances":{"e6cb0611-001f-47b7-b8d3-a035ae22225c":{"type":"scs-contentlist","id":"scs-contentlist","data":{"actions":"","additionalItems":2,"alignment":"fill","autoRefreshOnSearch":true,"backgroundColor":"","backgroundColorHover":"","borderColor":"black","borderColorHover":"","borderRadius":0,"borderStyle":"none","borderWidth":1,"contentTypes":["search_content_type"],"customSettingsData":"","dateFilter":"all","dateFilterBegin":"","dateFilterEnd":"","dateFilterNumber":1,"dateFilterNumber2":1,"dateFilterUnits":"days","detailPageId":"","emptyListLayoutCategory":"None","firstItem":0,"firstLabel":"","fontColor":"#333333","fontColorHover":"","fontFamily":"'Helvetica Neue', Helvetica, Arial, sans-serif","fontSize":13,"language":"","lastLabel":"","layoutCategory":"","lazyLoadClickText":"Load More...","linkType":"scs-link-action","loadType":"none","marginBottom":5,"marginLeft":5,"marginRight":5,"marginTop":5,"maxResults":10,"nextLabel":"","paginationAlignment":"center","prevLabel":"","queryString":"","sectionLayout":"","sectionLayoutInstanceId":"","showFirstLast":"false","showPageNumbers":"true","showPagination":"false","showPrevNext":"true","sortOrder":"name:asc","styleClass":"","useStyleClass":"true","visible":true,"visibleOnMobile":"","width":""}},"d5266ea9-2a86-4a4b-883a-cc2dbdc96d3e":{"type":"scs-title","id":"scs-title","data":{"alignment":"fill","backgroundColor":"","borderColor":"#808080","borderRadius":0,"borderStyle":"none","borderWidth":1,"fontColor":"#333333","fontFamily":"'Helvetica Neue', Helvetica, Arial, sans-serif","fontSize":24,"marginBottom":5,"marginLeft":5,"marginRight":5,"marginTop":5,"placeholderText":"","styleClass":"","styleClassName":"","styleClassTag":"","toolbarGroups":"","useStyleClass":"true","userText":"<div>Search Results</div>","visible":true,"visibleOnMobile":"","width":400}},"a96d6f16-192c-43ac-b0e9-6cfebbdcfb50":{"type":"scs-title","id":"scs-title","data":{"alignment":"fill","backgroundColor":"","borderColor":"#808080","borderRadius":0,"borderStyle":"none","borderWidth":1,"fontColor":"#333333","fontFamily":"'Helvetica Neue', Helvetica, Arial, sans-serif","fontSize":24,"marginBottom":5,"marginLeft":5,"marginRight":5,"marginTop":5,"placeholderText":"","styleClass":"","styleClassName":"","styleClassTag":"","toolbarGroups":"","useStyleClass":"true","userText":"<div><span style=\"font-family:Arial,Helvetica,sans-serif\"><span style=\"font-size:18px\">Matching Pages:</span></span></div>","visible":true,"visibleOnMobile":"","width":400}},"bf9f8a4c-5ae3-43e8-82ff-2df1a20f6485":{"type":"scs-title","id":"scs-title","data":{"alignment":"fill","backgroundColor":"","borderColor":"#808080","borderRadius":0,"borderStyle":"none","borderWidth":1,"fontColor":"#333333","fontFamily":"'Helvetica Neue', Helvetica, Arial, sans-serif","fontSize":24,"marginBottom":5,"marginLeft":5,"marginRight":5,"marginTop":5,"placeholderText":"","styleClass":"","styleClassName":"","styleClassTag":"","toolbarGroups":"","useStyleClass":"true","userText":"<div><span style=\"font-size:18px\"><span style=\"font-family:Arial,Helvetica,sans-serif\">Matching Documents:</span></span></div>","visible":true,"visibleOnMobile":"","width":400}},"f7b30b27-ed6f-4e81-a9ab-288168cf5621":{"type":"scs-component","id":"StarterNavMenu","data":{"actions":"","alignment":"fill","assets":"","borderColor":"#808080","borderRadius":0,"borderStyle":"none","borderWidth":1,"componentId":"starterNavMenu","componentName":"StarterNavMenu","componentFactory":"","componentLayout":"default","contentId":"","contentLayoutCategory":"","contentPlaceholder":false,"contentTypes":[],"contentViewing":"","customRenderComplete":false,"customSettingsData":{"externalSiteEnabled":false},"componentConfig":{"id":"StarterNavMenu-component","settingsData":{"settingsWidth":350,"settingsRenderOption":"dialog","componentLayouts":[],"actions":[]}},"description":"","detailPageId":"","height":"","initialized":true,"isCaaSLayout":false,"linkType":"scs-link-action","marginBottom":0,"marginLeft":0,"marginRight":0,"marginTop":0,"nestedComponents":[],"styleClass":"","styleClassName":"","seeded":true,"useStyleClass":"true","visible":true,"visibleOnMobile":"","visibleNestedComponents":[],"width":0}},"bf1adf64-6d8b-4859-aab3-963921579b02":{"type":"scs-socialbar","id":"scs-socialbar","data":{"alignment":"left","backgroundColor":"","borderColor":"#808080","borderRadius":0,"borderStyle":"none","borderWidth":1,"iconSize":24,"iconSpacing":5,"images":[{"id":"icon320382885","name":"COMP_ICON_FACEBOOK","class":"scs-facebook-icon","title":"","altText":""},{"id":"icon131811662","name":"COMP_ICON_LINKEDIN","class":"scs-linkedin-icon","title":"","altText":""},{"id":"icon486530998","name":"COMP_ICON_TWITTER","class":"scs-twitter-icon","title":"","altText":""},{"id":"icon263767943","name":"COMP_ICON_GOOGLEPLUS","class":"scs-googleplus-icon","title":"","altText":""},{"id":"icon737027322","name":"COMP_ICON_YOUTUBE","class":"scs-youtube-icon","title":"","altText":""}],"layout":"horizontal","marginBottom":5,"marginLeft":5,"marginRight":5,"marginTop":5,"styleClass":"","useStyleClass":"true","visible":true,"visibleOnMobile":""}},"b4af3639-c015-4c1b-968c-af095d78318b":{"type":"scs-title","id":"scs-title","data":{"alignment":"fill","backgroundColor":"","borderColor":"#808080","borderRadius":0,"borderStyle":"none","borderWidth":1,"fontColor":"#333333","fontFamily":"'Helvetica Neue', Helvetica, Arial, sans-serif","fontSize":24,"marginBottom":5,"marginLeft":5,"marginRight":5,"marginTop":5,"placeholderText":"","styleClass":"","styleClassName":"","styleClassTag":"","toolbarGroups":"","useStyleClass":"true","userText":"<div style=\"text-align:left\">COPYRIGHT © 2018</div>","visible":true,"visibleOnMobile":"","width":400}}}}