{"id":"Sample-Text-With-Image","settingsData":{"settingsHeight":200,"settingsWidth":300,"settingsRenderOption":"dialog","componentLayouts":[{"name":"default","displayName":"IMAGE_LEFT_LAYOUT"},{"name":"right","displayName":"IMAGE_RIGHT_LAYOUT"},{"name":"top","displayName":"IMAGE_TOP_LAYOUT"}],"styles":[{"name":"Bold","class":"sample-component-bold-style"},{"name":"Italic","class":"sample-component-italic-style"}],"triggers":[{"triggerName":"imageClicked","triggerDescription":"Image clicked","triggerPayload":[{"name":"payloadData","displayName":"Trigger Payload Data"}]}],"actions":[{"actionName":"setImageWidth","actionDescription":"Update the image width","actionPayload":[{"name":"imageWidth","description":"Image Width in pixels","type":{"ojComponent":{"component":"ojInputText"}},"value":""}]}]},"initialData":{"componentId":"Sample-Text-With-Image","componentLayout":"default","customSettingsData":{"width":"260px"}}}